Frame,GridMask...,img_backbone...,img_neck...,pts_bbox_head.get_bev_features,pts_bbox_head.get_detections...,UniADTrack.simple_test_track,PansegformerHead.forward_test,MotionHead.forward_test,OccHead.forward_test,PlanningHeadSingleMode.forward_test,velo_update...
0,8850.0,37742.0,17760.0,18272.0,27076.0,145640.0,37431.0,27499.0,18889.0,18206.0,
1,18457.0,9207.0,8240.0,19272.0,28615.0,128771.0,37147.0,17974.0,18337.0,18682.0,7743.0
2,8191.0,17373.0,8561.0,17941.0,18570.0,107506.0,27494.0,7796.0,19273.0,7427.0,8597.0
3,7906.0,28276.0,8855.0,19399.0,18714.0,119180.0,27377.0,17132.0,18965.0,7259.0,8690.0
4,8371.0,27302.0,9016.0,18133.0,18197.0,136599.0,28029.0,18095.0,17900.0,104871.0,9171.0
5,9267.0,28268.0,7649.0,18211.0,28303.0,138243.0,28798.0,18374.0,28886.0,56840.0,7803.0
6,8725.0,28265.0,8570.0,27228.0,8955.0,118978.0,19829.0,28022.0,28823.0,56434.0,8578.0
7,7587.0,26696.0,9298.0,18932.0,18997.0,129737.0,19437.0,17678.0,19005.0,46569.0,8609.0
8,9117.0,18997.0,8196.0,17586.0,17501.0,107796.0,19262.0,18823.0,18548.0,38307.0,7676.0
9,8941.0,19065.0,8613.0,17644.0,8933.0,100741.0,29708.0,19205.0,19074.0,28312.0,7576.0
10,8024.0,19039.0,8701.0,18282.0,18919.0,109989.0,18548.0,19522.0,19175.0,18871.0,8050.0
11,8488.0,28114.0,8466.0,17761.0,18758.0,119786.0,17680.0,17707.0,19286.0,18524.0,8012.0
12,8361.0,17953.0,8955.0,18128.0,18820.0,98140.0,28325.0,18980.0,18075.0,8499.0,8555.0
13,8797.0,18383.0,9372.0,18450.0,9309.0,100801.0,19388.0,18425.0,19072.0,8664.0,8209.0
14,8120.0,17606.0,9069.0,18876.0,17876.0,108269.0,18625.0,28707.0,18374.0,9092.0,9206.0
15,8414.0,18523.0,8525.0,17790.0,19407.0,101121.0,37806.0,18696.0,19208.0,9199.0,9249.0
16,8969.0,18806.0,8824.0,29020.0,19429.0,132596.0,27519.0,18012.0,18397.0,8250.0,9824.0
17,8155.0,19919.0,8140.0,18784.0,18652.0,128632.0,29347.0,18865.0,18858.0,38414.0,8631.0
18,7871.0,7409.0,18392.0,18528.0,9000.0,88189.0,29107.0,9082.0,18211.0,38173.0,8720.0
19,9005.0,18231.0,9293.0,18574.0,19303.0,110982.0,18815.0,18526.0,28820.0,69363.0,7427.0
20,8718.0,18270.0,8867.0,17850.0,18816.0,108913.0,28217.0,8092.0,17778.0,68179.0,8324.0
21,9297.0,18535.0,8287.0,17402.0,9028.0,99595.0,29676.0,9068.0,18438.0,78028.0,8059.0
22,9670.0,18785.0,9364.0,19011.0,7559.0,100675.0,28250.0,18996.0,18424.0,58381.0,7861.0
23,8153.0,8171.0,8475.0,26797.0,18013.0,97152.0,28964.0,19290.0,9927.0,57338.0,8580.0
24,8765.0,19025.0,8804.0,28539.0,18278.0,110108.0,37377.0,18777.0,19137.0,58860.0,8923.0
25,8648.0,19655.0,9065.0,18430.0,8832.0,122365.0,27757.0,9269.0,18957.0,78645.0,9328.0
26,8260.0,19039.0,8460.0,9083.0,17925.0,89524.0,38870.0,18572.0,18622.0,77661.0,8849.0
27,9395.0,18611.0,8908.0,18723.0,18435.0,101192.0,29107.0,18723.0,18607.0,59166.0,8082.0
28,8069.0,17922.0,8143.0,17956.0,18040.0,106925.0,28501.0,18079.0,19296.0,69746.0,8623.0
29,8508.0,28499.0,8563.0,17579.0,17390.0,118399.0,18892.0,18967.0,18262.0,87603.0,8881.0
30,8275.0,17223.0,9155.0,18772.0,9567.0,99645.0,29290.0,17792.0,17524.0,58719.0,8438.0
31,8349.0,7850.0,9994.0,18386.0,19011.0,100180.0,29212.0,18478.0,18728.0,48569.0,8486.0
32,8479.0,17967.0,9300.0,18912.0,19342.0,111049.0,19571.0,19232.0,17866.0,97722.0,8523.0
33,9298.0,19449.0,8588.0,18003.0,19114.0,111511.0,17863.0,17761.0,17056.0,68069.0,7895.0
34,8328.0,18002.0,9275.0,18650.0,17937.0,108855.0,17732.0,8599.0,18164.0,88826.0,8542.0
35,8618.0,18069.0,8031.0,19485.0,7449.0,98395.0,27760.0,18792.0,8696.0,48535.0,8648.0
36,7276.0,18877.0,9123.0,18563.0,8288.0,98159.0,28904.0,19208.0,9226.0,48997.0,7799.0
37,8342.0,17815.0,8894.0,18378.0,8814.0,99051.0,28394.0,7805.0,17028.0,58459.0,8627.0
38,8163.0,17958.0,8231.0,17408.0,17668.0,107108.0,18244.0,18913.0,19008.0,99677.0,8538.0
39,7683.0,19747.0,7957.0,18631.0,7971.0,89864.0,17894.0,18302.0,18566.0,18119.0,
40,8531.0,8805.0,8816.0,18337.0,18485.0,110164.0,18767.0,9021.0,9417.0,18176.0,9479.0
41,8569.0,18494.0,9402.0,18945.0,19226.0,111395.0,19093.0,18880.0,9276.0,18280.0,7968.0
42,8618.0,17303.0,8910.0,28086.0,8023.0,106972.0,28227.0,17759.0,19146.0,9384.0,7680.0
43,8598.0,28117.0,8831.0,8497.0,18057.0,108314.0,18507.0,28084.0,19144.0,9513.0,8236.0
44,8268.0,17680.0,8184.0,19029.0,9032.0,108806.0,17130.0,18526.0,18107.0,8177.0,8051.0
45,7788.0,17517.0,8699.0,18148.0,18655.0,107821.0,28465.0,18886.0,8217.0,9412.0,8185.0
46,8164.0,17972.0,9095.0,18525.0,19037.0,101056.0,28214.0,19128.0,18387.0,8512.0,8925.0
47,8837.0,8777.0,9298.0,18857.0,8326.0,91359.0,19157.0,28645.0,18676.0,8634.0,9149.0
48,8575.0,17779.0,8070.0,18674.0,7871.0,98705.0,18370.0,19104.0,9186.0,9217.0,8764.0
49,8636.0,28241.0,9627.0,18736.0,8968.0,112067.0,28902.0,8497.0,16257.0,9066.0,8214.0
50,8696.0,28053.0,8943.0,18305.0,7424.0,117721.0,17980.0,18283.0,18676.0,7814.0,8140.0
51,8444.0,18047.0,8478.0,18066.0,9382.0,108143.0,18998.0,17777.0,9095.0,8593.0,8697.0
52,8696.0,28623.0,9305.0,17659.0,17027.0,117208.0,28909.0,18579.0,8896.0,10045.0,8729.0
53,7516.0,18620.0,7280.0,17833.0,19169.0,96869.0,27835.0,17967.0,17718.0,9284.0,7878.0
54,7338.0,18318.0,8570.0,17440.0,17814.0,105311.0,18146.0,18207.0,18976.0,8649.0,8171.0
55,7208.0,19072.0,9099.0,18328.0,17932.0,97928.0,26881.0,18412.0,17965.0,19262.0,8286.0
56,8334.0,27157.0,8494.0,17935.0,18674.0,115507.0,17738.0,27675.0,17260.0,9232.0,6995.0
57,8926.0,27865.0,9013.0,7914.0,10036.0,107928.0,18052.0,17926.0,17638.0,8457.0,7993.0
58,9252.0,9074.0,9312.0,28826.0,8712.0,91941.0,27845.0,18404.0,9159.0,7368.0,7941.0
59,9118.0,18774.0,9186.0,19060.0,19227.0,101132.0,18667.0,18630.0,9164.0,8350.0,7044.0
60,7749.0,19527.0,8526.0,18126.0,9260.0,89949.0,17922.0,19141.0,18238.0,8447.0,7639.0
61,7954.0,17718.0,9185.0,18202.0,7564.0,97099.0,18611.0,17632.0,8404.0,8720.0,8461.0
62,9147.0,18731.0,9537.0,8674.0,19715.0,92275.0,27945.0,7659.0,18723.0,17128.0,7541.0
63,7951.0,17866.0,8865.0,17787.0,17830.0,98241.0,28014.0,8287.0,19234.0,7954.0,8953.0
64,8301.0,18625.0,8039.0,28089.0,8288.0,117869.0,28734.0,8097.0,28574.0,8836.0,8999.0
65,8229.0,8117.0,9097.0,28061.0,8549.0,99791.0,18805.0,19291.0,19256.0,28837.0,8729.0
66,8854.0,17891.0,9136.0,19041.0,18654.0,109208.0,27296.0,28646.0,19033.0,29822.0,7302.0
67,8103.0,17976.0,9236.0,18147.0,18903.0,119396.0,18657.0,17601.0,18321.0,8200.0,8616.0
68,8947.0,18612.0,9085.0,17901.0,18673.0,98645.0,28247.0,18178.0,7960.0,29149.0,7932.0
69,8765.0,28064.0,9229.0,18239.0,19071.0,111176.0,19285.0,17487.0,9085.0,28729.0,8441.0
70,8398.0,18185.0,8988.0,18671.0,18060.0,108111.0,28153.0,18686.0,17249.0,28552.0,7943.0
71,8444.0,18025.0,8857.0,18042.0,17740.0,108115.0,27214.0,17770.0,7810.0,17691.0,8761.0
72,8050.0,17595.0,7245.0,18488.0,18644.0,96545.0,27066.0,17624.0,9196.0,19301.0,8507.0
73,8570.0,18056.0,9289.0,18875.0,18103.0,109947.0,28560.0,19150.0,28589.0,8847.0,8699.0
74,8820.0,8648.0,17776.0,17792.0,19251.0,99320.0,18574.0,18937.0,18709.0,8988.0,9340.0
75,8997.0,8997.0,17814.0,18742.0,8938.0,108834.0,18533.0,18839.0,18702.0,8617.0,9400.0
76,8461.0,17819.0,8318.0,18111.0,9184.0,99855.0,18787.0,19022.0,9216.0,17856.0,8737.0
77,8280.0,8458.0,9138.0,18521.0,18658.0,89724.0,28219.0,9522.0,18365.0,9476.0,8865.0
78,9098.0,9040.0,9101.0,18780.0,17821.0,89717.0,18800.0,17917.0,18343.0,17891.0,7820.0
79,8773.0,8159.0,8355.0,17904.0,18846.0,80032.0,17941.0,19019.0,19244.0,7676.0,
80,8149.0,17766.0,9022.0,18283.0,18388.0,106662.0,28048.0,17713.0,17935.0,8159.0,6801.0
81,7698.0,18330.0,8222.0,18232.0,17332.0,104359.0,18566.0,18237.0,39106.0,9639.0,6746.0
82,8820.0,18331.0,7746.0,18993.0,17512.0,99312.0,19353.0,17874.0,19414.0,8581.0,8881.0
83,7973.0,17175.0,8604.0,9411.0,9878.0,106130.0,28596.0,18479.0,8706.0,8098.0,8262.0
84,9363.0,19296.0,9010.0,8466.0,18126.0,91763.0,18302.0,19072.0,19427.0,9568.0,7883.0
85,8724.0,18375.0,9102.0,19427.0,19597.0,133726.0,18646.0,28274.0,19348.0,9318.0,9122.0
86,8225.0,18986.0,8717.0,8292.0,19019.0,90875.0,28700.0,9124.0,18551.0,9749.0,8636.0
87,8242.0,18858.0,7975.0,18819.0,18376.0,100217.0,27214.0,19407.0,18101.0,9214.0,8713.0
88,9177.0,18985.0,9291.0,28366.0,18226.0,110361.0,29371.0,18783.0,29883.0,8965.0,7784.0
89,8555.0,9964.0,8235.0,19383.0,8930.0,101218.0,19180.0,9725.0,19167.0,9362.0,8349.0
90,9160.0,8685.0,9036.0,18225.0,19453.0,101116.0,28578.0,9418.0,18889.0,8638.0,9496.0
91,19465.0,19976.0,7743.0,18550.0,19341.0,111368.0,18159.0,18257.0,8482.0,18546.0,7948.0
92,8510.0,8469.0,9683.0,18723.0,7938.0,90305.0,19431.0,17877.0,9138.0,8755.0,8444.0
93,9512.0,30127.0,9447.0,7748.0,19505.0,103507.0,18859.0,18705.0,18720.0,8595.0,7813.0
94,8999.0,18300.0,18475.0,19407.0,9005.0,111473.0,27795.0,19585.0,8030.0,18810.0,7824.0
95,7931.0,19459.0,8941.0,19175.0,19603.0,112982.0,18954.0,19808.0,18898.0,8173.0,8936.0
96,8698.0,18328.0,9303.0,19059.0,18265.0,113430.0,18875.0,18059.0,17857.0,9136.0,9268.0
97,9298.0,18373.0,9548.0,18706.0,18887.0,111264.0,19295.0,19176.0,18227.0,9434.0,9040.0
98,8966.0,18050.0,8089.0,17513.0,18767.0,109628.0,18783.0,18841.0,18047.0,19130.0,9215.0
99,18273.0,9536.0,8161.0,17814.0,17721.0,108977.0,9267.0,18744.0,19368.0,9453.0,8684.0
100,8745.0,18687.0,7945.0,18806.0,8830.0,101432.0,18328.0,29791.0,9439.0,10000.0,9642.0
101,9058.0,8944.0,8606.0,17781.0,19070.0,91488.0,27660.0,18440.0,19049.0,8012.0,8447.0
102,8544.0,18213.0,8480.0,18203.0,8095.0,99781.0,28634.0,18732.0,18256.0,9424.0,8820.0
103,8863.0,18898.0,7274.0,18988.0,19204.0,111254.0,28938.0,18949.0,28908.0,9154.0,8860.0
104,8592.0,17896.0,9507.0,18877.0,19559.0,103614.0,29471.0,18969.0,17954.0,19028.0,9172.0
105,8653.0,18205.0,8743.0,18773.0,19565.0,110907.0,17850.0,19534.0,18032.0,18953.0,8202.0
106,9141.0,18739.0,7477.0,18834.0,19295.0,112154.0,28034.0,19077.0,8431.0,10121.0,8881.0
107,7660.0,28054.0,8744.0,18936.0,18032.0,119021.0,18732.0,18631.0,19690.0,18976.0,8410.0
108,8982.0,19088.0,7435.0,17978.0,19367.0,107995.0,18589.0,19783.0,28584.0,18963.0,7851.0
109,9226.0,19162.0,9196.0,18570.0,8323.0,91216.0,18746.0,19022.0,18806.0,8567.0,7625.0
110,7038.0,18971.0,8341.0,7610.0,19370.0,97785.0,19152.0,19177.0,17989.0,9385.0,8172.0
111,8924.0,19226.0,9032.0,18525.0,18099.0,99942.0,18117.0,18097.0,18849.0,9532.0,7196.0
112,8616.0,18081.0,9156.0,18946.0,9082.0,102012.0,19181.0,19304.0,8010.0,19132.0,8741.0
113,9359.0,18968.0,8905.0,18975.0,18564.0,111796.0,19291.0,18696.0,19438.0,27510.0,7876.0
114,8005.0,17586.0,8273.0,19197.0,8664.0,89173.0,28410.0,8135.0,18592.0,28739.0,8399.0
115,8719.0,18792.0,9256.0,18527.0,8473.0,111139.0,19665.0,19658.0,18567.0,38311.0,9158.0
116,8535.0,18794.0,8745.0,28576.0,9240.0,120657.0,28065.0,18700.0,18243.0,48571.0,7351.0
117,8937.0,18589.0,8333.0,18050.0,9556.0,108114.0,28079.0,18156.0,18753.0,38666.0,7481.0
118,8449.0,18508.0,9375.0,18389.0,8484.0,101654.0,29232.0,29669.0,18731.0,18953.0,9097.0
119,8137.0,19656.0,9380.0,18673.0,18500.0,93238.0,28513.0,18319.0,18650.0,48059.0,
120,8114.0,19007.0,9110.0,28217.0,18795.0,121564.0,19118.0,18896.0,18886.0,58564.0,8648.0
121,9469.0,28219.0,9277.0,18369.0,9086.0,110714.0,29120.0,9118.0,18638.0,57709.0,8371.0
122,8749.0,8524.0,8186.0,19484.0,18078.0,99195.0,18493.0,8955.0,18837.0,59303.0,8038.0
123,9256.0,18972.0,9721.0,19142.0,8590.0,104015.0,18828.0,19767.0,9411.0,59824.0,8768.0
124,9383.0,18703.0,8591.0,18029.0,18726.0,100660.0,19803.0,8674.0,19407.0,60131.0,8184.0
125,8549.0,17655.0,8557.0,8355.0,18856.0,99921.0,19300.0,18889.0,9393.0,59134.0,8758.0
126,8795.0,18177.0,9384.0,18767.0,18404.0,102031.0,19158.0,28626.0,18633.0,67940.0,8948.0
127,8738.0,18403.0,8541.0,27841.0,8876.0,109212.0,18397.0,9065.0,18139.0,38475.0,9322.0
128,8331.0,8175.0,8652.0,18033.0,18641.0,99172.0,18082.0,19188.0,8536.0,38515.0,8798.0
129,9763.0,19641.0,9184.0,18348.0,18529.0,110693.0,18756.0,8915.0,18277.0,29417.0,8367.0
130,8779.0,28262.0,7576.0,19305.0,9012.0,98609.0,19208.0,19046.0,19009.0,19015.0,7713.0
131,8198.0,7343.0,9496.0,18436.0,17245.0,88681.0,18173.0,19589.0,8698.0,8482.0,8797.0
132,8902.0,18081.0,8860.0,18749.0,9234.0,102014.0,8973.0,19277.0,19467.0,9334.0,9304.0
133,8976.0,18893.0,9514.0,19041.0,9339.0,94037.0,18294.0,18741.0,19338.0,18938.0,8908.0
134,9219.0,18103.0,9496.0,19012.0,7957.0,91484.0,19539.0,19690.0,9251.0,9422.0,7778.0
135,9337.0,28567.0,9108.0,17260.0,9192.0,109802.0,18483.0,18026.0,8777.0,9399.0,7835.0
136,8450.0,18327.0,7601.0,19109.0,9625.0,90519.0,28492.0,19350.0,19590.0,9666.0,8937.0
137,9017.0,8980.0,9327.0,18833.0,19232.0,92468.0,18463.0,18825.0,18264.0,9979.0,7574.0
138,8314.0,7767.0,7612.0,18825.0,17898.0,86599.0,18573.0,17501.0,18643.0,7781.0,8318.0
139,9562.0,9258.0,9653.0,19322.0,19325.0,93998.0,17757.0,19171.0,18493.0,9064.0,7945.0
140,8919.0,18292.0,8886.0,18324.0,8419.0,90908.0,17790.0,9216.0,19242.0,9522.0,9010.0
141,8734.0,18483.0,9135.0,19182.0,8216.0,101892.0,19322.0,17960.0,8760.0,19290.0,8960.0
142,9571.0,9183.0,9518.0,18691.0,19405.0,103480.0,18917.0,9291.0,19613.0,7663.0,8012.0
143,7982.0,18071.0,7553.0,19343.0,8651.0,88753.0,38286.0,8524.0,18037.0,8716.0,8269.0
144,8160.0,18283.0,9522.0,18719.0,18692.0,99517.0,28556.0,9506.0,18571.0,8974.0,8440.0
145,8878.0,18798.0,8469.0,18436.0,8548.0,101027.0,19245.0,9618.0,18581.0,8030.0,8978.0
146,8532.0,18379.0,8657.0,17468.0,9490.0,99700.0,18996.0,19310.0,19667.0,8764.0,8734.0
147,7751.0,19602.0,9788.0,9510.0,10135.0,92880.0,18396.0,29805.0,10101.0,9068.0,8695.0
148,18240.0,9617.0,8294.0,17983.0,18882.0,109551.0,28893.0,9088.0,18666.0,9656.0,8460.0
149,8917.0,18857.0,9895.0,9278.0,19527.0,93291.0,19205.0,18326.0,18929.0,9083.0,7842.0
150,7504.0,19337.0,8830.0,8610.0,18104.0,89154.0,18204.0,9490.0,28289.0,9724.0,8256.0
151,9038.0,18822.0,8197.0,18423.0,8522.0,89441.0,17903.0,18636.0,18757.0,9266.0,7753.0
152,8528.0,18618.0,9429.0,19214.0,19566.0,112399.0,18920.0,9531.0,19763.0,8277.0,8640.0
153,8834.0,18531.0,8955.0,18480.0,18328.0,110603.0,28541.0,17702.0,19084.0,9299.0,9052.0
154,8348.0,18497.0,9271.0,28422.0,17989.0,120204.0,27830.0,17921.0,18870.0,7698.0,8249.0
155,7874.0,19248.0,9184.0,18415.0,19635.0,111478.0,28210.0,18782.0,18389.0,8127.0,7945.0
156,8905.0,19082.0,9346.0,19205.0,8666.0,103196.0,28637.0,18729.0,8554.0,8559.0,18672.0
157,9208.0,18109.0,9129.0,8167.0,18236.0,110321.0,19313.0,19239.0,9424.0,18330.0,18408.0
158,7769.0,19436.0,8246.0,18707.0,9154.0,91285.0,19154.0,9126.0,18397.0,9673.0,
159,8868.0,18706.0,8991.0,8269.0,18089.0,89614.0,29788.0,9217.0,17968.0,9183.0,8835.0
160,9024.0,18759.0,9350.0,18230.0,18885.0,112179.0,26922.0,19936.0,29799.0,9473.0,9156.0
161,9187.0,18414.0,8216.0,19149.0,18767.0,110116.0,28006.0,19033.0,19225.0,19344.0,8053.0
162,9440.0,19134.0,8104.0,17450.0,18413.0,100125.0,18455.0,19274.0,18366.0,39498.0,8016.0
163,8735.0,18281.0,9017.0,18741.0,17609.0,100415.0,29114.0,18428.0,8551.0,79634.0,9216.0
164,8803.0,18091.0,9095.0,29069.0,8524.0,111819.0,19340.0,18315.0,19478.0,49395.0,9396.0
165,7941.0,17699.0,9616.0,19379.0,18315.0,109158.0,28933.0,18668.0,18242.0,39079.0,8593.0
166,8790.0,8518.0,9579.0,19078.0,19159.0,112624.0,28922.0,19933.0,9578.0,18741.0,10057.0
167,8613.0,18445.0,9272.0,19057.0,19018.0,100817.0,17317.0,16938.0,19535.0,9283.0,7630.0
168,8813.0,28246.0,9391.0,18606.0,19672.0,111712.0,27971.0,18888.0,19073.0,8240.0,8644.0
169,8392.0,18115.0,8696.0,17797.0,17854.0,97797.0,28532.0,18333.0,18447.0,9251.0,8576.0
170,8594.0,18375.0,18761.0,19148.0,9211.0,111702.0,18244.0,9712.0,18756.0,7518.0,9118.0
171,9135.0,19183.0,9387.0,18575.0,19493.0,124003.0,29797.0,19054.0,18967.0,9130.0,8179.0
172,9607.0,19119.0,9862.0,18837.0,8078.0,103068.0,19669.0,9268.0,28771.0,9820.0,8377.0
173,8804.0,18847.0,7966.0,19285.0,9078.0,101794.0,28181.0,19137.0,9378.0,18418.0,9429.0
174,9072.0,18866.0,9151.0,18771.0,18519.0,122774.0,29030.0,28870.0,8811.0,19121.0,9286.0
175,8653.0,18369.0,8632.0,17310.0,18759.0,109191.0,18968.0,17388.0,18768.0,17741.0,9109.0
176,7727.0,17856.0,8023.0,29467.0,8382.0,108312.0,29298.0,19812.0,8820.0,18015.0,8393.0
177,9779.0,19738.0,9439.0,18705.0,8896.0,94288.0,18944.0,18853.0,19136.0,28953.0,8250.0
178,9053.0,9054.0,8588.0,19349.0,19330.0,94341.0,18152.0,18969.0,18975.0,8196.0,9078.0
179,7526.0,9366.0,19028.0,9870.0,8133.0,81768.0,29315.0,9463.0,19546.0,8859.0,8552.0
180,9027.0,18897.0,9625.0,19083.0,9146.0,93287.0,17703.0,19235.0,19481.0,9435.0,9239.0
181,8915.0,19006.0,8937.0,8701.0,18576.0,91871.0,18361.0,19273.0,8974.0,9128.0,9371.0
182,9200.0,8849.0,18251.0,18065.0,9080.0,111775.0,17500.0,18854.0,19434.0,17817.0,9813.0
183,9122.0,18761.0,8448.0,18450.0,8752.0,90165.0,28582.0,19812.0,19712.0,8929.0,8084.0
184,8461.0,8472.0,8741.0,18317.0,19671.0,90864.0,19204.0,19486.0,9164.0,8801.0,8647.0
185,9084.0,18124.0,9194.0,18795.0,18125.0,101529.0,28142.0,18646.0,10038.0,19031.0,9009.0
186,7832.0,8903.0,8216.0,19143.0,18286.0,90041.0,29930.0,9169.0,18621.0,9375.0,8480.0
187,9396.0,9306.0,8966.0,18470.0,8037.0,92302.0,28583.0,9241.0,18752.0,8464.0,10005.0
188,9544.0,18821.0,8596.0,17737.0,16631.0,108646.0,18844.0,19067.0,8388.0,8187.0,7878.0
189,9261.0,18814.0,9469.0,18938.0,17445.0,111215.0,30005.0,8180.0,18616.0,9577.0,9279.0
190,8976.0,18606.0,9438.0,19425.0,19668.0,103656.0,17707.0,19486.0,9241.0,8863.0,8873.0
191,8164.0,9662.0,8779.0,18983.0,17997.0,102401.0,18700.0,18512.0,9774.0,9254.0,8497.0
192,9819.0,9592.0,8762.0,18206.0,19385.0,101757.0,18807.0,19273.0,19442.0,8996.0,18412.0
193,7494.0,19555.0,8352.0,7880.0,19467.0,89555.0,30104.0,8469.0,18234.0,8019.0,8197.0
194,8121.0,18120.0,8699.0,7877.0,18079.0,98699.0,27547.0,18583.0,8568.0,18708.0,8590.0
195,8501.0,18214.0,9253.0,18952.0,9433.0,93157.0,29010.0,7920.0,19773.0,8538.0,9360.0
196,8508.0,7837.0,9318.0,20144.0,9461.0,102279.0,18717.0,18184.0,17675.0,9368.0,8686.0
197,8820.0,19177.0,9156.0,18708.0,9514.0,83813.0,28309.0,18523.0,8602.0,19216.0,
198,8344.0,7984.0,9107.0,18376.0,18552.0,91414.0,19101.0,19817.0,9158.0,8524.0,9591.0
199,8918.0,19338.0,9798.0,18794.0,17949.0,102675.0,19183.0,19389.0,18986.0,8339.0,8826.0
200,8864.0,8349.0,8514.0,18446.0,9237.0,90309.0,9303.0,18593.0,8047.0,18523.0,9206.0
201,8168.0,18188.0,8369.0,9239.0,19139.0,91371.0,19234.0,19290.0,19545.0,9444.0,8636.0
202,18239.0,9800.0,9160.0,18948.0,9067.0,102273.0,19084.0,9515.0,18143.0,9800.0,8267.0
203,8603.0,8882.0,8708.0,18335.0,19460.0,101953.0,17612.0,19159.0,19676.0,8697.0,10212.0
204,8591.0,18097.0,9368.0,9151.0,9926.0,91273.0,27644.0,18591.0,8997.0,39776.0,8860.0
205,8662.0,19493.0,9324.0,9032.0,18480.0,113179.0,28940.0,8944.0,18426.0,48895.0,9305.0
206,8790.0,17926.0,7558.0,18726.0,18660.0,109663.0,18421.0,19678.0,19214.0,38629.0,8844.0
207,8586.0,8409.0,18510.0,9864.0,19218.0,102275.0,19206.0,19011.0,8923.0,39245.0,9176.0
208,8053.0,17900.0,9612.0,18910.0,8918.0,90997.0,17764.0,17727.0,8549.0,38122.0,9194.0
209,8481.0,18146.0,8673.0,18167.0,8049.0,98107.0,18866.0,8864.0,19108.0,47495.0,7558.0
210,8280.0,19209.0,8214.0,18034.0,9487.0,89859.0,27785.0,8843.0,18438.0,38485.0,8253.0
211,8542.0,28802.0,9014.0,18892.0,9150.0,112156.0,28508.0,18228.0,8991.0,39838.0,9224.0
212,8998.0,9115.0,18172.0,18778.0,8566.0,111255.0,19190.0,19662.0,18659.0,29431.0,8274.0
213,8847.0,28433.0,9156.0,7494.0,19311.0,111203.0,19560.0,18264.0,19080.0,19237.0,7708.0
214,8324.0,18010.0,8319.0,18180.0,18310.0,108334.0,29091.0,19361.0,19548.0,8407.0,9022.0
215,9648.0,19461.0,9222.0,18870.0,8997.0,104172.0,18710.0,9341.0,18346.0,8357.0,8091.0
216,8452.0,8581.0,8029.0,19212.0,8462.0,90837.0,18872.0,18030.0,19159.0,9416.0,8817.0
217,8935.0,18437.0,9312.0,19068.0,7911.0,99183.0,17934.0,18651.0,18450.0,8316.0,7387.0
218,8702.0,17842.0,18022.0,8916.0,18824.0,110817.0,18925.0,8843.0,20033.0,8509.0,8899.0
219,8697.0,28574.0,9336.0,18664.0,8504.0,112146.0,28884.0,18703.0,18503.0,9600.0,8320.0
220,8915.0,18615.0,9027.0,18509.0,17625.0,108486.0,18359.0,29097.0,9247.0,19241.0,7843.0
221,9146.0,19085.0,9101.0,18421.0,18607.0,111485.0,28447.0,8349.0,18217.0,9428.0,7597.0
222,9006.0,18717.0,7447.0,28252.0,18579.0,119888.0,19380.0,18091.0,18291.0,8652.0,8624.0
223,9306.0,28441.0,9026.0,18390.0,8377.0,110379.0,18168.0,28626.0,18221.0,7438.0,8099.0
224,9601.0,18912.0,9686.0,18806.0,19216.0,104362.0,27989.0,18160.0,18960.0,9226.0,7829.0
225,8500.0,17678.0,8190.0,18827.0,19718.0,100580.0,29020.0,18818.0,19130.0,8714.0,8994.0
226,9166.0,18716.0,7497.0,18500.0,19210.0,109021.0,28039.0,8616.0,18342.0,8350.0,8076.0
227,8657.0,18034.0,9083.0,18634.0,8965.0,101680.0,18193.0,8847.0,17102.0,9492.0,9117.0
228,9263.0,19046.0,9253.0,18587.0,17903.0,100554.0,19081.0,18214.0,8600.0,9487.0,8211.0
229,8385.0,17618.0,8826.0,18612.0,19124.0,100310.0,18996.0,19605.0,8051.0,8334.0,8885.0
230,9568.0,18269.0,8067.0,19127.0,8029.0,109862.0,27321.0,18352.0,17858.0,9148.0,9845.0
231,9469.0,19149.0,7562.0,18851.0,18238.0,111561.0,28170.0,8179.0,19239.0,9689.0,8951.0
232,9359.0,19346.0,8951.0,18349.0,8138.0,101207.0,17678.0,19562.0,8351.0,18844.0,8145.0
233,8507.0,18769.0,8829.0,18108.0,18868.0,99988.0,27784.0,7803.0,19553.0,9522.0,8084.0
234,9438.0,9195.0,10206.0,19076.0,8890.0,101887.0,17976.0,19421.0,8261.0,9313.0,7912.0
235,7692.0,29540.0,9228.0,27399.0,9900.0,111369.0,18014.0,9317.0,19016.0,18495.0,8571.0
236,8799.0,18446.0,8557.0,18345.0,9157.0,81587.0,18847.0,18018.0,19586.0,9384.0,
237,8773.0,18511.0,8529.0,17446.0,18529.0,98439.0,17905.0,18482.0,9081.0,8285.0,8825.0
238,8074.0,18421.0,8084.0,18985.0,8712.0,99780.0,17285.0,18033.0,19065.0,9182.0,8785.0
239,9221.0,19416.0,8158.0,17223.0,8906.0,99601.0,19286.0,19021.0,9278.0,17781.0,7866.0
240,8480.0,18024.0,8400.0,18620.0,7375.0,98061.0,27720.0,8988.0,18042.0,9571.0,8695.0
241,8944.0,18333.0,8305.0,17983.0,18273.0,118663.0,27942.0,19103.0,18390.0,7666.0,7874.0
242,9045.0,19186.0,8389.0,17803.0,8706.0,98728.0,27724.0,29369.0,9347.0,18619.0,7630.0
243,8418.0,27021.0,8651.0,19161.0,18353.0,120315.0,28925.0,19361.0,19177.0,8438.0,8995.0
244,7350.0,28326.0,8243.0,19163.0,7989.0,107807.0,29562.0,17860.0,9213.0,8995.0,8332.0
245,8934.0,8559.0,8403.0,19301.0,18663.0,101026.0,19158.0,19154.0,8384.0,17972.0,9750.0
246,9287.0,8836.0,9041.0,18424.0,19072.0,101930.0,19384.0,19906.0,17971.0,9199.0,7682.0
247,9071.0,9072.0,7964.0,17716.0,17757.0,89078.0,19320.0,19400.0,18741.0,9227.0,7678.0
248,8890.0,18559.0,7637.0,17965.0,18054.0,108160.0,18203.0,18340.0,8351.0,19204.0,7819.0
249,8389.0,17757.0,9539.0,29077.0,9080.0,110703.0,38920.0,17924.0,19939.0,8686.0,8691.0
250,8499.0,18707.0,9282.0,18997.0,9118.0,101306.0,18062.0,18091.0,19062.0,8791.0,8842.0
251,8911.0,18886.0,8273.0,9562.0,18323.0,101203.0,9587.0,18872.0,19397.0,8232.0,8444.0
252,9003.0,8263.0,9418.0,18720.0,18767.0,111693.0,18939.0,19037.0,18241.0,8389.0,18252.0
253,9130.0,18985.0,8777.0,8035.0,18198.0,89952.0,28819.0,18720.0,9026.0,18811.0,7518.0
254,9057.0,18855.0,8385.0,17796.0,7779.0,99695.0,19150.0,19378.0,17954.0,8753.0,9261.0
255,9170.0,19269.0,8229.0,17304.0,9397.0,99172.0,17261.0,27815.0,9340.0,19603.0,7996.0
256,18071.0,9803.0,9267.0,28150.0,17657.0,120615.0,19275.0,18244.0,8703.0,9701.0,8606.0
257,9208.0,18610.0,9226.0,18578.0,9148.0,112087.0,19258.0,19558.0,18454.0,8970.0,9846.0
258,7354.0,19173.0,18859.0,18482.0,8772.0,120090.0,19277.0,19498.0,18410.0,7993.0,8261.0
259,9245.0,8938.0,9188.0,19254.0,19956.0,103433.0,17910.0,19211.0,7534.0,18519.0,8990.0
260,9314.0,18420.0,9250.0,18778.0,18638.0,101058.0,27253.0,18157.0,8240.0,8544.0,7579.0
261,8832.0,18777.0,8720.0,18472.0,8664.0,99948.0,18187.0,18373.0,19583.0,8013.0,8729.0
262,9080.0,19088.0,7828.0,18668.0,19270.0,100793.0,17426.0,18897.0,8911.0,17713.0,7632.0
263,7600.0,19635.0,8621.0,10202.0,18994.0,110377.0,18968.0,18542.0,18559.0,9325.0,8285.0
264,8280.0,17753.0,8974.0,18336.0,8853.0,119024.0,19503.0,19281.0,8741.0,8780.0,8757.0
265,9258.0,19058.0,9270.0,28262.0,9462.0,112053.0,18419.0,17300.0,18268.0,9087.0,7878.0
266,8521.0,8732.0,9681.0,18440.0,19165.0,103048.0,18502.0,8110.0,18787.0,9209.0,8788.0
267,9289.0,18727.0,7509.0,18383.0,9512.0,99760.0,18688.0,19204.0,8502.0,19176.0,7903.0
268,8854.0,18477.0,9348.0,8870.0,18420.0,101179.0,18931.0,19614.0,9501.0,8727.0,9037.0
269,9267.0,8928.0,8531.0,17998.0,19330.0,101595.0,19761.0,18952.0,9293.0,9037.0,8231.0
270,9051.0,18904.0,8734.0,18104.0,19701.0,101684.0,29011.0,9106.0,18821.0,9420.0,7849.0
271,7644.0,17912.0,9365.0,18685.0,19036.0,100496.0,28182.0,18244.0,9936.0,18186.0,8719.0
272,9723.0,18994.0,9899.0,18657.0,8781.0,101394.0,30405.0,17653.0,19365.0,18861.0,8117.0
273,8427.0,28561.0,8699.0,8412.0,9640.0,117546.0,18951.0,17990.0,18946.0,18057.0,7120.0
274,7371.0,17561.0,8490.0,19706.0,18433.0,107720.0,18143.0,27981.0,9241.0,18855.0,8028.0
275,8945.0,18936.0,8334.0,27300.0,9199.0,110990.0,27644.0,18035.0,19485.0,17550.0,8947.0
276,7864.0,18833.0,8977.0,18624.0,8179.0,91611.0,19280.0,8209.0,29278.0,9761.0,
277,9651.0,9284.0,9404.0,18670.0,18444.0,100896.0,28116.0,18042.0,18611.0,67655.0,8454.0
278,8660.0,18202.0,8333.0,17140.0,19480.0,118390.0,18577.0,18039.0,7815.0,38364.0,17966.0
279,8997.0,18981.0,8389.0,19489.0,19491.0,101556.0,19511.0,8777.0,18368.0,47854.0,7486.0
280,8911.0,8736.0,9205.0,19078.0,18470.0,93412.0,28894.0,18909.0,18893.0,58459.0,9563.0
281,8656.0,17822.0,8551.0,18103.0,9364.0,100148.0,18060.0,7829.0,18878.0,67044.0,8948.0
282,7535.0,19156.0,7972.0,17362.0,8525.0,87710.0,28904.0,8796.0,18533.0,88854.0,8290.0
283,8539.0,18326.0,9267.0,9146.0,19058.0,90850.0,28336.0,8934.0,17892.0,90660.0,8659.0
284,7306.0,19625.0,8737.0,17835.0,7783.0,97960.0,18041.0,9657.0,9976.0,95501.0,8242.0
285,8136.0,17601.0,8754.0,8531.0,18742.0,87949.0,28673.0,18651.0,17495.0,97903.0,8108.0
286,8369.0,18138.0,8320.0,19101.0,8283.0,89472.0,27505.0,9115.0,19209.0,89056.0,8277.0
287,7438.0,18891.0,8326.0,17796.0,19211.0,107418.0,38388.0,18274.0,19199.0,128038.0,7693.0
288,8076.0,18507.0,7668.0,18464.0,18558.0,107370.0,28216.0,28415.0,19313.0,39489.0,8535.0
289,8454.0,19373.0,7964.0,18959.0,9289.0,109432.0,28623.0,18531.0,18294.0,77838.0,8496.0
290,7455.0,17247.0,9475.0,19342.0,18132.0,107339.0,18417.0,27989.0,18190.0,97732.0,7959.0
291,8681.0,8716.0,9049.0,18807.0,17575.0,90034.0,27929.0,17913.0,18319.0,78293.0,9044.0
292,8715.0,17934.0,9146.0,18339.0,9137.0,91899.0,19693.0,18795.0,17964.0,78022.0,9050.0
293,8494.0,18082.0,7821.0,19166.0,8883.0,90039.0,28437.0,9513.0,18686.0,76443.0,8584.0
294,8121.0,19094.0,7817.0,19025.0,18971.0,100157.0,28151.0,18259.0,8003.0,66297.0,8152.0
295,9474.0,8454.0,8176.0,16775.0,17022.0,97245.0,27527.0,8699.0,18573.0,75960.0,18063.0
296,8036.0,17021.0,8187.0,9099.0,18921.0,88806.0,19398.0,18078.0,9223.0,98014.0,8479.0
297,9119.0,18614.0,8957.0,8144.0,18342.0,90320.0,28445.0,18819.0,8889.0,89270.0,7575.0
298,8036.0,19474.0,8270.0,18746.0,8366.0,99062.0,27952.0,9556.0,17989.0,86867.0,8163.0
299,8424.0,17566.0,8350.0,9175.0,19494.0,91670.0,27735.0,19123.0,8435.0,68339.0,8881.0
300,8448.0,18769.0,8339.0,17945.0,9325.0,90942.0,17469.0,17896.0,8532.0,105551.0,8773.0
301,8592.0,18429.0,8926.0,8422.0,18948.0,101025.0,18748.0,18055.0,8121.0,97811.0,8961.0
302,9744.0,9437.0,9206.0,18674.0,19566.0,101346.0,29366.0,19559.0,9421.0,78209.0,8447.0
303,8003.0,19397.0,8735.0,18071.0,8215.0,98464.0,27615.0,18892.0,9112.0,106419.0,7949.0
304,7612.0,18136.0,9417.0,19392.0,9431.0,100314.0,19290.0,19095.0,8219.0,87623.0,8330.0
305,8473.0,19104.0,8794.0,18389.0,18137.0,101301.0,19122.0,9985.0,9284.0,89266.0,8961.0
306,8107.0,9236.0,9217.0,18902.0,19810.0,92839.0,17994.0,19387.0,8254.0,119399.0,8181.0
307,8291.0,8113.0,18883.0,9381.0,9107.0,90025.0,19280.0,19496.0,18204.0,88363.0,8680.0
308,9739.0,19148.0,8228.0,9319.0,18409.0,100749.0,18058.0,19674.0,9323.0,86642.0,9012.0
309,8830.0,8917.0,8363.0,18081.0,19654.0,90077.0,18605.0,18321.0,18452.0,88968.0,7372.0
310,9286.0,18360.0,8185.0,19519.0,17584.0,99243.0,17047.0,19074.0,9198.0,87553.0,7350.0
311,9043.0,18738.0,8878.0,17877.0,8548.0,90637.0,19316.0,18805.0,18447.0,116702.0,8167.0
312,8468.0,10127.0,9557.0,18620.0,8479.0,91579.0,29105.0,18686.0,18894.0,108942.0,8501.0
313,7730.0,18861.0,8713.0,17810.0,18862.0,117844.0,29361.0,18719.0,18854.0,97585.0,8277.0
314,8242.0,17894.0,9473.0,9008.0,18569.0,91233.0,18059.0,19456.0,18118.0,77493.0,8836.0
315,8829.0,28352.0,8125.0,17689.0,8746.0,99113.0,28820.0,18532.0,20330.0,139688.0,8209.0
316,8237.0,17983.0,9199.0,19166.0,9105.0,92979.0,19531.0,18171.0,19394.0,99527.0,
317,8184.0,17383.0,8513.0,17933.0,8485.0,97137.0,19039.0,9060.0,17405.0,96757.0,8691.0
318,9130.0,19380.0,8223.0,18590.0,9424.0,90850.0,28672.0,9433.0,18140.0,87396.0,8503.0
319,8687.0,18407.0,8698.0,17930.0,8672.0,100195.0,18342.0,18855.0,19294.0,49337.0,8887.0
320,9182.0,18975.0,9315.0,18728.0,8602.0,91060.0,28114.0,19315.0,9410.0,46659.0,8246.0
321,8332.0,18298.0,9465.0,8148.0,18954.0,101695.0,28932.0,28527.0,9401.0,47653.0,8848.0
322,7650.0,18833.0,8033.0,19497.0,8489.0,99402.0,18417.0,18383.0,8344.0,47596.0,7970.0
323,9801.0,9619.0,8942.0,18613.0,8155.0,91757.0,27775.0,19088.0,19045.0,48121.0,18448.0
324,9130.0,18803.0,8365.0,18197.0,8801.0,99678.0,18896.0,18555.0,8412.0,38035.0,7454.0
325,8514.0,17467.0,9499.0,19116.0,19329.0,110360.0,19002.0,19123.0,18389.0,47853.0,7433.0
326,9377.0,18720.0,7640.0,18435.0,17174.0,108138.0,19359.0,28026.0,18091.0,38152.0,8147.0
327,8177.0,8223.0,8516.0,19072.0,19178.0,111201.0,18484.0,28421.0,18202.0,19231.0,8725.0
328,7957.0,17530.0,9111.0,18208.0,9601.0,99137.0,38167.0,18698.0,18805.0,8647.0,8488.0
329,8103.0,8274.0,18151.0,19302.0,9938.0,101081.0,38306.0,8426.0,9969.0,8997.0,8775.0
330,8953.0,18228.0,7923.0,9479.0,17939.0,90047.0,27316.0,9585.0,19293.0,8295.0,8848.0
331,9087.0,18331.0,8348.0,27684.0,9406.0,109809.0,28195.0,7996.0,19126.0,18412.0,8050.0
332,9440.0,18811.0,8935.0,18461.0,18286.0,131123.0,27769.0,19027.0,19264.0,19204.0,9156.0
333,8514.0,18697.0,9003.0,18603.0,9355.0,100946.0,17394.0,8853.0,16625.0,6716.0,9340.0
334,9323.0,18715.0,8257.0,18839.0,8969.0,100627.0,19257.0,18478.0,9129.0,8616.0,7817.0
335,8981.0,19344.0,9164.0,8484.0,19186.0,91958.0,18334.0,18000.0,19340.0,19331.0,9052.0
336,7642.0,17607.0,7563.0,18596.0,18717.0,117019.0,28078.0,19486.0,9096.0,28137.0,8510.0
337,7220.0,18879.0,9341.0,8827.0,18261.0,100267.0,19523.0,19090.0,18422.0,19108.0,8296.0
338,8741.0,28347.0,9329.0,8506.0,17994.0,110293.0,18025.0,18223.0,8818.0,18805.0,8904.0
339,8701.0,17813.0,9050.0,18457.0,18135.0,100560.0,28454.0,17988.0,17508.0,18084.0,8882.0
340,9527.0,9290.0,8667.0,18483.0,9839.0,92169.0,18331.0,9393.0,17696.0,29518.0,7583.0
341,7703.0,18467.0,7896.0,27334.0,18496.0,107143.0,18685.0,19426.0,18621.0,17832.0,8138.0
342,8022.0,27828.0,7387.0,18570.0,18949.0,116988.0,28799.0,28277.0,17734.0,28515.0,8585.0
343,8333.0,18215.0,18968.0,18953.0,8272.0,110504.0,27709.0,18884.0,19100.0,18465.0,9064.0
344,8309.0,17518.0,8400.0,17819.0,19155.0,99857.0,29138.0,8627.0,18720.0,8219.0,8427.0
345,8228.0,27558.0,9212.0,18347.0,8251.0,116487.0,29783.0,18127.0,16933.0,9111.0,7458.0
346,9614.0,9056.0,7551.0,18672.0,18053.0,99279.0,19666.0,19170.0,8840.0,18907.0,18162.0
347,9254.0,8987.0,18407.0,9212.0,18719.0,90341.0,19136.0,19231.0,8065.0,28212.0,7554.0
348,9157.0,18929.0,9413.0,8457.0,18356.0,90527.0,28791.0,8434.0,9891.0,19602.0,7851.0
349,8763.0,8333.0,8767.0,18119.0,18544.0,90851.0,19177.0,8476.0,18723.0,18395.0,9022.0
350,8563.0,18303.0,9087.0,18698.0,18035.0,100984.0,17444.0,18922.0,9848.0,17529.0,9061.0
351,8662.0,18812.0,7739.0,18939.0,8921.0,91435.0,18300.0,17088.0,8079.0,16759.0,9193.0
352,9042.0,18654.0,8087.0,18532.0,9190.0,109135.0,18996.0,19342.0,18817.0,9351.0,7899.0
353,8072.0,17761.0,9122.0,18763.0,7973.0,97390.0,19490.0,18919.0,9210.0,9412.0,8157.0
354,8657.0,18037.0,9030.0,19037.0,9287.0,100223.0,18208.0,7941.0,19192.0,7954.0,8627.0
355,8736.0,18679.0,9252.0,8774.0,19112.0,89803.0,28542.0,9067.0,8381.0,18252.0,7289.0
356,7963.0,18082.0,8054.0,19063.0,7937.0,90439.0,18946.0,9142.0,18536.0,9068.0,
357,8085.0,17441.0,8625.0,18797.0,7886.0,96716.0,37199.0,19641.0,18730.0,18831.0,7695.0
358,7767.0,18401.0,8263.0,17419.0,18329.0,97456.0,18599.0,17982.0,18933.0,19387.0,8806.0
359,9006.0,18494.0,9150.0,18690.0,18089.0,99379.0,19299.0,9637.0,18174.0,7838.0,7350.0
360,7502.0,18463.0,8991.0,17984.0,8372.0,87240.0,18515.0,18743.0,9250.0,9110.0,7868.0
361,8892.0,18556.0,9392.0,18627.0,18908.0,101519.0,28293.0,18552.0,8748.0,17427.0,9020.0
362,7768.0,28835.0,9632.0,8635.0,18578.0,110868.0,19204.0,17275.0,8393.0,18832.0,8432.0
363,8654.0,28218.0,8055.0,18874.0,8184.0,98276.0,19340.0,18877.0,18868.0,8664.0,7019.0
364,8685.0,18107.0,8265.0,18088.0,18917.0,100449.0,18990.0,28027.0,18540.0,9353.0,8834.0
365,8177.0,19114.0,8790.0,18014.0,7604.0,108032.0,18044.0,17573.0,18323.0,18232.0,8636.0
366,8478.0,18350.0,7887.0,18914.0,19104.0,99553.0,27189.0,18642.0,18569.0,18912.0,8858.0
367,8684.0,8572.0,17881.0,9664.0,18542.0,102214.0,18860.0,27922.0,9189.0,18849.0,9253.0
368,8553.0,17940.0,7668.0,28289.0,9053.0,107851.0,28179.0,18145.0,18727.0,8549.0,7557.0
369,9329.0,18520.0,8627.0,18130.0,9568.0,111167.0,19406.0,27388.0,8983.0,18625.0,8576.0
370,8914.0,18523.0,8985.0,18359.0,17096.0,117608.0,28466.0,17960.0,7885.0,8634.0,6233.0
371,8727.0,18291.0,8502.0,17934.0,8106.0,98596.0,18713.0,9277.0,18331.0,9278.0,9013.0
372,8420.0,19316.0,8478.0,17822.0,9597.0,101570.0,17172.0,8423.0,19177.0,18916.0,8975.0
373,9350.0,28665.0,8796.0,18916.0,8679.0,101529.0,17783.0,18949.0,18775.0,8729.0,7696.0
374,7530.0,18991.0,9360.0,19029.0,8654.0,90786.0,18827.0,19353.0,19333.0,8629.0,8214.0
375,8345.0,17978.0,9010.0,18499.0,8859.0,99083.0,18367.0,19393.0,9040.0,17099.0,7702.0
376,7864.0,17114.0,9247.0,8628.0,18922.0,88623.0,19200.0,18109.0,9045.0,9073.0,8195.0
377,8828.0,19206.0,7990.0,9295.0,18304.0,90137.0,19310.0,19534.0,9221.0,18260.0,8288.0
378,9155.0,8484.0,8785.0,18832.0,8676.0,100285.0,29879.0,19333.0,9214.0,19017.0,9916.0
379,8946.0,8888.0,9251.0,18465.0,18899.0,92233.0,19081.0,18188.0,18627.0,8403.0,7851.0
380,19114.0,8460.0,8582.0,18224.0,9437.0,89960.0,9765.0,19439.0,18793.0,9837.0,8104.0
381,9250.0,18620.0,8973.0,18587.0,9078.0,90410.0,27528.0,19034.0,9082.0,9025.0,7731.0
382,8416.0,16914.0,8018.0,7725.0,9732.0,97390.0,18827.0,9652.0,18361.0,9337.0,8761.0
383,8026.0,18217.0,8468.0,17838.0,8745.0,107139.0,18712.0,18220.0,7527.0,8905.0,8362.0
384,8696.0,8561.0,9213.0,18542.0,19073.0,102416.0,9319.0,18807.0,18613.0,9552.0,8975.0
385,8348.0,17769.0,8506.0,18013.0,7935.0,88204.0,18482.0,18391.0,18557.0,7730.0,8570.0
386,9435.0,18573.0,9704.0,18551.0,10141.0,93001.0,28889.0,9082.0,18216.0,8357.0,7683.0
387,9161.0,18698.0,8692.0,18193.0,8582.0,98472.0,19413.0,19041.0,18284.0,9438.0,7704.0
388,8067.0,18812.0,9417.0,9078.0,18426.0,90322.0,18596.0,18037.0,18660.0,8191.0,8742.0
389,7142.0,8765.0,8661.0,18196.0,18428.0,88625.0,18771.0,17897.0,9198.0,19069.0,8381.0
390,8692.0,18200.0,9396.0,18870.0,18394.0,111233.0,18297.0,17791.0,18251.0,9010.0,8800.0
391,8463.0,28819.0,8884.0,17784.0,8332.0,98792.0,18900.0,18821.0,18444.0,8236.0,8526.0
392,8003.0,17487.0,9259.0,9434.0,18562.0,99292.0,28510.0,17628.0,17756.0,9288.0,8287.0
393,9353.0,18615.0,9296.0,19003.0,8998.0,101787.0,28191.0,19198.0,18496.0,9324.0,7822.0
394,8293.0,17854.0,8704.0,18633.0,17506.0,117470.0,18767.0,19334.0,18416.0,19378.0,9779.0
395,8410.0,18274.0,8904.0,18170.0,8309.0,99199.0,28288.0,17898.0,28437.0,9606.0,8842.0
396,7409.0,18240.0,9208.0,18054.0,17792.0,89772.0,28291.0,18139.0,18852.0,8888.0,
397,8344.0,17941.0,8242.0,17511.0,18974.0,98914.0,18172.0,19383.0,18098.0,18690.0,9036.0
398,7973.0,17746.0,8890.0,18889.0,17479.0,105678.0,18154.0,18443.0,18997.0,27826.0,7315.0
399,8652.0,17674.0,9283.0,9068.0,18845.0,91869.0,18706.0,19144.0,18348.0,18531.0,9584.0
400,8833.0,18211.0,9538.0,18593.0,17400.0,100549.0,18764.0,8226.0,18382.0,18845.0,9241.0
401,9142.0,18658.0,8172.0,19414.0,19363.0,101151.0,18959.0,8154.0,19032.0,18854.0,8223.0
402,8842.0,8358.0,8704.0,18240.0,18112.0,89655.0,28757.0,9720.0,18898.0,17849.0,9097.0
403,8904.0,7821.0,8858.0,18956.0,8035.0,88295.0,18135.0,28258.0,18643.0,17895.0,8981.0
404,9408.0,8865.0,8369.0,17607.0,8086.0,97914.0,9388.0,19237.0,19507.0,18916.0,7722.0
405,8131.0,17786.0,8814.0,17669.0,19442.0,107939.0,18929.0,28919.0,19436.0,29154.0,8533.0
406,7277.0,17925.0,9328.0,18135.0,19072.0,99101.0,27759.0,8800.0,18203.0,27623.0,8318.0
407,8859.0,18298.0,8680.0,18231.0,9358.0,100781.0,16481.0,18203.0,8176.0,48295.0,8750.0
408,8483.0,18041.0,9133.0,18441.0,8111.0,89779.0,19085.0,18331.0,19049.0,18808.0,8854.0
409,9112.0,18604.0,7963.0,18896.0,17600.0,118565.0,18395.0,18770.0,17117.0,29093.0,7927.0
410,8969.0,18095.0,8568.0,17565.0,18850.0,109246.0,17080.0,19130.0,18523.0,18324.0,7923.0
411,8524.0,17254.0,9109.0,8829.0,29107.0,100394.0,28437.0,8400.0,18278.0,18712.0,8376.0
412,8819.0,17982.0,8502.0,19229.0,18641.0,100199.0,17631.0,9437.0,19134.0,18732.0,8160.0
413,8974.0,18423.0,7599.0,18948.0,19179.0,97956.0,18515.0,7430.0,18980.0,9216.0,7274.0
414,8431.0,7443.0,8789.0,18031.0,19311.0,89604.0,19472.0,19920.0,19236.0,8533.0,8481.0
415,9476.0,18891.0,17235.0,8633.0,9218.0,105970.0,17910.0,18170.0,9405.0,18870.0,7911.0
416,8023.0,17858.0,7954.0,19315.0,18694.0,109406.0,27208.0,18092.0,17885.0,8738.0,8601.0
417,7887.0,17277.0,8229.0,9338.0,18476.0,96173.0,18194.0,17622.0,17517.0,8455.0,8206.0
418,9209.0,18261.0,9532.0,18705.0,8877.0,102109.0,18733.0,18323.0,9249.0,9341.0,9203.0
419,8577.0,18107.0,9065.0,28657.0,8547.0,108964.0,18381.0,19388.0,9218.0,9372.0,8892.0
420,8961.0,18302.0,7025.0,18593.0,17232.0,96829.0,18500.0,19371.0,8416.0,19232.0,8277.0
421,8578.0,17915.0,8106.0,17751.0,18928.0,97528.0,18929.0,18511.0,9368.0,9277.0,7860.0
422,8334.0,8184.0,8608.0,17629.0,18311.0,88002.0,19218.0,19364.0,18482.0,9833.0,8721.0
423,8566.0,18474.0,8278.0,7665.0,19250.0,90482.0,17793.0,17704.0,18482.0,7821.0,9186.0
424,7789.0,19221.0,8183.0,18374.0,18349.0,99162.0,17163.0,18026.0,18212.0,8717.0,8258.0
425,8782.0,18270.0,8495.0,17183.0,9259.0,87002.0,18747.0,18440.0,8470.0,8219.0,7467.0
426,9133.0,18922.0,9230.0,19275.0,18873.0,100020.0,28730.0,18857.0,9112.0,8705.0,7157.0
427,8550.0,17162.0,9135.0,17874.0,18219.0,108484.0,18323.0,18855.0,18359.0,9382.0,8771.0
428,7829.0,18831.0,9245.0,18240.0,17575.0,107010.0,18785.0,18688.0,18746.0,8371.0,8450.0
429,8511.0,18001.0,8118.0,17833.0,8229.0,86686.0,18570.0,18452.0,6988.0,18263.0,8832.0
430,8865.0,18665.0,8987.0,18181.0,8562.0,98578.0,18919.0,18253.0,17612.0,18114.0,7927.0
431,8523.0,17925.0,8366.0,17989.0,18730.0,107143.0,27884.0,18750.0,8605.0,17808.0,7251.0
432,8134.0,18342.0,8920.0,19354.0,17496.0,106199.0,28572.0,17524.0,18282.0,8415.0,7080.0
433,8292.0,8478.0,9675.0,9003.0,18198.0,88851.0,28468.0,19668.0,19391.0,9223.0,8557.0
434,8048.0,26289.0,8141.0,18484.0,18608.0,117274.0,17857.0,18817.0,19040.0,18410.0,8793.0
435,8604.0,8639.0,7750.0,18611.0,16852.0,107753.0,18271.0,19357.0,17897.0,8887.0,17965.0
436,8105.0,16831.0,8562.0,18395.0,19250.0,98950.0,18489.0,18208.0,9202.0,37051.0,
437,8588.0,18323.0,8455.0,19263.0,19191.0,101585.0,18692.0,17929.0,8400.0,18821.0,9119.0
438,8607.0,18117.0,8668.0,17932.0,18755.0,108657.0,27575.0,18194.0,18681.0,9099.0,17671.0
439,8428.0,18063.0,7468.0,18865.0,18673.0,107727.0,18881.0,18621.0,9654.0,8841.0,8730.0
440,8539.0,18157.0,8375.0,17517.0,18925.0,107852.0,18134.0,18497.0,18001.0,19253.0,7966.0
441,8438.0,18280.0,8365.0,19315.0,9292.0,91020.0,28835.0,8810.0,18003.0,18720.0,8639.0
442,7941.0,17150.0,8588.0,17483.0,9097.0,86397.0,27487.0,8586.0,19063.0,9555.0,8158.0
443,8417.0,8070.0,9003.0,18361.0,18672.0,89728.0,18131.0,7175.0,19836.0,19334.0,8440.0
444,7719.0,17664.0,9093.0,28168.0,8439.0,107891.0,28709.0,8716.0,29073.0,8886.0,8471.0
445,8808.0,18441.0,7943.0,19004.0,17747.0,100087.0,19397.0,9453.0,17691.0,8219.0,8986.0
446,8789.0,18332.0,8743.0,8297.0,19043.0,90409.0,28367.0,8033.0,18171.0,9291.0,8784.0
447,8009.0,19274.0,8506.0,18136.0,7366.0,86873.0,18842.0,17301.0,18480.0,18892.0,8294.0
448,7807.0,7609.0,8185.0,18355.0,18400.0,97078.0,28114.0,18819.0,17988.0,17942.0,8301.0
449,8646.0,19248.0,8478.0,18029.0,18305.0,109040.0,27134.0,8696.0,18173.0,17592.0,9033.0
450,9515.0,9446.0,8199.0,19032.0,18609.0,99081.0,18369.0,18518.0,9141.0,28839.0,8183.0
451,8466.0,17780.0,7404.0,18919.0,17686.0,106769.0,19413.0,9155.0,18229.0,48946.0,8061.0
452,7646.0,18429.0,9434.0,18415.0,17248.0,108181.0,18465.0,19064.0,9116.0,29106.0,8074.0
453,8556.0,17937.0,8422.0,17480.0,8154.0,98349.0,19016.0,9078.0,19374.0,8923.0,8952.0
454,8552.0,18144.0,9230.0,18405.0,8049.0,90062.0,19468.0,18840.0,18936.0,18245.0,9071.0
455,7952.0,9171.0,9184.0,18687.0,18330.0,99339.0,17913.0,8885.0,18417.0,28639.0,8061.0
456,8179.0,17571.0,9130.0,18655.0,18845.0,100251.0,27432.0,9392.0,18663.0,18786.0,8740.0
457,8199.0,18165.0,8123.0,19067.0,9149.0,99625.0,17919.0,19425.0,8744.0,58390.0,8453.0
458,8418.0,19173.0,8502.0,17899.0,18798.0,99238.0,19001.0,8544.0,18432.0,58595.0,7568.0
459,9178.0,18815.0,9014.0,18671.0,8412.0,91116.0,19210.0,9118.0,19235.0,75383.0,7949.0
460,8123.0,17043.0,7999.0,18837.0,9154.0,98706.0,18439.0,19271.0,18785.0,77908.0,8519.0
461,8202.0,18768.0,9147.0,18466.0,8027.0,99053.0,28342.0,18410.0,9304.0,76362.0,8308.0
462,8323.0,17704.0,7168.0,17543.0,18483.0,107440.0,28410.0,18405.0,18523.0,96647.0,9045.0
463,8537.0,8025.0,8564.0,18108.0,17078.0,96307.0,18461.0,18054.0,19010.0,106938.0,8796.0
464,8128.0,17889.0,8250.0,27007.0,8746.0,117246.0,17784.0,18462.0,17584.0,107696.0,8673.0
465,9068.0,18623.0,8791.0,18431.0,8489.0,99751.0,29277.0,19127.0,18699.0,144858.0,7684.0
466,8308.0,17925.0,8157.0,28531.0,18879.0,117880.0,27235.0,19111.0,8875.0,105879.0,8287.0
467,9370.0,8664.0,7981.0,18964.0,18818.0,98970.0,27111.0,18480.0,17668.0,96712.0,17277.0
468,8815.0,18377.0,8189.0,18981.0,18748.0,108388.0,17508.0,17487.0,18025.0,96175.0,7576.0
469,9160.0,18862.0,8531.0,17927.0,8661.0,90213.0,28833.0,9204.0,18678.0,134536.0,8096.0
470,7956.0,19202.0,9091.0,18693.0,8156.0,99239.0,17815.0,9059.0,18718.0,66470.0,7850.0
471,9320.0,18471.0,9306.0,19057.0,9498.0,102224.0,19160.0,17128.0,9168.0,85235.0,8032.0
472,9528.0,19077.0,9069.0,18701.0,9215.0,103252.0,18422.0,18813.0,9093.0,67027.0,7973.0
473,8032.0,19037.0,9220.0,18654.0,9411.0,90480.0,18592.0,28028.0,8390.0,57502.0,8212.0
474,7521.0,18989.0,9535.0,18539.0,18597.0,100703.0,18257.0,19935.0,8642.0,68897.0,8506.0
475,8848.0,8416.0,9333.0,18740.0,18696.0,82902.0,18000.0,8138.0,9190.0,18531.0,
476,8552.0,18582.0,8064.0,19382.0,8193.0,81631.0,27475.0,9074.0,9188.0,18635.0,
477,8167.0,8080.0,17886.0,9094.0,17504.0,78934.0,18937.0,18469.0,7873.0,9238.0,
478,8483.0,19028.0,8360.0,9217.0,19084.0,82257.0,18878.0,8303.0,8458.0,18191.0,
479,8196.0,17649.0,8752.0,29054.0,9046.0,100995.0,18062.0,17748.0,9100.0,8858.0,
480,8127.0,17919.0,8818.0,18061.0,17668.0,88946.0,28634.0,9075.0,7676.0,9164.0,
481,9019.0,18472.0,9138.0,18686.0,17746.0,101214.0,18677.0,18608.0,8604.0,8107.0,
482,7505.0,19195.0,8666.0,18582.0,19179.0,91258.0,28863.0,19533.0,19362.0,8729.0,
483,9377.0,9125.0,9130.0,18758.0,8419.0,92558.0,18369.0,18017.0,19253.0,8512.0,18379.0
484,8223.0,18042.0,8639.0,18321.0,9596.0,90463.0,18188.0,8649.0,19120.0,8406.0,8977.0
485,8624.0,17878.0,9191.0,17818.0,9154.0,88691.0,27830.0,8678.0,19333.0,17468.0,8311.0
486,8755.0,18736.0,8690.0,17765.0,17773.0,99515.0,17424.0,17156.0,9245.0,9966.0,9184.0
487,8094.0,17577.0,8665.0,18917.0,9157.0,88720.0,17823.0,18364.0,17881.0,9154.0,8431.0
488,8681.0,17643.0,8429.0,17093.0,18550.0,97784.0,8455.0,18547.0,17622.0,9259.0,9129.0
489,8391.0,18122.0,8414.0,7938.0,18167.0,87863.0,28023.0,8669.0,18401.0,7991.0,8903.0
490,8699.0,27929.0,8167.0,18966.0,8983.0,109349.0,17248.0,28670.0,9308.0,17905.0,8898.0
491,8384.0,27929.0,9181.0,18752.0,9202.0,99635.0,27665.0,7704.0,18452.0,9128.0,8705.0
492,8330.0,17638.0,8177.0,18192.0,18713.0,97370.0,17604.0,17208.0,7431.0,17424.0,8260.0
493,9129.0,19165.0,8519.0,18599.0,16916.0,108847.0,17998.0,17789.0,7169.0,17855.0,7604.0
494,7926.0,18996.0,9025.0,18525.0,16479.0,106989.0,18413.0,7538.0,17979.0,7601.0,8096.0
495,8383.0,18851.0,8449.0,9700.0,18150.0,98673.0,28205.0,9073.0,17689.0,8348.0,8957.0
496,17574.0,9663.0,9200.0,28581.0,8973.0,109374.0,17540.0,18717.0,9497.0,9251.0,7546.0
497,8580.0,8454.0,7864.0,18500.0,18124.0,88559.0,17844.0,17805.0,18725.0,9007.0,8716.0
498,17656.0,9534.0,7620.0,18904.0,9327.0,99251.0,18457.0,8439.0,18579.0,9046.0,8615.0
499,9136.0,18991.0,9358.0,18040.0,9247.0,98752.0,17644.0,18988.0,18064.0,8873.0,7299.0
500,8301.0,7614.0,9177.0,28345.0,8798.0,98813.0,17877.0,8074.0,17895.0,9892.0,7758.0
501,8645.0,8707.0,9609.0,18801.0,7525.0,90370.0,17521.0,9267.0,8260.0,17843.0,7927.0
502,8997.0,18338.0,9109.0,18650.0,19272.0,101112.0,18301.0,18939.0,8880.0,8805.0,7497.0
503,8548.0,8473.0,8919.0,18432.0,16918.0,97415.0,28378.0,18248.0,9162.0,18394.0,9065.0
504,9934.0,19052.0,9360.0,18247.0,18245.0,119876.0,18663.0,28628.0,9798.0,8769.0,8180.0
505,8393.0,17750.0,8456.0,17895.0,18779.0,89394.0,28697.0,18313.0,8542.0,8092.0,
506,7819.0,18618.0,9210.0,17171.0,17544.0,108288.0,18506.0,27425.0,8419.0,8428.0,
507,8732.0,8782.0,9039.0,18604.0,18346.0,90889.0,27749.0,18902.0,8838.0,8622.0,
508,7725.0,18854.0,8490.0,7992.0,18098.0,80266.0,28414.0,17705.0,9680.0,9001.0,
509,8879.0,8729.0,7974.0,18579.0,7728.0,97005.0,19438.0,7936.0,8349.0,8185.0,9433.0
510,7594.0,17205.0,9103.0,18784.0,8786.0,88937.0,18193.0,9819.0,18857.0,9366.0,8613.0
511,8811.0,8628.0,9234.0,28186.0,9203.0,119848.0,18555.0,18478.0,28810.0,9458.0,9273.0
512,8587.0,18151.0,9099.0,17809.0,9212.0,108286.0,28665.0,8728.0,18970.0,7806.0,8806.0
513,9314.0,8911.0,7561.0,17219.0,18518.0,98970.0,28546.0,19010.0,18424.0,8642.0,17959.0
514,7719.0,18979.0,8962.0,28397.0,8913.0,109491.0,28085.0,9033.0,17545.0,7987.0,8592.0
515,8628.0,19015.0,8319.0,17509.0,18695.0,99679.0,28222.0,8886.0,18972.0,9443.0,
516,8985.0,19145.0,8960.0,28086.0,9407.0,120875.0,28535.0,18377.0,8330.0,19045.0,7942.0
517,8772.0,18187.0,7856.0,18556.0,18331.0,107324.0,37724.0,18209.0,18268.0,9604.0,7001.0
518,18531.0,19589.0,8430.0,19235.0,18521.0,121075.0,27597.0,19481.0,18843.0,19311.0,8522.0
519,8727.0,17833.0,8629.0,18166.0,19093.0,110873.0,29199.0,18062.0,18590.0,18515.0,9253.0
520,8414.0,18587.0,18114.0,9839.0,20385.0,120946.0,20084.0,19770.0,17748.0,8165.0,8852.0
521,8306.0,18459.0,8407.0,27181.0,8934.0,108024.0,27891.0,18865.0,17626.0,8636.0,9295.0
522,8663.0,28182.0,8950.0,18165.0,8513.0,109474.0,28942.0,17885.0,17668.0,8807.0,9103.0
523,8730.0,28361.0,9008.0,18695.0,7950.0,109543.0,18181.0,18335.0,18662.0,8072.0,8459.0
524,8524.0,18079.0,8307.0,17873.0,18797.0,119961.0,18795.0,18234.0,19287.0,8556.0,10221.0
525,9093.0,18970.0,8775.0,18633.0,9869.0,108988.0,20027.0,17774.0,8333.0,18053.0,7929.0
526,7886.0,19429.0,9260.0,18598.0,18052.0,100371.0,18673.0,18653.0,19221.0,9568.0,8430.0
527,9037.0,7391.0,9033.0,18597.0,18787.0,91171.0,17882.0,18632.0,18661.0,8075.0,9088.0
528,8517.0,8635.0,18143.0,18024.0,8706.0,89972.0,28285.0,8351.0,18408.0,8511.0,8976.0
529,8599.0,18472.0,8921.0,17124.0,8140.0,99074.0,18757.0,9118.0,18781.0,8347.0,8728.0
530,8634.0,17203.0,8823.0,17857.0,18256.0,98258.0,28653.0,9320.0,18361.0,9065.0,9036.0
531,9010.0,27843.0,8719.0,18184.0,8577.0,108669.0,18327.0,27132.0,17774.0,8817.0,7420.0
532,8970.0,18559.0,8915.0,8195.0,17503.0,87383.0,27452.0,9040.0,18884.0,7880.0,7322.0
533,8854.0,18261.0,9151.0,18315.0,9232.0,91905.0,18623.0,18282.0,9170.0,8907.0,8903.0
534,9044.0,18580.0,8374.0,7840.0,18936.0,88199.0,18703.0,18420.0,9312.0,9070.0,7835.0
535,9286.0,18179.0,9118.0,18500.0,18377.0,100577.0,17907.0,18417.0,8249.0,19127.0,8026.0
536,8628.0,8445.0,8730.0,27727.0,8769.0,90411.0,19113.0,19029.0,8024.0,19099.0,8903.0
537,8572.0,8386.0,8198.0,19090.0,18694.0,90630.0,28192.0,8535.0,18340.0,9267.0,8980.0
538,7996.0,19085.0,8749.0,17852.0,9423.0,90097.0,17148.0,18037.0,8054.0,8510.0,8231.0
539,7673.0,18008.0,9209.0,27773.0,8386.0,117632.0,19077.0,19329.0,17224.0,8552.0,8626.0
540,9192.0,18615.0,8233.0,17159.0,18315.0,106950.0,18091.0,19110.0,18556.0,8208.0,7912.0
541,9115.0,18650.0,8310.0,17508.0,8557.0,98322.0,18371.0,8849.0,17978.0,19392.0,7920.0
542,9016.0,18964.0,9189.0,28380.0,8709.0,110930.0,19382.0,19243.0,18959.0,18330.0,8511.0
543,8271.0,17838.0,9047.0,28816.0,8406.0,117989.0,27338.0,17557.0,18090.0,7370.0,8771.0
544,8394.0,8342.0,9216.0,18629.0,9466.0,100658.0,28436.0,18843.0,7881.0,18413.0,8889.0
545,8622.0,18525.0,9006.0,18366.0,17789.0,107353.0,38536.0,18119.0,18711.0,8574.0,7372.0
546,7762.0,17685.0,8544.0,17888.0,8787.0,87260.0,29259.0,9184.0,18639.0,8767.0,8607.0
547,7824.0,17928.0,9125.0,17707.0,18127.0,96696.0,29170.0,9571.0,17999.0,8115.0,8207.0
548,7902.0,17203.0,8742.0,18663.0,8364.0,88053.0,27742.0,8214.0,9737.0,7484.0,7922.0
549,8077.0,18055.0,8683.0,8110.0,18686.0,87168.0,28166.0,17683.0,8206.0,19005.0,6846.0
550,8697.0,18374.0,9178.0,18451.0,17682.0,110723.0,28551.0,17817.0,7939.0,18353.0,9429.0
551,8889.0,18500.0,9124.0,18226.0,18931.0,110145.0,28404.0,18703.0,18860.0,8478.0,7296.0
552,7331.0,18173.0,8703.0,17808.0,18382.0,107289.0,27189.0,19489.0,18520.0,8769.0,8071.0
553,9091.0,18869.0,9112.0,8431.0,17516.0,89354.0,27952.0,9187.0,19422.0,7945.0,7305.0
554,8064.0,8143.0,9521.0,19249.0,18787.0,90922.0,17236.0,19702.0,9571.0,7927.0,8261.0
555,8825.0,18489.0,8466.0,18495.0,9695.0,92735.0,18542.0,18673.0,8743.0,8279.0,
556,8742.0,8215.0,9757.0,9434.0,19683.0,82927.0,28963.0,9044.0,29866.0,27067.0,
557,8529.0,18244.0,9225.0,18642.0,8686.0,101273.0,19099.0,19514.0,17482.0,19323.0,9372.0
558,18303.0,18840.0,8665.0,19141.0,18504.0,120198.0,17942.0,19007.0,8536.0,18870.0,8656.0
559,8713.0,8847.0,7959.0,19221.0,9413.0,90539.0,19052.0,19464.0,19472.0,19655.0,9786.0
560,9009.0,8706.0,9021.0,18115.0,18195.0,101636.0,28979.0,9603.0,19598.0,19641.0,18949.0
561,8319.0,8708.0,7700.0,17714.0,8978.0,89209.0,18948.0,27309.0,9287.0,19303.0,9051.0
562,9164.0,18481.0,7955.0,19586.0,18765.0,111921.0,28887.0,19736.0,18385.0,9207.0,18274.0
563,9026.0,18398.0,8436.0,19386.0,19803.0,111133.0,28414.0,8819.0,18298.0,8300.0,7977.0
564,8661.0,18295.0,8171.0,19071.0,19247.0,100996.0,18717.0,18427.0,10079.0,18831.0,8707.0
565,8112.0,17428.0,8673.0,28577.0,9061.0,108885.0,18497.0,29239.0,18251.0,8412.0,8647.0
566,7962.0,7312.0,8440.0,18349.0,19156.0,88935.0,39812.0,8890.0,19174.0,8304.0,8576.0
567,9188.0,18659.0,8967.0,7403.0,18332.0,89460.0,19467.0,8287.0,18601.0,7504.0,7496.0
568,9340.0,19756.0,7924.0,20232.0,9186.0,104437.0,18417.0,18858.0,8721.0,9389.0,7946.0
569,9437.0,18960.0,9192.0,8788.0,18736.0,92101.0,29015.0,8853.0,20241.0,7645.0,7856.0
570,8663.0,18473.0,9034.0,18175.0,18529.0,111076.0,29288.0,17962.0,17033.0,19057.0,8412.0
571,9088.0,18532.0,9299.0,8578.0,18064.0,91277.0,18967.0,19046.0,9252.0,9091.0,8994.0
572,9265.0,18454.0,8902.0,18589.0,9048.0,103582.0,18327.0,19021.0,19157.0,7481.0,9524.0
573,8108.0,18725.0,8394.0,18118.0,18268.0,109122.0,28983.0,18424.0,8980.0,8687.0,8475.0
574,7670.0,18608.0,9382.0,18748.0,19213.0,100761.0,18492.0,18545.0,19177.0,8595.0,8156.0
575,9004.0,19164.0,8934.0,18692.0,18603.0,101688.0,19179.0,19636.0,19914.0,8272.0,7843.0
576,8487.0,17906.0,7584.0,28251.0,9068.0,109143.0,28064.0,18616.0,19460.0,8346.0,9092.0
577,8711.0,28969.0,8601.0,17551.0,8225.0,99003.0,29821.0,28832.0,19833.0,8724.0,8802.0
578,9178.0,18433.0,8600.0,29116.0,9829.0,100987.0,19663.0,9981.0,18315.0,9372.0,7447.0
579,9044.0,18792.0,8435.0,17090.0,19858.0,101643.0,18888.0,18963.0,8921.0,9454.0,9141.0
580,8649.0,18445.0,9272.0,18934.0,18209.0,101807.0,28002.0,18016.0,9435.0,8801.0,8705.0
581,8770.0,18692.0,9369.0,9000.0,9739.0,102105.0,18837.0,8422.0,19050.0,9699.0,8986.0
582,8836.0,18995.0,8701.0,7954.0,9990.0,101213.0,18540.0,19046.0,19447.0,8982.0,9342.0
583,8945.0,18641.0,7825.0,9274.0,18869.0,101448.0,18160.0,19142.0,19754.0,9450.0,9208.0
584,9375.0,19038.0,9468.0,19113.0,9543.0,92975.0,18082.0,18379.0,9453.0,8631.0,8133.0
585,8416.0,17928.0,9355.0,18703.0,18153.0,108754.0,18769.0,18112.0,18449.0,9180.0,8154.0
586,8986.0,18724.0,8827.0,9108.0,18330.0,99455.0,30099.0,9436.0,19616.0,9244.0,7691.0
587,18301.0,19726.0,8715.0,18459.0,9660.0,113141.0,27993.0,19534.0,9590.0,9062.0,8870.0
588,8399.0,8495.0,8776.0,19272.0,9134.0,91405.0,19486.0,18463.0,9951.0,9648.0,8460.0
589,9410.0,19340.0,9411.0,17871.0,18991.0,103021.0,19423.0,17972.0,9255.0,8827.0,8314.0
590,9301.0,18450.0,7922.0,19386.0,18216.0,100877.0,18722.0,18767.0,18957.0,8609.0,9266.0
591,9319.0,18471.0,9569.0,19145.0,19923.0,103905.0,18380.0,18480.0,18256.0,8872.0,8237.0
592,8986.0,19222.0,9634.0,18879.0,18598.0,103527.0,27690.0,18735.0,9263.0,18745.0,9090.0
593,10074.0,9763.0,9583.0,19146.0,18463.0,102550.0,28834.0,8374.0,18611.0,7942.0,7930.0
594,9640.0,9323.0,8701.0,18522.0,19139.0,91947.0,28210.0,8787.0,19351.0,7447.0,8240.0
595,7993.0,18976.0,9685.0,18161.0,9194.0,101970.0,18716.0,19891.0,19703.0,7954.0,
596,8592.0,8646.0,8030.0,19295.0,18503.0,101358.0,19148.0,19432.0,18696.0,8075.0,9200.0
597,8741.0,18713.0,8112.0,18977.0,9033.0,109918.0,18388.0,18808.0,9356.0,8573.0,9016.0
598,8999.0,18574.0,9156.0,18779.0,18943.0,110782.0,19234.0,18953.0,18420.0,8871.0,8320.0
599,8142.0,18239.0,9561.0,19037.0,19344.0,102074.0,18960.0,18311.0,18965.0,19703.0,8155.0
600,8770.0,18787.0,9547.0,19070.0,19769.0,112801.0,18913.0,19110.0,17875.0,7623.0,8051.0
601,9184.0,18716.0,8967.0,28575.0,8998.0,102322.0,18077.0,19406.0,19369.0,9015.0,8096.0
602,8350.0,27913.0,8533.0,8260.0,17905.0,98742.0,28199.0,19303.0,8854.0,8564.0,8635.0
603,8563.0,17870.0,8437.0,18412.0,18892.0,111009.0,17879.0,18696.0,19444.0,9173.0,9213.0
604,8810.0,18264.0,8756.0,17975.0,8975.0,100066.0,28150.0,18314.0,18673.0,9243.0,8197.0
605,9285.0,19481.0,8654.0,27902.0,8559.0,111371.0,28719.0,19308.0,18738.0,9006.0,8127.0
606,9653.0,18925.0,8719.0,9355.0,18439.0,93717.0,19432.0,18483.0,19147.0,18646.0,9131.0
607,8133.0,27749.0,8042.0,17404.0,17760.0,126645.0,29384.0,18646.0,8505.0,8561.0,8465.0
608,9106.0,8811.0,18415.0,19344.0,19390.0,122909.0,19838.0,19327.0,18265.0,8068.0,18112.0
609,8989.0,18396.0,8050.0,18473.0,19194.0,109212.0,18141.0,18184.0,18252.0,9606.0,7497.0
610,8491.0,18329.0,8314.0,18076.0,19075.0,110321.0,18911.0,18517.0,18682.0,8933.0,8998.0
611,8993.0,18937.0,9472.0,18863.0,7892.0,100932.0,19277.0,19248.0,19304.0,9473.0,7633.0
612,8486.0,19354.0,8493.0,17879.0,19080.0,120832.0,28846.0,18912.0,18374.0,8326.0,9999.0
613,7524.0,19559.0,8873.0,18378.0,19364.0,111752.0,28068.0,9210.0,19472.0,9113.0,8232.0
614,8486.0,18027.0,9267.0,19099.0,8296.0,100490.0,29563.0,18769.0,9309.0,28883.0,8011.0
615,9256.0,18762.0,8730.0,17827.0,19070.0,111074.0,28817.0,18809.0,18781.0,19297.0,7670.0
616,8813.0,8869.0,9699.0,28526.0,8430.0,110841.0,29004.0,19417.0,18594.0,18743.0,9458.0
617,7378.0,19349.0,9465.0,18446.0,17156.0,109873.0,28192.0,18572.0,18832.0,18482.0,8115.0
618,8079.0,17585.0,8121.0,9276.0,17788.0,97283.0,28136.0,18316.0,18160.0,8939.0,8826.0
619,9171.0,19771.0,8347.0,19702.0,9671.0,121909.0,19469.0,8850.0,18942.0,18980.0,8221.0
620,8877.0,19325.0,9440.0,19362.0,8945.0,93171.0,28906.0,9300.0,18143.0,8095.0,8790.0
621,9219.0,18385.0,8811.0,8429.0,9952.0,109320.0,9223.0,27772.0,9919.0,8989.0,7472.0
622,9686.0,28943.0,8856.0,8480.0,18034.0,109756.0,37845.0,18205.0,19833.0,9760.0,8030.0
623,8639.0,18390.0,8236.0,18768.0,17933.0,109117.0,28726.0,18927.0,18054.0,9616.0,9036.0
624,8484.0,17433.0,8019.0,18896.0,17477.0,106960.0,9104.0,18348.0,19094.0,9280.0,8113.0
625,9041.0,18358.0,8685.0,7838.0,18683.0,89394.0,19212.0,8431.0,18204.0,9255.0,7554.0
626,8541.0,18040.0,9552.0,18446.0,8378.0,111336.0,19332.0,19009.0,9545.0,39223.0,8856.0
627,9215.0,18705.0,9744.0,18947.0,9268.0,102102.0,17828.0,19987.0,18504.0,79283.0,7625.0
628,7829.0,18208.0,8768.0,17551.0,8290.0,87474.0,27957.0,18535.0,9090.0,97726.0,8646.0
629,7713.0,18669.0,9214.0,18690.0,8958.0,110051.0,18227.0,18573.0,8916.0,120016.0,8304.0
630,8854.0,8501.0,9065.0,18939.0,19172.0,122832.0,18880.0,18553.0,8088.0,128783.0,10051.0
631,8965.0,8625.0,9273.0,18794.0,19118.0,90452.0,18205.0,18627.0,18215.0,88268.0,7155.0
632,8766.0,19000.0,9596.0,19247.0,8594.0,101834.0,19197.0,30289.0,19209.0,59261.0,7659.0
633,8367.0,17991.0,9173.0,8661.0,18526.0,100403.0,19566.0,18292.0,9196.0,48530.0,8469.0
634,8169.0,19420.0,8571.0,19136.0,8167.0,99613.0,19064.0,18777.0,9211.0,60276.0,8015.0
635,7200.0,18991.0,9417.0,18668.0,19035.0,102619.0,18499.0,19067.0,19176.0,8701.0,
636,8686.0,18554.0,8341.0,18863.0,17972.0,110324.0,19334.0,18675.0,18259.0,8982.0,9375.0
637,8820.0,18591.0,9230.0,18095.0,9064.0,113027.0,19008.0,17452.0,9094.0,8730.0,9144.0
638,8693.0,18456.0,9312.0,19266.0,18546.0,101995.0,38058.0,8396.0,18220.0,8232.0,8165.0
639,8706.0,28654.0,9455.0,18917.0,17879.0,121722.0,19207.0,8937.0,17995.0,8001.0,9571.0
640,8522.0,18580.0,8690.0,18209.0,8407.0,99912.0,18370.0,18715.0,18929.0,8176.0,9049.0
641,9076.0,19701.0,9499.0,18926.0,19045.0,102706.0,18848.0,19008.0,18473.0,8460.0,8274.0
642,9329.0,18734.0,9471.0,8842.0,19185.0,103899.0,28570.0,9293.0,18135.0,9540.0,9495.0
643,8303.0,19494.0,7433.0,19361.0,8409.0,100841.0,20383.0,19138.0,19328.0,9477.0,8542.0
644,8401.0,17677.0,8157.0,19265.0,18962.0,109418.0,18268.0,9336.0,18244.0,9524.0,8697.0
645,8592.0,8755.0,9708.0,18861.0,8423.0,88177.0,28749.0,8930.0,18747.0,7974.0,7479.0
646,9037.0,18924.0,8881.0,7877.0,18464.0,99911.0,18877.0,18644.0,8296.0,18750.0,7784.0
647,8632.0,17453.0,7215.0,17115.0,17325.0,95480.0,27816.0,18234.0,18748.0,9055.0,9014.0
648,8225.0,9709.0,8765.0,27900.0,8847.0,129089.0,18722.0,18340.0,9133.0,18446.0,8487.0
649,7399.0,18884.0,9287.0,18784.0,19688.0,131858.0,28491.0,19383.0,17917.0,9503.0,8335.0
650,8287.0,9882.0,9103.0,18304.0,18737.0,99532.0,28918.0,18369.0,17854.0,8683.0,8682.0
651,8606.0,27646.0,8367.0,8156.0,18403.0,108897.0,17564.0,8721.0,18104.0,18448.0,9103.0
652,8361.0,18259.0,9154.0,18070.0,19479.0,111068.0,38780.0,28526.0,18020.0,29111.0,8450.0
653,8563.0,18663.0,8194.0,7640.0,19136.0,90182.0,27406.0,19659.0,9364.0,28848.0,8936.0
654,9191.0,19400.0,8302.0,28489.0,8938.0,120644.0,29133.0,19481.0,19541.0,29039.0,8070.0
655,9193.0,18200.0,9152.0,8511.0,17953.0,89668.0,19598.0,18821.0,18683.0,37283.0,8035.0
656,9230.0,29112.0,8576.0,18590.0,8398.0,120773.0,28975.0,19371.0,9407.0,39289.0,7713.0
657,8683.0,18633.0,9006.0,18141.0,19538.0,121657.0,19379.0,18188.0,19196.0,19492.0,9706.0
658,8471.0,18215.0,7482.0,19333.0,9955.0,102220.0,17398.0,28147.0,20147.0,19255.0,8796.0
659,8131.0,27498.0,8615.0,17793.0,17937.0,116993.0,28397.0,19331.0,18338.0,9122.0,8495.0
660,9100.0,19018.0,8331.0,18696.0,9241.0,102200.0,18637.0,18679.0,9062.0,18246.0,8368.0
661,9192.0,18829.0,9144.0,18396.0,9262.0,101952.0,10134.0,18664.0,19373.0,9187.0,9171.0
662,8568.0,28016.0,8778.0,18405.0,9461.0,110841.0,29092.0,18544.0,19339.0,8737.0,8759.0
663,7487.0,19324.0,18130.0,9966.0,18537.0,110531.0,28553.0,18458.0,19124.0,8615.0,8017.0
664,9271.0,18947.0,9064.0,18378.0,19129.0,123118.0,18513.0,18354.0,18699.0,18715.0,8736.0
665,9832.0,8016.0,9214.0,18935.0,19107.0,112238.0,29393.0,8255.0,27987.0,9724.0,19284.0
666,9275.0,18536.0,8420.0,19332.0,8751.0,100872.0,18489.0,8836.0,18993.0,8528.0,8142.0
667,8826.0,19225.0,9118.0,19360.0,9836.0,95538.0,29349.0,8354.0,18393.0,8434.0,9195.0
668,9245.0,8996.0,8713.0,18199.0,17415.0,99990.0,28272.0,9178.0,18490.0,8834.0,9868.0
669,8848.0,18701.0,8810.0,18361.0,7160.0,108088.0,18751.0,17316.0,19667.0,18860.0,7363.0
670,9387.0,8960.0,17788.0,9206.0,19243.0,91596.0,17991.0,19102.0,18426.0,39591.0,8168.0
671,9139.0,18822.0,9276.0,18821.0,18641.0,111797.0,18848.0,7997.0,17068.0,48263.0,9236.0
672,8361.0,18254.0,8576.0,18822.0,18419.0,110138.0,18493.0,27579.0,18384.0,69430.0,8971.0
673,8377.0,18012.0,9187.0,19112.0,18928.0,99856.0,18962.0,17602.0,19232.0,58341.0,8403.0
674,9566.0,18923.0,9138.0,18155.0,19347.0,113076.0,27900.0,18251.0,18827.0,39253.0,8248.0
675,8629.0,18479.0,9548.0,18410.0,8955.0,83104.0,19148.0,9387.0,8858.0,18769.0,
676,8872.0,18955.0,8415.0,7821.0,19147.0,90458.0,38226.0,9554.0,8930.0,8846.0,8969.0
677,8422.0,18325.0,9977.0,19023.0,7928.0,99490.0,27479.0,9588.0,10155.0,8632.0,8749.0
678,8181.0,18596.0,9199.0,18355.0,18540.0,110870.0,18553.0,19317.0,9179.0,9241.0,8973.0
679,8689.0,28663.0,8396.0,19470.0,19206.0,111155.0,28534.0,19418.0,8303.0,8205.0,7659.0
680,18425.0,19523.0,7567.0,18254.0,7381.0,108112.0,29360.0,9524.0,7925.0,17945.0,8471.0
681,9139.0,18970.0,8017.0,19545.0,19369.0,112319.0,28527.0,17531.0,8254.0,10047.0,9438.0
682,9454.0,9139.0,9527.0,18897.0,18365.0,102734.0,29230.0,17407.0,18964.0,9568.0,7890.0
683,9075.0,19162.0,9460.0,18302.0,9257.0,103861.0,19113.0,17781.0,8697.0,17915.0,9464.0
684,9364.0,18783.0,8641.0,17652.0,8134.0,89497.0,27755.0,17949.0,18158.0,9432.0,7756.0
685,8324.0,27979.0,8964.0,18373.0,18033.0,118570.0,27878.0,18836.0,19047.0,8160.0,7881.0
686,8138.0,18216.0,8396.0,27750.0,9420.0,109326.0,9597.0,29508.0,19503.0,7836.0,8801.0
687,8466.0,8172.0,9752.0,8622.0,18570.0,109372.0,19588.0,19273.0,17720.0,9142.0,9647.0
688,9408.0,18866.0,9147.0,17619.0,19243.0,111443.0,28724.0,19211.0,8411.0,18642.0,8446.0
689,9209.0,9336.0,9249.0,19124.0,9357.0,92875.0,17851.0,18111.0,18965.0,8607.0,8977.0
690,8673.0,18274.0,9103.0,18603.0,9690.0,100164.0,18315.0,29159.0,8695.0,7688.0,6981.0
691,8106.0,8193.0,9296.0,28733.0,9249.0,111196.0,18462.0,27596.0,8030.0,18761.0,8600.0
692,8675.0,18643.0,8948.0,18483.0,17856.0,100707.0,18002.0,18760.0,18981.0,8939.0,8939.0
693,8230.0,28407.0,9003.0,8230.0,18066.0,110045.0,28006.0,19002.0,8752.0,18682.0,8551.0
694,10225.0,9518.0,9542.0,19101.0,18911.0,113287.0,18968.0,9048.0,18746.0,9236.0,8601.0
695,8032.0,8406.0,19728.0,9767.0,18874.0,102311.0,18226.0,18146.0,18098.0,19530.0,8454.0
696,8340.0,27786.0,9232.0,19105.0,9008.0,110085.0,27800.0,18455.0,17339.0,18766.0,7932.0
697,8296.0,17877.0,8860.0,18327.0,19676.0,110103.0,29186.0,8427.0,18902.0,8434.0,8622.0
698,9562.0,8576.0,9130.0,18872.0,18861.0,113645.0,19554.0,19294.0,19652.0,8292.0,9614.0
699,9161.0,18644.0,8369.0,17685.0,19025.0,110057.0,38905.0,19578.0,9151.0,7970.0,7884.0
700,8287.0,18276.0,9266.0,8487.0,18114.0,121058.0,18518.0,18484.0,28632.0,8630.0,9337.0
701,7261.0,17884.0,8372.0,18002.0,19854.0,108614.0,19134.0,18650.0,18376.0,8685.0,8205.0
702,8099.0,19594.0,8740.0,28314.0,18384.0,120924.0,18624.0,18655.0,17722.0,19321.0,8508.0
703,8211.0,17128.0,8422.0,17964.0,18998.0,108434.0,38947.0,28331.0,19569.0,8123.0,8467.0
704,8426.0,18620.0,8980.0,18288.0,19228.0,121206.0,29258.0,19318.0,10185.0,9117.0,8900.0
705,9620.0,19320.0,18263.0,19283.0,18756.0,141942.0,28807.0,28651.0,19067.0,9284.0,8402.0
706,8776.0,19174.0,7393.0,18302.0,28183.0,118894.0,29221.0,28519.0,18834.0,9157.0,7890.0
707,9069.0,28463.0,8606.0,17598.0,18833.0,128987.0,38502.0,19540.0,18263.0,8216.0,7619.0
708,8393.0,17946.0,8582.0,18236.0,18720.0,106501.0,19409.0,19172.0,18733.0,8969.0,7466.0
709,8967.0,18430.0,9104.0,18545.0,8644.0,132190.0,29111.0,19209.0,18265.0,8686.0,7586.0
710,9543.0,19360.0,8937.0,18573.0,19598.0,114010.0,29677.0,18923.0,18671.0,8949.0,8987.0
711,8349.0,18451.0,8853.0,18074.0,17438.0,109107.0,18254.0,8651.0,18808.0,18914.0,8982.0
712,9324.0,29432.0,7711.0,27039.0,18922.0,131274.0,28260.0,19292.0,19136.0,8184.0,8517.0
713,8725.0,18348.0,8919.0,17581.0,9756.0,118815.0,28680.0,19427.0,18564.0,8699.0,8588.0
714,8692.0,27977.0,8315.0,17389.0,9195.0,108196.0,29650.0,18856.0,18635.0,9498.0,7832.0
715,8395.0,18134.0,8087.0,9293.0,19526.0,82574.0,17137.0,18261.0,19769.0,8761.0,
716,7265.0,8485.0,9325.0,19113.0,19768.0,92133.0,28009.0,19792.0,18317.0,9544.0,9097.0
717,9131.0,18349.0,8767.0,18071.0,8596.0,87929.0,27952.0,18079.0,19171.0,19423.0,7407.0
718,9143.0,18845.0,9129.0,19488.0,18261.0,101348.0,28002.0,17209.0,18567.0,9056.0,7400.0
719,9136.0,18681.0,8798.0,18558.0,18718.0,100452.0,28500.0,8891.0,18708.0,9344.0,7533.0
720,9332.0,18880.0,7819.0,19422.0,9249.0,100069.0,28291.0,17859.0,18540.0,19033.0,7517.0
721,9225.0,8973.0,9998.0,19101.0,8428.0,99557.0,28054.0,8280.0,18150.0,8047.0,7505.0
722,8118.0,8145.0,9032.0,28277.0,7361.0,108150.0,37368.0,8180.0,18580.0,17940.0,8576.0
723,9205.0,8646.0,8712.0,18125.0,17746.0,100071.0,28101.0,19523.0,19387.0,28484.0,9658.0
724,8460.0,18229.0,8595.0,18246.0,8322.0,109370.0,29330.0,18917.0,9195.0,18784.0,8514.0
725,8749.0,18512.0,8378.0,18268.0,7871.0,98150.0,18985.0,18518.0,18273.0,17265.0,8852.0
726,8156.0,18383.0,8074.0,29610.0,9658.0,100086.0,29415.0,18902.0,17997.0,28427.0,8506.0
727,8297.0,16922.0,7332.0,18497.0,9360.0,105686.0,28551.0,8586.0,18831.0,18440.0,7177.0
728,8781.0,8707.0,9014.0,18460.0,18998.0,100760.0,39060.0,18778.0,19438.0,28744.0,9324.0
729,8131.0,20274.0,8614.0,18434.0,29879.0,132871.0,19052.0,18280.0,19816.0,28658.0,8517.0
730,8439.0,18443.0,8919.0,8443.0,19145.0,110771.0,28252.0,18737.0,18922.0,50132.0,8825.0
731,8270.0,18268.0,9568.0,8679.0,18907.0,101406.0,29930.0,19540.0,19980.0,79621.0,8839.0
732,8733.0,18291.0,9316.0,19018.0,19535.0,114198.0,18546.0,29442.0,9745.0,88954.0,8820.0
733,8461.0,17641.0,9233.0,18573.0,19514.0,111601.0,29708.0,19106.0,18825.0,90669.0,8825.0
734,9147.0,19178.0,8177.0,9478.0,18382.0,101642.0,28898.0,19483.0,19949.0,138694.0,7837.0
735,7960.0,18563.0,9253.0,18122.0,18987.0,128586.0,18650.0,18678.0,17411.0,128554.0,8612.0
736,9198.0,28932.0,8890.0,17772.0,18412.0,111489.0,38685.0,18782.0,18498.0,80111.0,8483.0
737,7816.0,19186.0,9278.0,18164.0,19042.0,110580.0,38656.0,19382.0,8393.0,98152.0,8203.0
738,8438.0,18257.0,8498.0,18557.0,8516.0,110705.0,19417.0,8568.0,19709.0,68998.0,9910.0
739,8114.0,19105.0,8108.0,29148.0,8152.0,110130.0,18035.0,17374.0,18844.0,39034.0,8589.0
740,8692.0,18418.0,8946.0,18734.0,18224.0,99258.0,30400.0,17996.0,18372.0,29653.0,7750.0
741,8737.0,18129.0,18641.0,9860.0,19251.0,103272.0,19676.0,17987.0,8836.0,27677.0,9074.0
742,8146.0,18213.0,8721.0,19179.0,9426.0,101548.0,19417.0,18258.0,18233.0,28784.0,8814.0
743,8518.0,28286.0,8051.0,19671.0,7975.0,100915.0,28272.0,17767.0,18515.0,19710.0,8868.0
744,8303.0,18500.0,8125.0,18051.0,18618.0,109303.0,18464.0,9432.0,18311.0,9109.0,8344.0
745,9075.0,18635.0,9396.0,18978.0,7433.0,120777.0,19028.0,18306.0,17524.0,8526.0,18274.0
746,8688.0,18660.0,8398.0,19612.0,18112.0,121514.0,19426.0,18839.0,19073.0,8430.0,8663.0
747,8123.0,19522.0,9031.0,18123.0,18867.0,110337.0,19238.0,17972.0,18315.0,8831.0,8266.0
748,9181.0,28728.0,9299.0,8634.0,19159.0,112176.0,18464.0,19142.0,17910.0,9022.0,7819.0
749,8276.0,18461.0,9301.0,28693.0,8267.0,119072.0,18471.0,28239.0,17780.0,9195.0,7300.0
750,8730.0,18537.0,9840.0,19481.0,18124.0,112766.0,28927.0,18552.0,17480.0,9044.0,8988.0
751,8992.0,28152.0,8942.0,8684.0,9435.0,108682.0,27971.0,18353.0,18310.0,8089.0,8002.0
752,8301.0,27787.0,8996.0,18376.0,18450.0,110339.0,29672.0,9299.0,18766.0,8806.0,8768.0
753,8229.0,17621.0,19028.0,10033.0,18394.0,112179.0,17668.0,18625.0,18641.0,19150.0,8862.0
754,9170.0,18365.0,8579.0,17950.0,18725.0,118746.0,18461.0,9005.0,19194.0,9326.0,9368.0
755,8697.0,18593.0,8026.0,19196.0,18590.0,91095.0,18442.0,8451.0,19023.0,9609.0,
756,8965.0,18678.0,9080.0,18564.0,18826.0,100408.0,17797.0,18336.0,9002.0,8752.0,8264.0
757,8835.0,8813.0,8436.0,17536.0,19088.0,109222.0,19501.0,17776.0,18444.0,8003.0,9656.0
758,8617.0,18411.0,8093.0,19237.0,8768.0,102782.0,28707.0,18487.0,9325.0,17857.0,9282.0
759,9027.0,18487.0,8059.0,19548.0,8353.0,91216.0,18109.0,7974.0,18468.0,8835.0,8190.0
760,8761.0,18334.0,8243.0,17877.0,16884.0,98132.0,18772.0,19221.0,8390.0,9450.0,9121.0
761,7283.0,19088.0,8728.0,18113.0,27832.0,118262.0,19696.0,18572.0,18372.0,8106.0,7991.0
762,9000.0,18759.0,8159.0,20054.0,18297.0,102037.0,28393.0,17869.0,18647.0,18776.0,9458.0
763,7772.0,19446.0,8317.0,17602.0,18687.0,107725.0,38450.0,19145.0,9142.0,18975.0,8586.0
764,7536.0,18481.0,9215.0,18414.0,9236.0,89977.0,28115.0,18893.0,7506.0,19483.0,8302.0
765,9011.0,18171.0,9130.0,18318.0,19132.0,109773.0,18788.0,18005.0,10007.0,8339.0,7954.0
766,8114.0,17822.0,8682.0,18366.0,19105.0,107469.0,18844.0,18443.0,8260.0,19191.0,6931.0
767,9365.0,9281.0,8866.0,18740.0,7923.0,91462.0,19266.0,9094.0,29162.0,8777.0,7871.0
768,9246.0,18825.0,9061.0,18219.0,18699.0,99661.0,19173.0,8901.0,18479.0,8679.0,7477.0
769,9100.0,18396.0,9687.0,19109.0,19122.0,103620.0,18772.0,19322.0,19072.0,7337.0,9524.0
770,8268.0,19922.0,8638.0,17853.0,8842.0,109264.0,28138.0,19181.0,9384.0,18990.0,8752.0
771,9057.0,18425.0,8731.0,18358.0,19233.0,101336.0,27970.0,18862.0,19117.0,9573.0,8011.0
772,8532.0,17812.0,9215.0,18832.0,18589.0,99645.0,18251.0,18696.0,9251.0,9144.0,8707.0
773,8775.0,18956.0,8986.0,18716.0,8064.0,91102.0,28261.0,18129.0,18458.0,9037.0,8296.0
774,8231.0,17802.0,8211.0,18893.0,19006.0,120654.0,28499.0,18575.0,8998.0,19115.0,8950.0
775,9019.0,28621.0,8901.0,18279.0,8384.0,98897.0,28179.0,18234.0,18555.0,8147.0,7432.0
776,7609.0,19061.0,9201.0,18505.0,17494.0,107338.0,28316.0,18327.0,18198.0,8545.0,7904.0
777,9083.0,18631.0,8419.0,17126.0,18809.0,108378.0,9387.0,29489.0,17889.0,19176.0,8097.0
778,8988.0,18555.0,8876.0,18188.0,8269.0,99560.0,18806.0,19229.0,8952.0,18345.0,7979.0
779,9159.0,8949.0,9054.0,18386.0,17630.0,109416.0,27954.0,19577.0,18836.0,18769.0,17818.0
780,7908.0,28749.0,9210.0,8539.0,18603.0,99661.0,18412.0,19226.0,8707.0,18373.0,8609.0
781,8540.0,8399.0,8540.0,18440.0,18058.0,108341.0,18090.0,9044.0,17335.0,18700.0,9086.0
782,8863.0,28860.0,9790.0,18281.0,18729.0,121134.0,28621.0,8025.0,18409.0,29754.0,7859.0
783,8592.0,17955.0,8272.0,17846.0,18968.0,107829.0,17623.0,18633.0,17567.0,17978.0,8292.0
784,8871.0,17807.0,9258.0,17600.0,9262.0,101169.0,17067.0,17243.0,8744.0,19923.0,9060.0
785,8109.0,9860.0,8694.0,28937.0,10112.0,111153.0,18582.0,28454.0,8324.0,28681.0,8503.0
786,8234.0,17682.0,8893.0,8009.0,17870.0,97171.0,16542.0,18674.0,8698.0,28136.0,8569.0
787,8887.0,17913.0,18413.0,18678.0,17865.0,116710.0,19144.0,19248.0,8253.0,18869.0,7851.0
788,9301.0,9136.0,8603.0,17236.0,8840.0,80587.0,18980.0,18800.0,17905.0,17830.0,9470.0
789,9416.0,18937.0,8369.0,18488.0,7975.0,98709.0,18552.0,18498.0,18796.0,18916.0,7197.0
790,7700.0,18625.0,7811.0,18085.0,8676.0,96149.0,9592.0,19015.0,9258.0,18097.0,7946.0
791,9274.0,18943.0,8553.0,18337.0,8312.0,99825.0,18088.0,18001.0,17193.0,17072.0,7885.0
792,7940.0,19056.0,8131.0,17241.0,17625.0,107098.0,28585.0,17514.0,16906.0,17778.0,8381.0
793,8217.0,18732.0,7919.0,27665.0,9372.0,119222.0,18817.0,18869.0,18981.0,18019.0,8397.0
794,8439.0,28593.0,8605.0,18021.0,8150.0,109631.0,18059.0,17675.0,18841.0,18053.0,8948.0
795,8613.0,17894.0,8148.0,16875.0,17864.0,98573.0,17650.0,18369.0,18410.0,29286.0,
796,8849.0,28447.0,9323.0,18602.0,18917.0,122338.0,17729.0,27713.0,9316.0,19218.0,9133.0
797,8351.0,17956.0,7286.0,18800.0,18837.0,98381.0,29021.0,9078.0,18457.0,18778.0,9004.0
798,9439.0,19561.0,9369.0,18146.0,18922.0,103030.0,18436.0,19603.0,8169.0,19345.0,8109.0
799,8714.0,8395.0,8729.0,18420.0,19394.0,101313.0,28816.0,8962.0,17928.0,8312.0,8903.0
800,8594.0,17637.0,9121.0,18752.0,7622.0,88926.0,29926.0,18801.0,18966.0,8527.0,8795.0
801,8411.0,18201.0,8605.0,18384.0,18408.0,120083.0,27255.0,19362.0,19078.0,8028.0,8558.0
802,9806.0,19135.0,8809.0,8585.0,18428.0,109688.0,18877.0,28565.0,18794.0,9523.0,8322.0
803,9127.0,19303.0,9660.0,18762.0,9240.0,122062.0,19106.0,18374.0,8725.0,18254.0,9215.0
804,7140.0,18544.0,9168.0,18193.0,19081.0,108060.0,9044.0,18270.0,18847.0,9223.0,8168.0
805,8576.0,18478.0,8265.0,17523.0,18329.0,98355.0,18216.0,18848.0,19375.0,9076.0,9182.0
806,8446.0,18228.0,7879.0,17328.0,18160.0,108123.0,17000.0,17097.0,17688.0,28499.0,9119.0
807,8831.0,18373.0,9450.0,18549.0,18991.0,119934.0,18640.0,18780.0,19334.0,18992.0,8087.0
808,8111.0,7736.0,17947.0,18961.0,8914.0,98049.0,18907.0,9891.0,18081.0,19106.0,8360.0
809,8829.0,18248.0,9341.0,18482.0,18211.0,130800.0,28323.0,18378.0,7921.0,69186.0,9267.0
810,8165.0,20147.0,9541.0,18832.0,8362.0,109537.0,28661.0,18213.0,18370.0,78807.0,8375.0
811,8212.0,20508.0,9055.0,18785.0,8934.0,111620.0,18541.0,18351.0,18953.0,98488.0,8776.0
812,8978.0,8548.0,7469.0,18477.0,19069.0,110499.0,17818.0,28383.0,18371.0,57986.0,9828.0
813,8832.0,19148.0,9187.0,18805.0,17813.0,110117.0,27977.0,18302.0,17576.0,38963.0,7252.0
814,8237.0,17965.0,9189.0,17820.0,8777.0,110651.0,18432.0,28565.0,18558.0,8831.0,9067.0
815,8397.0,28168.0,9337.0,8165.0,18745.0,120383.0,17539.0,18270.0,19008.0,8952.0,9157.0
816,9828.0,19224.0,9067.0,8152.0,18493.0,111824.0,27843.0,18788.0,18248.0,8904.0,17545.0
817,8122.0,17901.0,8051.0,7627.0,10361.0,87669.0,28692.0,8819.0,19004.0,8965.0,8699.0
818,9144.0,8583.0,18092.0,19164.0,8641.0,109606.0,27567.0,8273.0,9382.0,8661.0,9225.0
819,9166.0,18402.0,9394.0,19074.0,8769.0,101602.0,19505.0,9498.0,18677.0,18827.0,7681.0
820,8133.0,17616.0,9184.0,18672.0,18819.0,118331.0,18741.0,18446.0,17592.0,9259.0,8235.0
821,9369.0,8783.0,9384.0,18509.0,9728.0,110604.0,27763.0,19733.0,8402.0,18302.0,9771.0
822,8904.0,18930.0,9295.0,18706.0,9687.0,104027.0,29646.0,19438.0,9282.0,18443.0,9097.0
823,8130.0,17763.0,8536.0,17908.0,7483.0,95288.0,19277.0,18918.0,18699.0,8707.0,7684.0
824,8684.0,17687.0,8176.0,19048.0,19358.0,100502.0,28998.0,19684.0,19053.0,7324.0,9005.0
825,9511.0,8969.0,9280.0,18685.0,19430.0,104098.0,28681.0,18853.0,8441.0,17381.0,18660.0
826,9956.0,9300.0,8953.0,18670.0,8635.0,101327.0,18421.0,19188.0,18277.0,9295.0,9471.0
827,8570.0,18094.0,8877.0,17361.0,9741.0,90903.0,28662.0,8955.0,18572.0,7993.0,8892.0
828,9846.0,19390.0,9385.0,18803.0,18348.0,120508.0,27734.0,19316.0,18389.0,8443.0,8674.0
829,8958.0,18482.0,9003.0,18349.0,8654.0,99275.0,17762.0,18534.0,19320.0,8372.0,9658.0
830,8779.0,18085.0,9373.0,18858.0,17238.0,99548.0,27041.0,18465.0,19395.0,7897.0,9066.0
831,8945.0,18322.0,8964.0,18363.0,18079.0,109946.0,19225.0,18767.0,18849.0,10020.0,7893.0
832,8651.0,27545.0,9159.0,18568.0,18539.0,109829.0,27446.0,18869.0,19288.0,9427.0,8683.0
833,7731.0,18712.0,9660.0,18693.0,18776.0,108639.0,29040.0,18728.0,18055.0,8654.0,7186.0
834,8903.0,18882.0,9306.0,18797.0,8829.0,101905.0,28556.0,19464.0,29172.0,8546.0,7969.0
835,9893.0,19276.0,8398.0,17999.0,18470.0,101975.0,8852.0,18539.0,19094.0,17294.0,
836,7564.0,9075.0,8015.0,19086.0,18488.0,89299.0,19130.0,18776.0,20079.0,8669.0,8058.0
837,7694.0,19153.0,8944.0,18478.0,18270.0,109142.0,28301.0,8556.0,18387.0,37829.0,8286.0
838,8165.0,18414.0,8447.0,18027.0,17491.0,98375.0,28755.0,19940.0,8829.0,60051.0,8845.0
839,8542.0,27784.0,8163.0,19092.0,8397.0,110240.0,19216.0,28103.0,8809.0,69431.0,8912.0
840,8424.0,18188.0,9341.0,18492.0,18977.0,111105.0,19617.0,29473.0,8945.0,48145.0,18044.0
841,8156.0,18014.0,8012.0,18975.0,19299.0,109198.0,19249.0,19157.0,9106.0,48795.0,8344.0
842,8113.0,18067.0,7863.0,18426.0,18893.0,98559.0,28446.0,8791.0,18301.0,47364.0,8493.0
843,8742.0,18061.0,8231.0,17388.0,18111.0,98985.0,28173.0,19152.0,19039.0,49297.0,9307.0
844,8704.0,18626.0,8655.0,17648.0,18537.0,109934.0,28601.0,18466.0,18565.0,17274.0,8823.0
845,8721.0,18337.0,8621.0,19699.0,18753.0,111789.0,27835.0,7983.0,18109.0,9666.0,9221.0
846,8384.0,17540.0,9101.0,7606.0,18749.0,99480.0,27803.0,18800.0,19001.0,18612.0,9503.0
847,7533.0,18954.0,8682.0,28274.0,9290.0,120057.0,28527.0,17569.0,18941.0,27816.0,8099.0
848,7971.0,27295.0,8799.0,8168.0,19724.0,98993.0,28798.0,18608.0,19430.0,49208.0,8677.0
849,8640.0,18163.0,7929.0,9251.0,18459.0,89301.0,28893.0,18743.0,19088.0,58696.0,8870.0
850,9011.0,19003.0,8151.0,19743.0,18712.0,120715.0,18202.0,18495.0,19485.0,79272.0,7743.0
851,7500.0,18861.0,8738.0,8003.0,9665.0,106863.0,28119.0,17937.0,7462.0,109643.0,7979.0
852,7917.0,19118.0,8825.0,18096.0,17950.0,117754.0,18458.0,9640.0,29490.0,118463.0,8379.0
853,8799.0,8007.0,9292.0,18549.0,8405.0,91074.0,18665.0,8120.0,17523.0,99286.0,8631.0
854,8746.0,18142.0,18619.0,19441.0,19370.0,121222.0,29182.0,18608.0,18070.0,77957.0,8259.0
855,8472.0,18811.0,8250.0,18673.0,17737.0,100028.0,27995.0,17990.0,18583.0,68148.0,8454.0
856,8069.0,29020.0,8916.0,18523.0,8786.0,108844.0,17544.0,8887.0,18120.0,48090.0,8183.0
857,8776.0,17848.0,18745.0,18704.0,17900.0,119043.0,28805.0,18651.0,18451.0,37663.0,8189.0
858,8702.0,19019.0,9347.0,18344.0,18460.0,101223.0,18453.0,29152.0,8109.0,39030.0,9332.0
859,7566.0,18947.0,8987.0,27813.0,18243.0,108609.0,28729.0,19462.0,18446.0,28175.0,8152.0
860,19450.0,20102.0,8599.0,28693.0,9142.0,122710.0,27780.0,29000.0,18601.0,8989.0,8030.0
861,7981.0,18661.0,9252.0,17761.0,8993.0,100633.0,28823.0,9228.0,18828.0,8518.0,8428.0
862,8835.0,8487.0,8098.0,19396.0,9450.0,101378.0,19014.0,8159.0,19218.0,8437.0,9178.0
863,9338.0,18775.0,8438.0,8041.0,19134.0,100902.0,39331.0,8591.0,18854.0,18575.0,8165.0
864,9074.0,18573.0,9642.0,18245.0,18631.0,110834.0,17834.0,18859.0,19388.0,8732.0,8112.0
865,8435.0,18590.0,9193.0,18912.0,9341.0,92835.0,29571.0,19285.0,8955.0,8537.0,8971.0
866,8768.0,18636.0,18695.0,19008.0,17647.0,130863.0,19591.0,19485.0,17611.0,8269.0,9157.0
867,9264.0,18695.0,9286.0,18430.0,9371.0,101285.0,19594.0,9445.0,29370.0,8743.0,7915.0
868,9151.0,18567.0,9198.0,18581.0,18524.0,110870.0,19153.0,18706.0,9396.0,19345.0,17893.0
869,7595.0,19302.0,8768.0,28255.0,17767.0,109059.0,29126.0,17508.0,18153.0,8171.0,8227.0
870,8075.0,28135.0,8887.0,7855.0,19340.0,119935.0,19819.0,19129.0,8395.0,18779.0,8492.0
871,9130.0,18803.0,9064.0,18562.0,18386.0,111224.0,28223.0,17849.0,17660.0,8599.0,8045.0
872,8929.0,27891.0,8209.0,18901.0,19061.0,109027.0,18687.0,18300.0,18969.0,9178.0,7823.0
873,8185.0,18270.0,9012.0,17801.0,19257.0,121709.0,18443.0,17591.0,18875.0,9493.0,9832.0
874,8796.0,18469.0,9022.0,18194.0,19125.0,111058.0,18669.0,17744.0,9419.0,19397.0,8173.0
875,8408.0,27683.0,8872.0,28854.0,9257.0,101474.0,19060.0,18219.0,18412.0,9417.0,
876,8215.0,18078.0,8071.0,9442.0,19363.0,89622.0,28764.0,18028.0,17941.0,8758.0,7610.0
877,8670.0,8266.0,17785.0,9842.0,19185.0,101730.0,18275.0,18618.0,18364.0,8876.0,9257.0
878,8515.0,27965.0,9124.0,17556.0,7558.0,106726.0,38559.0,18807.0,18130.0,9431.0,7924.0
879,8897.0,18292.0,7951.0,18532.0,18946.0,109313.0,18814.0,28960.0,9222.0,9365.0,8145.0
880,8085.0,17451.0,7914.0,18745.0,18796.0,108782.0,18372.0,17430.0,18953.0,18788.0,8483.0
881,8286.0,17756.0,8310.0,17090.0,18053.0,116670.0,28589.0,9376.0,17719.0,9200.0,8796.0
882,8275.0,17955.0,9407.0,19136.0,18390.0,110517.0,18967.0,18496.0,18250.0,8305.0,8430.0
883,9045.0,18362.0,8789.0,27780.0,19186.0,110195.0,28496.0,19180.0,18352.0,9437.0,7974.0
884,9116.0,28016.0,9078.0,19007.0,8690.0,109054.0,27619.0,17776.0,7825.0,8681.0,7609.0
885,8677.0,17901.0,8522.0,17833.0,7569.0,107204.0,29312.0,18036.0,19033.0,9242.0,8778.0
886,8603.0,18202.0,8667.0,17882.0,18522.0,109754.0,28302.0,18376.0,17825.0,9257.0,9380.0
887,9868.0,19100.0,8932.0,18607.0,9116.0,111901.0,27977.0,9145.0,19165.0,18778.0,8503.0
888,8887.0,18840.0,9337.0,18194.0,19277.0,101936.0,36264.0,28668.0,19237.0,8596.0,8188.0
889,8794.0,28092.0,7980.0,19128.0,8087.0,108744.0,19158.0,28449.0,19105.0,9269.0,7881.0
890,8417.0,18348.0,9037.0,18350.0,17658.0,107739.0,18588.0,19168.0,19470.0,8000.0,6751.0
891,8085.0,18019.0,8876.0,18292.0,17902.0,107513.0,17563.0,19147.0,19226.0,8979.0,8284.0
892,8524.0,28412.0,9320.0,18802.0,19269.0,121725.0,18496.0,18061.0,19321.0,8711.0,8923.0
893,8978.0,18635.0,8887.0,28341.0,9427.0,109925.0,28816.0,9395.0,27895.0,8788.0,7725.0
894,9121.0,18701.0,9268.0,18299.0,19197.0,121514.0,17608.0,18956.0,18426.0,9117.0,9433.0
895,8693.0,18631.0,8208.0,19020.0,18188.0,101556.0,18971.0,17657.0,9251.0,18531.0,8943.0
896,8329.0,18094.0,9491.0,18797.0,9679.0,101105.0,18916.0,8325.0,19250.0,8609.0,8625.0
897,8303.0,17885.0,8472.0,17708.0,8229.0,98317.0,18438.0,19299.0,18676.0,9890.0,8598.0
898,8387.0,18578.0,9302.0,19011.0,8614.0,99913.0,17939.0,19405.0,18577.0,9435.0,7106.0
899,8376.0,8170.0,9271.0,18668.0,9131.0,99434.0,29093.0,8876.0,19145.0,7435.0,8492.0
900,8604.0,8333.0,9425.0,18679.0,7943.0,89872.0,19075.0,17326.0,9235.0,18185.0,8894.0
901,9305.0,18520.0,7307.0,28063.0,7986.0,107408.0,17097.0,18173.0,18571.0,9553.0,7589.0
902,8021.0,17592.0,9339.0,18821.0,8812.0,99711.0,18306.0,8239.0,18099.0,9117.0,8732.0
903,8888.0,18493.0,9271.0,8855.0,19392.0,100935.0,18991.0,18989.0,8649.0,9332.0,7698.0
904,8423.0,18344.0,18546.0,18632.0,8176.0,110469.0,27835.0,9352.0,18008.0,8580.0,9049.0
905,9125.0,29086.0,9414.0,8815.0,18871.0,111972.0,17994.0,18264.0,19188.0,8678.0,7984.0
906,8246.0,18527.0,9091.0,18194.0,18293.0,99877.0,18367.0,17660.0,18853.0,9212.0,8457.0
907,8947.0,18669.0,9354.0,18409.0,8043.0,101579.0,18497.0,18477.0,19281.0,9330.0,9178.0
908,8576.0,8499.0,9629.0,18477.0,7713.0,109336.0,29134.0,19594.0,8891.0,9289.0,8906.0
909,7350.0,17767.0,9242.0,17706.0,18569.0,108546.0,19182.0,29014.0,18895.0,8524.0,8520.0
910,8876.0,18728.0,8914.0,18763.0,18281.0,110326.0,27862.0,8186.0,18698.0,8526.0,8742.0
911,9020.0,18927.0,8038.0,18110.0,18958.0,99679.0,18639.0,19048.0,17673.0,9512.0,7612.0
912,8521.0,18013.0,8569.0,8143.0,17930.0,97484.0,17784.0,9248.0,18307.0,7827.0,8957.0
913,8229.0,18169.0,9020.0,18467.0,8433.0,99314.0,18610.0,17771.0,17690.0,9434.0,8297.0
914,7798.0,19064.0,8392.0,19308.0,18907.0,100962.0,39528.0,8656.0,18923.0,18571.0,8387.0
915,6886.0,28208.0,8602.0,17992.0,8061.0,98763.0,18589.0,18782.0,17650.0,8727.0,
916,8187.0,16542.0,9013.0,18352.0,19061.0,116796.0,28498.0,18311.0,18392.0,9918.0,8926.0
917,7652.0,19272.0,8359.0,19346.0,19329.0,120488.0,19090.0,18830.0,18900.0,8996.0,8197.0
918,7447.0,19439.0,9517.0,18731.0,18558.0,99872.0,28796.0,19020.0,18871.0,8299.0,8520.0
919,7507.0,18751.0,18145.0,18838.0,9358.0,118199.0,18618.0,9130.0,17813.0,17482.0,9064.0
920,8714.0,28007.0,9800.0,18572.0,7977.0,111311.0,18844.0,19472.0,19327.0,7883.0,9091.0
921,8662.0,18242.0,8998.0,18643.0,8746.0,99842.0,18498.0,19445.0,19767.0,9003.0,9020.0
922,8245.0,17999.0,8308.0,7953.0,18726.0,87786.0,19360.0,18221.0,19176.0,8043.0,8523.0
923,9239.0,18930.0,9274.0,18328.0,8620.0,110800.0,18163.0,8156.0,18510.0,8113.0,7295.0
924,9198.0,18451.0,7848.0,19357.0,9021.0,91301.0,28371.0,9136.0,18897.0,9378.0,8971.0
925,8424.0,9714.0,9231.0,18622.0,18808.0,107935.0,18002.0,18971.0,18352.0,8647.0,7633.0
926,8533.0,28359.0,8933.0,8285.0,18236.0,99216.0,28503.0,9533.0,8241.0,18527.0,8715.0
927,9473.0,18832.0,8220.0,19997.0,19254.0,111624.0,18364.0,19385.0,17376.0,8980.0,8217.0
928,8788.0,28797.0,9083.0,18007.0,18504.0,119908.0,18554.0,18615.0,19378.0,9737.0,7785.0
929,7791.0,17902.0,8016.0,19266.0,9140.0,88786.0,28268.0,18694.0,17978.0,9233.0,8634.0
930,8676.0,18130.0,8418.0,8342.0,19650.0,90110.0,29064.0,8914.0,18156.0,7046.0,8700.0
931,8195.0,17744.0,8498.0,17983.0,7434.0,96143.0,17827.0,18279.0,9277.0,17875.0,8550.0
932,8866.0,8543.0,8222.0,27068.0,17698.0,117091.0,26854.0,19049.0,18607.0,47805.0,17793.0
933,9624.0,19318.0,8993.0,8865.0,18421.0,91470.0,26803.0,18235.0,8720.0,8850.0,8195.0
934,8263.0,19254.0,8690.0,17790.0,17986.0,109119.0,17838.0,16684.0,8544.0,8671.0,8608.0
935,8126.0,17125.0,19596.0,20221.0,8164.0,108907.0,28450.0,18432.0,8198.0,28624.0,7670.0
936,9051.0,18766.0,8720.0,17730.0,18027.0,129625.0,18833.0,17978.0,19156.0,18927.0,18121.0
937,7367.0,18806.0,9095.0,29224.0,8250.0,108489.0,28090.0,18091.0,18921.0,18161.0,7923.0
938,7517.0,18733.0,8719.0,17445.0,17696.0,107476.0,19670.0,18951.0,18776.0,9354.0,8342.0
939,8540.0,17145.0,7989.0,27281.0,18652.0,116866.0,18784.0,17735.0,9983.0,18667.0,9086.0
940,8666.0,17740.0,8785.0,18525.0,18411.0,107828.0,28423.0,8233.0,17818.0,7202.0,7661.0
941,8440.0,17849.0,8315.0,18404.0,18268.0,108380.0,19300.0,18547.0,17065.0,7415.0,8893.0
942,8541.0,18311.0,8662.0,18577.0,17258.0,109328.0,18293.0,28107.0,18464.0,9255.0,8544.0
943,8325.0,17988.0,9573.0,19214.0,8724.0,101013.0,18670.0,17701.0,18935.0,8844.0,8720.0
944,8330.0,17617.0,7883.0,19215.0,9480.0,100489.0,38606.0,8519.0,18431.0,8306.0,8422.0
945,9135.0,19126.0,8209.0,18651.0,9191.0,100832.0,19081.0,17744.0,18188.0,18750.0,8266.0
946,9879.0,9867.0,9146.0,18577.0,8523.0,101108.0,19647.0,9217.0,9692.0,8702.0,8376.0
947,8202.0,9680.0,9380.0,18771.0,18686.0,109579.0,18132.0,29024.0,9802.0,9297.0,8612.0
948,7808.0,19015.0,8663.0,18269.0,18194.0,108739.0,28540.0,18254.0,19049.0,8517.0,8090.0
949,8409.0,18327.0,18363.0,18406.0,9300.0,100895.0,18261.0,19187.0,19085.0,7624.0,8984.0
950,7887.0,18508.0,8266.0,17448.0,7998.0,97477.0,29381.0,9212.0,17920.0,8125.0,8344.0
951,8400.0,17597.0,8766.0,18198.0,17944.0,97129.0,18174.0,17716.0,7895.0,18675.0,8481.0
952,7426.0,9272.0,18285.0,7740.0,17573.0,96144.0,18420.0,18492.0,7894.0,9447.0,8501.0
953,9080.0,18143.0,9334.0,18360.0,9142.0,111950.0,18338.0,28512.0,18605.0,8814.0,9503.0
954,7676.0,18705.0,9803.0,18015.0,18256.0,117319.0,19317.0,27846.0,8425.0,9659.0,8661.0
955,18098.0,18770.0,8424.0,17953.0,8896.0,101367.0,38534.0,18287.0,19158.0,18291.0,
956,8410.0,17157.0,9258.0,18934.0,19081.0,119788.0,28711.0,20179.0,18221.0,38611.0,8810.0
957,9032.0,27953.0,7970.0,18548.0,9118.0,118369.0,27602.0,17924.0,9642.0,28087.0,8131.0
958,9131.0,18962.0,7321.0,18144.0,8526.0,108031.0,27554.0,8377.0,16802.0,8729.0,9013.0
959,8918.0,18651.0,8433.0,17123.0,18557.0,98134.0,18513.0,18611.0,8964.0,9762.0,7595.0
960,7374.0,28599.0,9008.0,8853.0,18235.0,118290.0,18589.0,8703.0,19075.0,7911.0,8211.0
961,8901.0,18141.0,9236.0,18559.0,19389.0,110132.0,19251.0,17988.0,8897.0,19441.0,7626.0
962,10072.0,9737.0,8001.0,19477.0,8922.0,101781.0,29270.0,18936.0,8999.0,19853.0,18539.0
963,8855.0,8631.0,9218.0,18573.0,17073.0,90506.0,27294.0,8572.0,18417.0,8635.0,9331.0
964,8798.0,18043.0,9782.0,18600.0,7453.0,105369.0,26925.0,17910.0,18302.0,9177.0,7301.0
965,9006.0,18155.0,8161.0,19149.0,17925.0,108145.0,38568.0,18809.0,18034.0,8526.0,7521.0
966,8397.0,17282.0,8958.0,18467.0,18489.0,117654.0,28739.0,17712.0,19222.0,8796.0,8536.0
967,8719.0,18151.0,8468.0,17555.0,18356.0,97644.0,27669.0,29067.0,18612.0,8824.0,7679.0
968,7920.0,18021.0,9247.0,8516.0,18663.0,118498.0,29298.0,18088.0,17588.0,8241.0,8287.0
969,8675.0,28816.0,8438.0,9213.0,18176.0,111397.0,29546.0,9789.0,9642.0,18767.0,9204.0
970,8060.0,18125.0,9006.0,18146.0,18492.0,108530.0,27554.0,18441.0,19227.0,19186.0,7649.0
971,9108.0,18804.0,8805.0,18021.0,17490.0,119430.0,27285.0,8318.0,18664.0,9334.0,8141.0
972,8337.0,8230.0,9276.0,28045.0,8463.0,108453.0,29647.0,8794.0,17393.0,8530.0,8901.0
973,9361.0,18674.0,9327.0,19180.0,8614.0,101872.0,17932.0,18349.0,18183.0,8375.0,8225.0
974,8136.0,18348.0,9634.0,18534.0,8188.0,99320.0,18323.0,17335.0,18683.0,8096.0,8233.0
975,8363.0,18262.0,9060.0,18085.0,9101.0,99536.0,18641.0,18693.0,17721.0,9044.0,8492.0
976,8273.0,17929.0,8840.0,17860.0,8474.0,97902.0,28789.0,8456.0,18283.0,8679.0,8552.0
977,9251.0,19326.0,9040.0,18099.0,18477.0,112231.0,28783.0,29222.0,18724.0,8455.0,8655.0
978,8178.0,17211.0,8376.0,18895.0,18260.0,108052.0,18859.0,18781.0,18817.0,19878.0,8586.0
979,8632.0,17910.0,9013.0,8377.0,9847.0,99126.0,17818.0,18551.0,8705.0,8105.0,8902.0
980,9041.0,19010.0,9005.0,8219.0,17096.0,99692.0,18809.0,8427.0,18286.0,8879.0,7992.0
981,8896.0,8447.0,9242.0,17379.0,18895.0,120082.0,27939.0,8806.0,19078.0,8416.0,9319.0
982,7805.0,18722.0,8545.0,17349.0,8752.0,97882.0,18598.0,19192.0,18479.0,18526.0,8291.0
983,8651.0,17888.0,8995.0,28703.0,8866.0,111251.0,28349.0,17826.0,18805.0,7818.0,8851.0
984,8114.0,17805.0,9150.0,18659.0,17867.0,99308.0,18442.0,19179.0,9263.0,9038.0,9019.0
985,9469.0,18894.0,7953.0,19847.0,19405.0,111304.0,28250.0,18072.0,17963.0,9032.0,7931.0
986,9255.0,18678.0,9542.0,18646.0,8441.0,100683.0,27138.0,17489.0,18597.0,8022.0,7922.0
987,8608.0,18397.0,9291.0,8804.0,18846.0,90810.0,18168.0,17544.0,18872.0,9033.0,8675.0
988,7650.0,18298.0,10008.0,19427.0,8636.0,108290.0,18570.0,17711.0,18887.0,8688.0,8229.0
989,9321.0,18439.0,9218.0,18600.0,18085.0,121278.0,18244.0,18995.0,18557.0,8355.0,8302.0
990,8806.0,18793.0,8666.0,17547.0,19047.0,110734.0,19404.0,7917.0,17386.0,8062.0,9089.0
991,8837.0,20693.0,9501.0,19038.0,8747.0,103425.0,19196.0,18537.0,9385.0,18839.0,8804.0
992,8232.0,18208.0,8425.0,27209.0,8595.0,108160.0,19085.0,19329.0,7427.0,18580.0,8776.0
993,8682.0,8568.0,8600.0,18626.0,18891.0,100799.0,28780.0,17980.0,18660.0,18899.0,9039.0
994,9516.0,8051.0,8681.0,18135.0,18414.0,100328.0,39503.0,18304.0,8049.0,17961.0,
995,8590.0,18601.0,8931.0,18274.0,8980.0,99454.0,19109.0,18835.0,8905.0,18339.0,7831.0
996,8016.0,17055.0,9028.0,17967.0,7881.0,87815.0,27554.0,9513.0,7690.0,18417.0,8745.0
997,8543.0,8160.0,8398.0,17902.0,9377.0,88649.0,19048.0,19287.0,18142.0,9096.0,8702.0
998,8758.0,18286.0,9321.0,8732.0,18320.0,90616.0,28530.0,8115.0,19284.0,8791.0,8626.0
999,9263.0,18709.0,8894.0,18291.0,19033.0,101428.0,19348.0,18923.0,18076.0,9110.0,8496.0
1000,8835.0,18286.0,8797.0,8544.0,18002.0,88893.0,18116.0,17826.0,9448.0,9229.0,8162.0
1001,8352.0,27753.0,9019.0,18404.0,17917.0,117002.0,38486.0,18314.0,18747.0,8521.0,7598.0
1002,8216.0,27827.0,8145.0,17639.0,8619.0,107672.0,17640.0,18592.0,17753.0,9137.0,8628.0
1003,7235.0,27058.0,9233.0,29327.0,17473.0,127378.0,28051.0,18655.0,17787.0,9169.0,8381.0
1004,8109.0,18120.0,8617.0,18194.0,9083.0,98472.0,18813.0,8108.0,18152.0,8354.0,8508.0
1005,8493.0,18109.0,9014.0,17860.0,18145.0,99632.0,27637.0,8855.0,19156.0,8909.0,8846.0
1006,8983.0,18297.0,9095.0,18506.0,8386.0,98907.0,18470.0,18940.0,8521.0,7773.0,7877.0
1007,7324.0,19256.0,9873.0,19146.0,9122.0,100763.0,17952.0,17910.0,18258.0,8726.0,18284.0
1008,8115.0,18031.0,8139.0,18873.0,9842.0,90181.0,18479.0,8878.0,17010.0,8558.0,8301.0
1009,8180.0,7879.0,9436.0,18578.0,9222.0,81007.0,17971.0,18580.0,7674.0,8432.0,8354.0
1010,8889.0,19014.0,8605.0,18208.0,19170.0,100490.0,18190.0,17812.0,18821.0,9477.0,7820.0
1011,8496.0,18016.0,9737.0,19260.0,8580.0,92843.0,28371.0,8313.0,18440.0,9235.0,9610.0
1012,8530.0,8915.0,9524.0,29203.0,9247.0,103389.0,28931.0,8721.0,19429.0,7861.0,9004.0
1013,9559.0,9361.0,18863.0,10033.0,18510.0,93526.0,28962.0,8780.0,17668.0,9342.0,8032.0
1014,9056.0,19001.0,7951.0,19059.0,7437.0,99202.0,19393.0,9410.0,19332.0,7947.0,8972.0
1015,18230.0,17084.0,6691.0,16840.0,8722.0,105457.0,18440.0,18452.0,19543.0,8536.0,8627.0
1016,8487.0,8628.0,8028.0,19038.0,19316.0,90823.0,18240.0,19232.0,18262.0,9113.0,8854.0
1017,8727.0,9691.0,9264.0,18628.0,9042.0,102271.0,18257.0,18226.0,19247.0,8571.0,9228.0
1018,8577.0,7936.0,9056.0,18813.0,18694.0,89402.0,17806.0,28095.0,9321.0,17950.0,8589.0
1019,9045.0,18930.0,9546.0,18563.0,9194.0,103422.0,17997.0,17948.0,18949.0,8321.0,8833.0
1020,8986.0,18425.0,8999.0,18558.0,9885.0,104283.0,29026.0,18626.0,7967.0,9138.0,8960.0
1021,8977.0,18382.0,8819.0,17762.0,18050.0,108606.0,28649.0,19234.0,19194.0,9343.0,7774.0
1022,8138.0,28540.0,8584.0,18998.0,9199.0,110603.0,29543.0,19012.0,19267.0,8481.0,8611.0
1023,8642.0,18236.0,9388.0,18985.0,8770.0,101599.0,28664.0,17905.0,9106.0,18734.0,8838.0
1024,9337.0,8545.0,8960.0,18131.0,19294.0,102277.0,28967.0,7582.0,17874.0,48925.0,18571.0
1025,9361.0,29250.0,9679.0,28735.0,8812.0,122472.0,18643.0,19588.0,9362.0,79194.0,8405.0
1026,8901.0,28498.0,9381.0,8774.0,18879.0,102780.0,28803.0,19472.0,18122.0,79440.0,9073.0
1027,8827.0,8868.0,8674.0,18207.0,19368.0,92492.0,18854.0,19507.0,8837.0,79224.0,9265.0
1028,8653.0,18905.0,8800.0,18259.0,8526.0,101910.0,19389.0,19027.0,18136.0,67837.0,9016.0
1029,8758.0,18867.0,18419.0,9535.0,17268.0,100726.0,28633.0,29283.0,28953.0,39256.0,8274.0
1030,9151.0,18137.0,9097.0,18172.0,9622.0,121665.0,27469.0,19645.0,19537.0,19444.0,9779.0
1031,8104.0,19503.0,8595.0,19482.0,9183.0,112379.0,18178.0,18972.0,8474.0,19019.0,8579.0
1032,8504.0,17785.0,18622.0,19239.0,18758.0,120893.0,18396.0,18301.0,8044.0,18914.0,8962.0
1033,8861.0,18415.0,8849.0,17744.0,19730.0,100722.0,18396.0,18964.0,18717.0,8996.0,7487.0
1034,9028.0,18925.0,8997.0,8450.0,18845.0,84326.0,19799.0,17961.0,18634.0,77931.0,
1035,8359.0,28353.0,9297.0,18898.0,18896.0,111056.0,19176.0,19173.0,18632.0,89261.0,8571.0
1036,8222.0,8259.0,7371.0,17940.0,18776.0,89026.0,19811.0,19008.0,17549.0,68929.0,8902.0
1037,9210.0,18933.0,8507.0,17620.0,8849.0,101037.0,28362.0,9119.0,18622.0,78609.0,8141.0
1038,8725.0,19266.0,8426.0,18383.0,9541.0,92341.0,29040.0,18809.0,8642.0,70682.0,8513.0
1039,9509.0,9314.0,9030.0,18547.0,19134.0,93188.0,18585.0,19080.0,19325.0,59556.0,8424.0
1040,8903.0,18229.0,9352.0,18768.0,19359.0,102039.0,18676.0,19265.0,9350.0,68774.0,8867.0
1041,8048.0,17596.0,9162.0,18025.0,18719.0,108681.0,28843.0,7627.0,18765.0,78535.0,8434.0
1042,8881.0,8380.0,9497.0,29306.0,9391.0,93618.0,29180.0,8707.0,19037.0,58649.0,9382.0
1043,8034.0,19342.0,9294.0,8909.0,18042.0,91202.0,18975.0,17318.0,8444.0,58754.0,8225.0
1044,8909.0,18121.0,9350.0,18729.0,8689.0,91582.0,28974.0,18304.0,17939.0,69845.0,9092.0
1045,7813.0,28569.0,9529.0,29359.0,18247.0,120747.0,28135.0,18834.0,27238.0,60045.0,9160.0
1046,7793.0,18849.0,8902.0,17865.0,18536.0,109564.0,29088.0,18269.0,18722.0,77938.0,8134.0
1047,8786.0,17919.0,9221.0,18647.0,9189.0,111524.0,28336.0,17789.0,18992.0,79592.0,9351.0
1048,8708.0,28487.0,8115.0,19104.0,18380.0,110992.0,29277.0,18915.0,19544.0,58395.0,9250.0
1049,8281.0,17571.0,9309.0,19664.0,8731.0,90806.0,30142.0,18846.0,9384.0,78482.0,8420.0
1050,8825.0,18700.0,9412.0,8656.0,19215.0,92056.0,29299.0,9345.0,19562.0,59038.0,7959.0
1051,8775.0,18720.0,8424.0,18288.0,19352.0,111858.0,28643.0,18333.0,8586.0,59488.0,9356.0
1052,8592.0,17190.0,9108.0,19556.0,9329.0,101916.0,18217.0,19339.0,19281.0,49795.0,8738.0
1053,8787.0,8441.0,9454.0,19615.0,8382.0,102110.0,28977.0,9706.0,18090.0,49201.0,18538.0
1054,8509.0,17918.0,9415.0,9012.0,19220.0,92965.0,19229.0,18887.0,9300.0,48780.0,9135.0
1055,18219.0,9929.0,8982.0,18905.0,17949.0,110751.0,19233.0,18483.0,18656.0,60179.0,8632.0
1056,9393.0,18949.0,7267.0,19083.0,18961.0,100862.0,28767.0,19500.0,18996.0,100513.0,7857.0
1057,9354.0,19564.0,8049.0,18781.0,19013.0,103246.0,19770.0,18750.0,8163.0,59865.0,8516.0
1058,8444.0,8421.0,9822.0,19247.0,9338.0,92658.0,17538.0,19486.0,29053.0,59391.0,8728.0
1059,8625.0,9173.0,8385.0,18699.0,8416.0,99723.0,19369.0,19161.0,9026.0,59297.0,9343.0
1060,9048.0,18772.0,8970.0,18812.0,18765.0,101774.0,18566.0,19807.0,19151.0,47773.0,8031.0
1061,8936.0,8681.0,18118.0,9560.0,18088.0,91372.0,19507.0,19530.0,19411.0,58829.0,8928.0
1062,9329.0,18987.0,8669.0,18960.0,7863.0,99930.0,18934.0,19485.0,18979.0,49161.0,7911.0
1063,8642.0,18902.0,8587.0,8025.0,19375.0,99748.0,18132.0,18372.0,18791.0,67992.0,8173.0
1064,9212.0,18700.0,9031.0,18781.0,8993.0,93617.0,29379.0,18385.0,9612.0,49049.0,9173.0
1065,7715.0,19383.0,8640.0,18525.0,8976.0,101273.0,19336.0,18997.0,8990.0,48776.0,8217.0
1066,9179.0,9122.0,7461.0,18771.0,19562.0,102568.0,18851.0,8342.0,18325.0,48883.0,9365.0
1067,8690.0,8264.0,8818.0,17316.0,18270.0,89348.0,18449.0,19202.0,8777.0,80237.0,8591.0
1068,9002.0,18413.0,9325.0,8787.0,18549.0,92838.0,29641.0,7497.0,18346.0,49384.0,9198.0
1069,8059.0,19154.0,8597.0,18479.0,18183.0,109771.0,19416.0,9350.0,18573.0,58841.0,8872.0
1070,8737.0,8377.0,18290.0,19529.0,8345.0,90931.0,28957.0,18395.0,8845.0,59304.0,8570.0
1071,7958.0,19697.0,9807.0,18778.0,9212.0,92757.0,19431.0,9037.0,9746.0,69095.0,8926.0
1072,9163.0,9273.0,8101.0,18980.0,19308.0,114011.0,29280.0,9487.0,18280.0,59756.0,10265.0
1073,8431.0,9192.0,18477.0,8706.0,18395.0,81077.0,19308.0,19218.0,9116.0,19327.0,
1074,9782.0,19421.0,9390.0,19388.0,19456.0,105899.0,18243.0,19135.0,19153.0,29273.0,9008.0
1075,8738.0,18391.0,9283.0,18185.0,8522.0,100162.0,18632.0,17941.0,18580.0,28781.0,9109.0
1076,8411.0,19777.0,9825.0,28892.0,7904.0,131974.0,28552.0,8440.0,18793.0,19329.0,8795.0
1077,7800.0,18873.0,8123.0,19473.0,18390.0,109274.0,28195.0,29343.0,19336.0,9338.0,8340.0
1078,7786.0,18956.0,8571.0,18205.0,17679.0,107699.0,18353.0,18304.0,8512.0,9179.0,8291.0
1079,9731.0,18728.0,8105.0,18928.0,9292.0,101361.0,17928.0,18143.0,18135.0,9318.0,8380.0
1080,9501.0,9168.0,8863.0,18443.0,8682.0,102011.0,19116.0,19587.0,9319.0,8977.0,18135.0
1081,8682.0,8863.0,9287.0,27806.0,9024.0,101436.0,19229.0,18378.0,19334.0,8745.0,8842.0
1082,9009.0,18742.0,9393.0,19092.0,9109.0,92930.0,19502.0,18571.0,18650.0,8848.0,9110.0
1083,9253.0,19060.0,9327.0,18707.0,8515.0,100931.0,29210.0,18859.0,9813.0,8469.0,8202.0
1084,8221.0,19429.0,7761.0,18794.0,19033.0,110734.0,19185.0,19023.0,8822.0,8767.0,8303.0
1085,7871.0,9116.0,9199.0,18365.0,18903.0,90439.0,28718.0,8217.0,18787.0,8221.0,8588.0
1086,8748.0,18567.0,9651.0,18976.0,18493.0,102298.0,18980.0,8529.0,18282.0,8838.0,9017.0
1087,8147.0,8237.0,9358.0,28413.0,9250.0,101339.0,18925.0,19018.0,18620.0,8558.0,8860.0
1088,7728.0,19096.0,8317.0,18068.0,8783.0,100012.0,18068.0,8628.0,19229.0,7953.0,9228.0
1089,9440.0,19375.0,9223.0,8792.0,18940.0,92889.0,18479.0,18867.0,9017.0,18745.0,7963.0
1090,9400.0,19031.0,8067.0,18785.0,9480.0,102107.0,18816.0,19102.0,19348.0,16771.0,9053.0
1091,9043.0,18693.0,9203.0,18582.0,8520.0,101022.0,18290.0,18842.0,18530.0,9133.0,7441.0
1092,8400.0,8131.0,8644.0,17800.0,19090.0,101770.0,28904.0,19363.0,10100.0,9264.0,9224.0
1093,9385.0,8987.0,7405.0,18745.0,18723.0,100784.0,28816.0,9290.0,19359.0,8571.0,9834.0
1094,8798.0,18072.0,8646.0,18530.0,7390.0,88450.0,18490.0,19129.0,8039.0,7937.0,9005.0
1095,9135.0,8726.0,8759.0,18735.0,19797.0,102883.0,18608.0,18942.0,8107.0,19739.0,9842.0
1096,8415.0,18826.0,9243.0,18979.0,19444.0,103996.0,29624.0,19545.0,9570.0,17960.0,9292.0
1097,9183.0,19029.0,8293.0,19653.0,18424.0,101730.0,19198.0,19533.0,7537.0,8456.0,7857.0
1098,9453.0,19233.0,9418.0,19021.0,9683.0,104272.0,18955.0,19163.0,17977.0,8115.0,8281.0
1099,9395.0,8629.0,9303.0,19140.0,18313.0,92353.0,18652.0,8686.0,19406.0,9219.0,7940.0
1100,18267.0,10208.0,9264.0,28289.0,9438.0,113499.0,18674.0,18223.0,8998.0,8829.0,8567.0
1101,9355.0,18836.0,9629.0,19371.0,9498.0,95129.0,28489.0,19510.0,9421.0,8304.0,8718.0
1102,8818.0,18456.0,8940.0,18139.0,18751.0,110369.0,20091.0,9190.0,18497.0,19108.0,9986.0
1103,9165.0,8992.0,8924.0,18633.0,19305.0,91244.0,19352.0,8410.0,10066.0,8751.0,8501.0
1104,9540.0,8771.0,9300.0,18857.0,8514.0,102506.0,18579.0,19154.0,8146.0,8345.0,18527.0
1105,9169.0,18942.0,8240.0,17315.0,8729.0,100389.0,18288.0,17887.0,18959.0,9155.0,8319.0
1106,8391.0,18014.0,8364.0,18189.0,18424.0,98086.0,17980.0,18050.0,9498.0,18946.0,8460.0
1107,9018.0,18826.0,9409.0,18619.0,8359.0,102460.0,8895.0,19278.0,19316.0,9435.0,8890.0
1108,8826.0,8183.0,9102.0,18414.0,18407.0,90565.0,18111.0,18611.0,9006.0,8979.0,8939.0
1109,9706.0,18637.0,9561.0,18786.0,8615.0,102406.0,17801.0,18956.0,18737.0,9029.0,7374.0
1110,8288.0,17973.0,9448.0,18457.0,18135.0,99011.0,18394.0,18141.0,18447.0,9316.0,8717.0
1111,7475.0,18767.0,8969.0,18503.0,9060.0,90456.0,18183.0,18417.0,18371.0,8499.0,8240.0
1112,8869.0,19282.0,7468.0,18050.0,19332.0,92498.0,18702.0,9045.0,18033.0,67246.0,
1113,8015.0,17158.0,9331.0,18932.0,8358.0,99010.0,18734.0,18773.0,9283.0,107864.0,8339.0
1114,8993.0,18770.0,9184.0,18181.0,8745.0,89863.0,18489.0,18617.0,19443.0,88417.0,7767.0
1115,8540.0,18237.0,7675.0,18932.0,20097.0,101063.0,17965.0,8558.0,19487.0,99126.0,8744.0
1116,8836.0,8466.0,9608.0,18845.0,18938.0,93153.0,18882.0,19367.0,9270.0,96421.0,9029.0
1117,8642.0,8565.0,8764.0,18529.0,19069.0,91398.0,18556.0,8710.0,17831.0,99758.0,8950.0
1118,9068.0,18708.0,9476.0,19141.0,18839.0,101877.0,18820.0,18939.0,19118.0,87220.0,8112.0
1119,8811.0,18351.0,8896.0,18585.0,9316.0,92703.0,19320.0,18176.0,19458.0,99371.0,9063.0
1120,9052.0,19141.0,8714.0,8402.0,9833.0,90231.0,18139.0,18980.0,19361.0,99593.0,8149.0
1121,8841.0,38276.0,9198.0,18891.0,17328.0,119738.0,28370.0,9319.0,18380.0,108676.0,9175.0
1122,9923.0,9622.0,9163.0,17945.0,18131.0,100830.0,18284.0,18182.0,8567.0,108109.0,9036.0
1123,8775.0,18183.0,8184.0,19342.0,8224.0,98936.0,18539.0,19598.0,8576.0,88111.0,7783.0
1124,8790.0,8639.0,9099.0,18696.0,18250.0,92218.0,29367.0,8765.0,18595.0,88343.0,8725.0
1125,8916.0,18415.0,18489.0,9536.0,18594.0,111268.0,19340.0,7526.0,18267.0,99351.0,9253.0
1126,9024.0,18913.0,8185.0,17844.0,9207.0,89541.0,18500.0,19039.0,9418.0,88264.0,7546.0
1127,8982.0,18504.0,9050.0,18073.0,8245.0,99305.0,19658.0,9506.0,18578.0,88432.0,7619.0
1128,8721.0,18380.0,9067.0,17919.0,9379.0,91581.0,19396.0,18355.0,18660.0,98161.0,9139.0
1129,8314.0,18045.0,8063.0,28464.0,9093.0,100067.0,19128.0,19706.0,18434.0,89487.0,8393.0
1130,8526.0,18222.0,9304.0,8635.0,19601.0,92509.0,28904.0,19623.0,19449.0,86435.0,8586.0
1131,8867.0,8945.0,8132.0,19484.0,9578.0,82913.0,18936.0,19377.0,19917.0,48913.0,9273.0
1132,9015.0,18856.0,7585.0,8841.0,19546.0,92417.0,27782.0,17823.0,9441.0,58316.0,9017.0
1133,8304.0,17936.0,8035.0,19480.0,9103.0,90111.0,28240.0,18915.0,9430.0,48639.0,8584.0
1134,8866.0,18079.0,9182.0,18751.0,8990.0,101664.0,18397.0,19541.0,17964.0,58401.0,9192.0
1135,8867.0,18766.0,9375.0,18956.0,8895.0,111723.0,18916.0,8702.0,18890.0,49367.0,17957.0
1136,8929.0,18472.0,9269.0,8926.0,19408.0,102967.0,19324.0,19058.0,8092.0,39067.0,9962.0
1137,8791.0,18489.0,8982.0,18456.0,8764.0,100586.0,19766.0,19649.0,8686.0,19082.0,8784.0
1138,8209.0,18151.0,7713.0,17919.0,9249.0,97917.0,19008.0,8958.0,17741.0,18903.0,8331.0
1139,9270.0,9070.0,9368.0,18389.0,19425.0,104028.0,19154.0,19340.0,19035.0,19595.0,18675.0
1140,9011.0,9026.0,8780.0,18459.0,19671.0,101449.0,18884.0,17716.0,9341.0,9172.0,7588.0
1141,8577.0,18128.0,9391.0,18567.0,8431.0,100773.0,18803.0,18048.0,8961.0,8855.0,9015.0
1142,8261.0,17611.0,7784.0,18410.0,8422.0,87184.0,28686.0,8497.0,17949.0,8414.0,7807.0
1143,8936.0,18176.0,9161.0,18269.0,8095.0,101292.0,18707.0,8293.0,17720.0,8118.0,9118.0
1144,8315.0,17826.0,9534.0,9330.0,18795.0,91622.0,18312.0,19175.0,18365.0,8606.0,8549.0
1145,9190.0,19158.0,8071.0,19154.0,9073.0,100673.0,27441.0,18671.0,8941.0,18883.0,7273.0
1146,9358.0,18688.0,9134.0,18692.0,8452.0,91209.0,19086.0,18720.0,18874.0,18956.0,7698.0
1147,8520.0,18749.0,9578.0,18177.0,9865.0,101014.0,19323.0,18620.0,19594.0,8621.0,9068.0
1148,9229.0,19081.0,9061.0,8697.0,19055.0,93402.0,28527.0,9687.0,18165.0,18018.0,8274.0
1149,8880.0,9312.0,9093.0,18927.0,19043.0,101384.0,27366.0,9246.0,18757.0,19735.0,9013.0
1150,8143.0,8079.0,8119.0,17120.0,9459.0,87972.0,17939.0,17627.0,18637.0,48127.0,8640.0
1151,7974.0,19751.0,8429.0,17402.0,9419.0,80826.0,28298.0,17921.0,8239.0,48482.0,
1152,7817.0,7847.0,8512.0,28221.0,9608.0,89164.0,18866.0,19510.0,18697.0,28450.0,8375.0
1153,9974.0,9309.0,8951.0,18781.0,9295.0,92767.0,18759.0,28379.0,18325.0,68262.0,18219.0
1154,17613.0,18404.0,8720.0,18417.0,8093.0,98370.0,17578.0,18551.0,18204.0,107609.0,8232.0
1155,7275.0,19036.0,9304.0,8806.0,18858.0,90426.0,19400.0,19437.0,9389.0,128320.0,8052.0
1156,9429.0,9182.0,9630.0,18337.0,19517.0,92142.0,19616.0,18479.0,9423.0,96989.0,7675.0
1157,8633.0,18459.0,9167.0,18768.0,18076.0,98724.0,18688.0,18568.0,18998.0,116677.0,7385.0
1158,8199.0,17815.0,8775.0,18220.0,19259.0,109683.0,18310.0,18343.0,18471.0,79173.0,8490.0
1159,8106.0,18265.0,9121.0,8462.0,18131.0,90376.0,18137.0,18220.0,19518.0,125919.0,8587.0
1160,8362.0,18210.0,9430.0,18542.0,9165.0,101063.0,19119.0,18073.0,19009.0,97281.0,8298.0
1161,8412.0,18382.0,8617.0,8340.0,17920.0,88403.0,27901.0,8890.0,18428.0,96476.0,8234.0
1162,8634.0,17795.0,9035.0,8739.0,18567.0,90604.0,29181.0,9014.0,17980.0,77591.0,9104.0
1163,8319.0,7877.0,7962.0,19589.0,18981.0,89889.0,18920.0,18226.0,8975.0,69023.0,8442.0
1164,9228.0,8906.0,8885.0,18129.0,8468.0,100726.0,18018.0,7761.0,18384.0,47169.0,9791.0
1165,8241.0,17887.0,8126.0,17545.0,8760.0,86661.0,28979.0,7399.0,18271.0,37817.0,8398.0
1166,9336.0,8944.0,18100.0,7941.0,18796.0,89307.0,19169.0,19257.0,8262.0,56502.0,7874.0
1167,8438.0,8537.0,18252.0,8943.0,19256.0,88892.0,18736.0,18251.0,9767.0,36856.0,7596.0
1168,8912.0,18888.0,8227.0,18216.0,8146.0,89168.0,18623.0,17931.0,18491.0,27865.0,9170.0
1169,8916.0,18386.0,7948.0,9117.0,19326.0,91784.0,28101.0,9973.0,19401.0,29008.0,9214.0
1170,8009.0,17138.0,8116.0,17004.0,18165.0,95344.0,18338.0,17649.0,19373.0,18881.0,8082.0
1171,8281.0,9287.0,9093.0,18745.0,19021.0,92633.0,18131.0,18322.0,18064.0,8123.0,8646.0
1172,8643.0,8462.0,9468.0,18951.0,19009.0,91620.0,18147.0,19014.0,19129.0,9292.0,9352.0
1173,7958.0,17743.0,9454.0,18747.0,8139.0,87776.0,17925.0,19248.0,18744.0,9248.0,8225.0
1174,8378.0,18046.0,7917.0,19078.0,9337.0,98062.0,18864.0,18140.0,9050.0,8506.0,6843.0
1175,8242.0,18047.0,7577.0,8650.0,19023.0,97652.0,17757.0,8877.0,17465.0,9427.0,8391.0
1176,8802.0,8269.0,9550.0,18046.0,18162.0,89290.0,17864.0,18944.0,8125.0,8434.0,8732.0
1177,8943.0,19083.0,7843.0,17310.0,8509.0,97227.0,17642.0,28222.0,8092.0,18121.0,7511.0
1178,9115.0,18733.0,8739.0,18042.0,9244.0,90760.0,18502.0,18607.0,19048.0,9178.0,8170.0
1179,9350.0,18629.0,9210.0,19115.0,8629.0,101321.0,28805.0,9297.0,18164.0,8969.0,9198.0
1180,8495.0,18017.0,8755.0,17954.0,9489.0,99063.0,19075.0,18657.0,8307.0,17976.0,8963.0
1181,8626.0,18399.0,8015.0,19394.0,18460.0,98884.0,18595.0,17403.0,18637.0,37622.0,8077.0
1182,8346.0,8047.0,7395.0,17760.0,18653.0,86597.0,28530.0,8728.0,18451.0,39364.0,8464.0
1183,9047.0,27357.0,8671.0,7966.0,17794.0,99043.0,28665.0,8799.0,18889.0,46920.0,9117.0
1184,7938.0,17315.0,8298.0,7776.0,17576.0,95354.0,18920.0,18800.0,8716.0,36722.0,8443.0
1185,7748.0,8345.0,9185.0,18169.0,18553.0,88814.0,17659.0,19090.0,19085.0,39045.0,8287.0
1186,8243.0,18493.0,9300.0,19100.0,8037.0,90978.0,18623.0,18681.0,18748.0,68782.0,8727.0
1187,9077.0,9178.0,18295.0,9176.0,18265.0,91004.0,18362.0,8358.0,18636.0,18310.0,7902.0
1188,8325.0,8429.0,8285.0,17650.0,18838.0,89080.0,19423.0,8130.0,19399.0,38768.0,8666.0
1189,7456.0,18923.0,8605.0,18088.0,9052.0,99560.0,18870.0,18599.0,8463.0,28071.0,8222.0
1190,8222.0,18706.0,9131.0,18655.0,8777.0,82570.0,19032.0,18564.0,9426.0,29092.0,
1191,9066.0,18731.0,9084.0,18025.0,18286.0,99652.0,18397.0,18762.0,8335.0,69499.0,7699.0
1192,8913.0,18513.0,7654.0,19518.0,8810.0,101197.0,16945.0,8374.0,18833.0,48362.0,9518.0
1193,8206.0,7876.0,8673.0,28594.0,9384.0,89615.0,18624.0,18694.0,18983.0,38527.0,8400.0
1194,8949.0,8913.0,8326.0,18261.0,9228.0,90756.0,18356.0,18090.0,8037.0,58290.0,9023.0
1195,8855.0,18597.0,8774.0,18084.0,8221.0,98593.0,18097.0,18845.0,8425.0,76398.0,8354.0
1196,8164.0,18213.0,8211.0,19001.0,8487.0,90841.0,28474.0,8370.0,17842.0,78038.0,9075.0
1197,8116.0,17436.0,7758.0,9119.0,18617.0,97371.0,17984.0,18030.0,9460.0,86781.0,8643.0
1198,8156.0,18410.0,8712.0,18053.0,17523.0,99040.0,17774.0,9223.0,18679.0,87945.0,8027.0
1199,8328.0,17808.0,9273.0,18572.0,8368.0,89594.0,18290.0,18679.0,18325.0,68751.0,8516.0
1200,8965.0,18657.0,9450.0,18613.0,18902.0,100373.0,18859.0,18898.0,8829.0,68339.0,7188.0
1201,7870.0,19715.0,7966.0,29551.0,8791.0,101065.0,18970.0,18114.0,8236.0,47962.0,7817.0
1202,9280.0,18577.0,9225.0,18983.0,8310.0,90215.0,19230.0,27716.0,8670.0,36850.0,7482.0
1203,9151.0,18547.0,8056.0,9412.0,18792.0,90278.0,28248.0,8836.0,18823.0,48849.0,7985.0
1204,9295.0,19262.0,9073.0,18285.0,18442.0,100653.0,18675.0,18570.0,17868.0,28937.0,7911.0
1205,8522.0,18161.0,7601.0,18804.0,9053.0,107977.0,18641.0,8916.0,18256.0,17324.0,8789.0
1206,9613.0,9135.0,8490.0,17670.0,18633.0,110247.0,9146.0,18182.0,17878.0,19684.0,17858.0
1207,8300.0,8114.0,9154.0,18397.0,8305.0,88772.0,17964.0,9172.0,18210.0,47371.0,8736.0
1208,9151.0,18469.0,8023.0,17685.0,18018.0,96839.0,17982.0,18878.0,7228.0,58405.0,7478.0
1209,8871.0,18765.0,8367.0,19640.0,8074.0,100555.0,18668.0,18957.0,17548.0,58275.0,9029.0
1210,7220.0,8365.0,9450.0,18199.0,19284.0,89806.0,28951.0,8802.0,17754.0,48176.0,8651.0
1211,9250.0,8602.0,7792.0,19673.0,18786.0,110556.0,18675.0,18798.0,9036.0,57691.0,9578.0
1212,8800.0,18074.0,9535.0,8258.0,18320.0,91775.0,18717.0,7496.0,19205.0,38997.0,9341.0
1213,8336.0,8540.0,18607.0,9418.0,17554.0,98644.0,18893.0,18085.0,18857.0,17965.0,8723.0
1214,8046.0,7988.0,8896.0,18558.0,18541.0,90115.0,19539.0,18714.0,18113.0,19096.0,8791.0
1215,9217.0,18841.0,7500.0,18193.0,18143.0,100240.0,27233.0,19088.0,19261.0,9763.0,8726.0
1216,8484.0,18494.0,7520.0,18985.0,19373.0,100535.0,19256.0,19142.0,8279.0,17568.0,9012.0
1217,7883.0,17013.0,7897.0,18976.0,8832.0,87816.0,27271.0,9372.0,18993.0,27945.0,8206.0
1218,8365.0,18887.0,8303.0,19184.0,9234.0,92397.0,27587.0,17508.0,9234.0,18870.0,9382.0
1219,9014.0,18568.0,8090.0,19187.0,9048.0,90374.0,29231.0,8534.0,19191.0,28157.0,7992.0
1220,8347.0,18194.0,8474.0,8426.0,18732.0,97781.0,18660.0,18705.0,18899.0,28686.0,8697.0
1221,8317.0,17890.0,8805.0,18184.0,8871.0,97552.0,19180.0,19304.0,8894.0,28198.0,8434.0
1222,8876.0,18622.0,18797.0,18204.0,8329.0,109060.0,18346.0,17994.0,18673.0,8466.0,7620.0
1223,9066.0,17453.0,8114.0,17353.0,9538.0,97263.0,27937.0,18533.0,8161.0,29041.0,9448.0
1224,8612.0,18386.0,8673.0,17776.0,9029.0,100921.0,18938.0,19008.0,19403.0,9087.0,8956.0
1225,9301.0,18782.0,9279.0,18604.0,8475.0,91179.0,18305.0,18007.0,18530.0,9054.0,7717.0
1226,8103.0,8246.0,9181.0,18514.0,17878.0,90002.0,18099.0,18879.0,18801.0,8976.0,8798.0
1227,8978.0,8826.0,18103.0,9082.0,18370.0,110833.0,19575.0,7857.0,18985.0,18317.0,9263.0
1228,7929.0,8929.0,8942.0,18734.0,18047.0,109786.0,18437.0,18492.0,9191.0,17600.0,8690.0
1229,8716.0,18155.0,7995.0,16961.0,18223.0,88832.0,17622.0,18484.0,19061.0,58152.0,
1230,8512.0,18279.0,8293.0,17223.0,8671.0,89013.0,27769.0,9198.0,18980.0,58822.0,8506.0
1231,9537.0,8806.0,8221.0,17785.0,8322.0,97837.0,18684.0,19210.0,18987.0,77828.0,8470.0
1232,9368.0,8952.0,8456.0,9889.0,18305.0,88904.0,18807.0,18774.0,9223.0,97440.0,7436.0
1233,7366.0,9174.0,18124.0,9463.0,17814.0,88393.0,17338.0,18859.0,18832.0,67641.0,7900.0
1234,8311.0,28256.0,9284.0,19129.0,8190.0,111795.0,18095.0,18653.0,18433.0,68143.0,9241.0
1235,8776.0,8595.0,10026.0,8775.0,18596.0,91231.0,18424.0,17509.0,18397.0,66796.0,9064.0
1236,8326.0,17311.0,7644.0,19414.0,8987.0,98149.0,19305.0,18298.0,8454.0,77770.0,8340.0
1237,9204.0,18573.0,8010.0,18205.0,19472.0,100111.0,18944.0,18524.0,8442.0,57854.0,7587.0
1238,8547.0,19565.0,8608.0,8426.0,19163.0,99215.0,19380.0,18700.0,18375.0,57958.0,8644.0
1239,8553.0,18315.0,9088.0,19176.0,18997.0,102244.0,19361.0,18111.0,19140.0,66796.0,8972.0
1240,9250.0,18793.0,8497.0,18560.0,8108.0,100131.0,19188.0,18114.0,17831.0,58746.0,7961.0
1241,8637.0,18433.0,9068.0,18738.0,9350.0,102358.0,18721.0,8337.0,19320.0,77814.0,8802.0
1242,7327.0,18839.0,7167.0,18386.0,8882.0,107686.0,18707.0,17977.0,18869.0,78072.0,8732.0
1243,8246.0,18277.0,9174.0,18942.0,8784.0,89729.0,18716.0,18320.0,19200.0,58633.0,8644.0
1244,8775.0,17447.0,8107.0,18459.0,18393.0,98595.0,18605.0,8552.0,18100.0,57943.0,7885.0
1245,8726.0,18066.0,9291.0,18366.0,7921.0,90353.0,18316.0,18136.0,7930.0,76705.0,9131.0
1246,8709.0,18459.0,8811.0,18579.0,9678.0,93003.0,28241.0,18318.0,18512.0,58858.0,9076.0
1247,8581.0,17849.0,8840.0,17533.0,9317.0,100228.0,28765.0,9327.0,17757.0,48536.0,8957.0
1248,8629.0,28133.0,8581.0,7926.0,18127.0,98071.0,28441.0,18344.0,8843.0,48845.0,8859.0
1249,7732.0,18994.0,7265.0,18764.0,8656.0,107901.0,18637.0,18543.0,18262.0,85155.0,8211.0
1250,8663.0,18098.0,7711.0,18790.0,18422.0,109849.0,17714.0,18296.0,7534.0,96549.0,8874.0
1251,8808.0,17277.0,9294.0,17991.0,9328.0,107980.0,27733.0,17882.0,19104.0,67641.0,7484.0
1252,8801.0,18279.0,9405.0,18494.0,18220.0,100429.0,18192.0,18409.0,9372.0,47090.0,8634.0
1253,9155.0,18605.0,9081.0,17836.0,9157.0,99169.0,27208.0,18828.0,17999.0,56757.0,7449.0
1254,8462.0,18167.0,8780.0,18191.0,18280.0,107807.0,19141.0,18083.0,8055.0,67552.0,8148.0
1255,8728.0,17675.0,7560.0,19002.0,8129.0,88491.0,18221.0,18453.0,18789.0,47831.0,8599.0
1256,7437.0,18341.0,7233.0,18377.0,7954.0,86407.0,28082.0,9045.0,28024.0,48389.0,8109.0
1257,8997.0,18993.0,8341.0,18011.0,8393.0,99397.0,18419.0,19355.0,9406.0,58318.0,8505.0
1258,8465.0,18185.0,18052.0,9622.0,18874.0,99912.0,18639.0,17700.0,8242.0,77014.0,7736.0
1259,7965.0,17239.0,8894.0,18285.0,8992.0,97692.0,18584.0,18946.0,7281.0,57993.0,8123.0
1260,8918.0,18364.0,9289.0,19121.0,17507.0,100555.0,27270.0,18075.0,7339.0,66845.0,7702.0
1261,8245.0,17825.0,8442.0,8277.0,18065.0,88167.0,17890.0,28119.0,8478.0,57943.0,8106.0
1262,8475.0,8376.0,8744.0,17901.0,18798.0,90031.0,28325.0,7649.0,18881.0,67791.0,8901.0
1263,8863.0,18326.0,8986.0,18314.0,9224.0,101131.0,19065.0,27761.0,8782.0,68479.0,8976.0
1264,8216.0,8999.0,17681.0,9233.0,19015.0,91061.0,17729.0,19312.0,18878.0,57557.0,8781.0
1265,7818.0,19178.0,8475.0,17587.0,8064.0,96771.0,19083.0,19111.0,8771.0,67682.0,8068.0
1266,8187.0,17715.0,9474.0,18816.0,18466.0,98711.0,18853.0,7612.0,17921.0,57475.0,8160.0
1267,8683.0,18831.0,8253.0,19114.0,9100.0,100675.0,18536.0,17241.0,19224.0,68119.0,8618.0
1268,9350.0,18765.0,8906.0,8653.0,17997.0,110858.0,9644.0,19532.0,19620.0,67604.0,9966.0
1269,8071.0,19015.0,8123.0,18523.0,9095.0,80629.0,27713.0,17600.0,17997.0,126440.0,
1270,8588.0,18268.0,9387.0,18898.0,8432.0,92260.0,18366.0,17242.0,18046.0,68748.0,9214.0
1271,8398.0,17901.0,9257.0,18815.0,9117.0,110614.0,19368.0,18104.0,9427.0,58462.0,9385.0
1272,9089.0,18857.0,9309.0,9093.0,18827.0,91517.0,28624.0,8888.0,19645.0,49463.0,7749.0
1273,9083.0,8873.0,8682.0,18503.0,18044.0,89560.0,19597.0,18643.0,19238.0,67445.0,7665.0
1274,9867.0,9174.0,8609.0,18180.0,18251.0,100958.0,18342.0,19176.0,18220.0,48022.0,17753.0
1275,8959.0,18703.0,9068.0,8653.0,9021.0,91226.0,28562.0,19675.0,19341.0,69154.0,9117.0
1276,8241.0,19145.0,9906.0,9193.0,18675.0,111765.0,29291.0,8412.0,17379.0,58930.0,9928.0
1277,8233.0,17999.0,9709.0,19122.0,8829.0,90388.0,18009.0,17723.0,18349.0,68236.0,8288.0
1278,8425.0,18563.0,8244.0,18121.0,8309.0,99813.0,18850.0,19202.0,9336.0,77860.0,8732.0
1279,8411.0,8103.0,9323.0,18974.0,18087.0,100328.0,17827.0,9130.0,18667.0,88403.0,8322.0
1280,9110.0,18607.0,8790.0,17763.0,8862.0,87933.0,18224.0,8171.0,19330.0,98658.0,6950.0
1281,8592.0,18331.0,9388.0,18270.0,18407.0,101017.0,19081.0,17815.0,8733.0,97943.0,8800.0
1282,7954.0,18654.0,8415.0,18070.0,9161.0,89209.0,18012.0,18997.0,18428.0,67530.0,8876.0
1283,8322.0,8262.0,17590.0,8837.0,18971.0,98156.0,18845.0,18624.0,8306.0,67344.0,8884.0
1284,8942.0,18282.0,9429.0,19008.0,17726.0,101503.0,18915.0,18631.0,19198.0,58469.0,9006.0
1285,8847.0,18554.0,8806.0,18135.0,8422.0,108351.0,28843.0,8205.0,17917.0,38018.0,9005.0
1286,8730.0,18298.0,8419.0,17443.0,8577.0,108325.0,17495.0,18735.0,18441.0,39397.0,9889.0
1287,9349.0,9017.0,9154.0,18784.0,17683.0,110320.0,18195.0,8826.0,19083.0,28447.0,9282.0
1288,9344.0,18921.0,8549.0,18045.0,18870.0,100303.0,18221.0,19144.0,18508.0,28541.0,7965.0
1289,7999.0,17863.0,9224.0,19061.0,9191.0,100312.0,17821.0,17270.0,18766.0,17706.0,8126.0
1290,9498.0,19141.0,9223.0,18759.0,9474.0,102142.0,19002.0,18423.0,8258.0,17949.0,7969.0
1291,8804.0,8675.0,8709.0,18366.0,18847.0,90533.0,19703.0,18365.0,18212.0,9336.0,9063.0
1292,8778.0,19004.0,9254.0,8810.0,18626.0,111535.0,19228.0,9121.0,17949.0,18209.0,17727.0
1293,7852.0,17643.0,9034.0,18666.0,8593.0,98658.0,17826.0,8627.0,19270.0,8369.0,8367.0
1294,8210.0,17696.0,9029.0,17901.0,8576.0,97435.0,27708.0,28535.0,18196.0,9148.0,8561.0
1295,7947.0,18401.0,9197.0,18443.0,18960.0,109085.0,19131.0,19134.0,28793.0,8876.0,8217.0
1296,8152.0,28159.0,9194.0,17721.0,8807.0,110370.0,19264.0,19340.0,18475.0,9061.0,8611.0
1297,8865.0,18203.0,8895.0,18479.0,9039.0,101711.0,19036.0,18579.0,18365.0,7929.0,9008.0
1298,8287.0,18043.0,8391.0,17785.0,9620.0,100014.0,18885.0,19241.0,8653.0,69561.0,8466.0
1299,8075.0,17926.0,9673.0,19137.0,19150.0,100971.0,27690.0,18668.0,19669.0,77358.0,8711.0
1300,8325.0,17799.0,9059.0,8388.0,19056.0,99431.0,18720.0,29289.0,18625.0,48858.0,7879.0
1301,8787.0,18342.0,9460.0,18385.0,8389.0,100392.0,28704.0,18569.0,9981.0,47811.0,8642.0
1302,8624.0,18216.0,7647.0,18753.0,17375.0,97259.0,17793.0,18310.0,17935.0,78818.0,8981.0
1303,8375.0,17540.0,8543.0,8037.0,18586.0,97818.0,18983.0,9404.0,19018.0,8605.0,8337.0
1304,8529.0,18572.0,9252.0,8915.0,19329.0,102825.0,19265.0,18368.0,9633.0,47552.0,9168.0
1305,8823.0,8531.0,9077.0,18546.0,18820.0,91874.0,19041.0,18143.0,17664.0,29329.0,9017.0
1306,9240.0,18998.0,8593.0,17768.0,18033.0,108383.0,28526.0,17527.0,18992.0,17906.0,7708.0
1307,8187.0,17955.0,8000.0,18252.0,19211.0,98768.0,18512.0,18109.0,17591.0,18230.0,8281.0
1308,9344.0,18719.0,9538.0,18222.0,7942.0,100145.0,18963.0,7921.0,19148.0,9266.0,7809.0
1309,8499.0,18376.0,9484.0,8923.0,9910.0,80633.0,28846.0,18375.0,18230.0,9520.0,
1310,9028.0,18624.0,9155.0,18569.0,18862.0,100601.0,19159.0,19117.0,19299.0,18670.0,7780.0
1311,8633.0,18588.0,9265.0,18455.0,9308.0,101392.0,18140.0,19072.0,18224.0,29246.0,8926.0
1312,7588.0,18283.0,8213.0,9224.0,19297.0,100172.0,18350.0,19431.0,19012.0,18467.0,8172.0
1313,9250.0,18310.0,9044.0,18350.0,9360.0,92648.0,18023.0,19347.0,19123.0,19451.0,9561.0
1314,7395.0,9035.0,8761.0,18280.0,19760.0,101652.0,18387.0,19401.0,9382.0,18993.0,8561.0
1315,9647.0,9025.0,8980.0,18387.0,9092.0,100144.0,27584.0,9556.0,18137.0,8738.0,8334.0
1316,8599.0,18738.0,7488.0,18650.0,19522.0,99229.0,17253.0,18317.0,7877.0,18521.0,7601.0
1317,8711.0,18627.0,8969.0,19268.0,9451.0,103626.0,19200.0,17811.0,17238.0,18684.0,9197.0
1318,9048.0,18385.0,9030.0,18484.0,9221.0,101715.0,9616.0,17828.0,19533.0,8059.0,8817.0
1319,8253.0,18057.0,8523.0,17958.0,8086.0,98858.0,17980.0,18565.0,8957.0,28442.0,8886.0
1320,8926.0,18257.0,8904.0,18216.0,18172.0,108084.0,18310.0,8860.0,18400.0,37505.0,7520.0
1321,8642.0,18438.0,7933.0,19123.0,19036.0,101063.0,17714.0,8148.0,19487.0,28921.0,8694.0
1322,7818.0,17855.0,10169.0,19466.0,9786.0,103550.0,28723.0,18758.0,19202.0,38344.0,8716.0
1323,9191.0,18402.0,8166.0,19538.0,7594.0,89231.0,29776.0,17922.0,7901.0,38728.0,8381.0
1324,9571.0,9795.0,9145.0,19000.0,9366.0,102547.0,18467.0,19323.0,18589.0,19069.0,8089.0
1325,9581.0,18704.0,8391.0,17568.0,8038.0,99563.0,17428.0,18798.0,9389.0,19033.0,8408.0
1326,8099.0,17625.0,9738.0,9245.0,18779.0,101135.0,28622.0,18395.0,8682.0,19280.0,8461.0
1327,8210.0,7699.0,8363.0,18125.0,18096.0,97810.0,18926.0,17718.0,8844.0,9281.0,8443.0
1328,8291.0,18559.0,8312.0,17521.0,9171.0,98351.0,28013.0,9302.0,19061.0,17838.0,7898.0
1329,18241.0,9582.0,8070.0,27923.0,18185.0,109442.0,19957.0,19640.0,8209.0,27959.0,9003.0
1330,8749.0,18460.0,8786.0,18841.0,8707.0,101837.0,18995.0,19092.0,9599.0,28327.0,8852.0
1331,8403.0,17416.0,9264.0,18917.0,9134.0,110400.0,18572.0,17603.0,8905.0,48030.0,8837.0
1332,8290.0,18947.0,7863.0,18931.0,8896.0,109181.0,8795.0,18676.0,18238.0,28249.0,17818.0
1333,7851.0,18786.0,9298.0,18783.0,18125.0,100306.0,17903.0,17500.0,18642.0,17212.0,8290.0
1334,9370.0,19054.0,8274.0,17834.0,7938.0,98953.0,18851.0,19176.0,16846.0,17617.0,8143.0
1335,8919.0,28276.0,8080.0,19315.0,7945.0,108681.0,19025.0,17791.0,18644.0,7330.0,7399.0
1336,8985.0,18404.0,8613.0,8375.0,9760.0,97591.0,18915.0,18891.0,8379.0,8473.0,7384.0
1337,8302.0,18196.0,8848.0,18350.0,8930.0,90137.0,28927.0,8803.0,18638.0,9056.0,8371.0
1338,8637.0,18343.0,8490.0,17656.0,18379.0,109066.0,18593.0,18638.0,18100.0,9030.0,8899.0
1339,7800.0,19104.0,8670.0,18017.0,18488.0,99014.0,9463.0,18115.0,18749.0,8888.0,7849.0
1340,8400.0,18575.0,7957.0,18946.0,18004.0,99685.0,17840.0,18430.0,19091.0,8819.0,9215.0
1341,8227.0,18980.0,9515.0,18879.0,8551.0,100804.0,17690.0,18863.0,17814.0,9483.0,8133.0
1342,9351.0,18454.0,8238.0,7774.0,18980.0,108046.0,18681.0,18306.0,9295.0,8510.0,8224.0
1343,8645.0,8254.0,7810.0,19564.0,19508.0,121365.0,18573.0,18975.0,9372.0,9618.0,18701.0
1344,8152.0,19586.0,7880.0,18927.0,18402.0,100506.0,9188.0,18219.0,19126.0,8531.0,8663.0
1345,8266.0,17380.0,9442.0,18412.0,8275.0,98339.0,18869.0,18435.0,8899.0,9839.0,8160.0
1346,8724.0,18299.0,8721.0,17023.0,9280.0,99425.0,17505.0,9215.0,18157.0,8013.0,9038.0
1347,8779.0,18390.0,17188.0,9417.0,9081.0,98259.0,8783.0,18167.0,18717.0,8219.0,7646.0
1348,8690.0,17923.0,7843.0,19439.0,18606.0,99866.0,17551.0,8514.0,18873.0,29048.0,8731.0
1349,8035.0,7794.0,9352.0,18721.0,8407.0,81057.0,17789.0,18749.0,9038.0,8384.0,
1350,8042.0,18588.0,8018.0,9352.0,18104.0,89294.0,18799.0,18148.0,8153.0,38711.0,8185.0
1351,9493.0,8882.0,9709.0,19395.0,9112.0,102622.0,18728.0,17099.0,8193.0,17773.0,9788.0
1352,9359.0,9208.0,8931.0,28179.0,9038.0,111397.0,28326.0,18556.0,8819.0,29736.0,9493.0
1353,7468.0,18693.0,8265.0,17731.0,9049.0,107788.0,18306.0,18848.0,19263.0,56314.0,8369.0
1354,8460.0,18069.0,9186.0,18633.0,8036.0,99175.0,17609.0,17800.0,8611.0,27831.0,8406.0
1355,8253.0,8283.0,9700.0,17445.0,9420.0,97594.0,18176.0,19025.0,7886.0,28762.0,9064.0
1356,8732.0,18845.0,8852.0,18186.0,9631.0,91133.0,28267.0,18613.0,9833.0,18981.0,8906.0
1357,8869.0,18219.0,8946.0,8930.0,18088.0,100769.0,38006.0,9354.0,18560.0,17953.0,9147.0
1358,9257.0,18128.0,8870.0,18836.0,17898.0,108944.0,18688.0,8220.0,17682.0,48925.0,8118.0
1359,8930.0,18560.0,9203.0,18167.0,8811.0,91516.0,18044.0,18592.0,18889.0,37850.0,8974.0
1360,8591.0,17867.0,7188.0,18586.0,7176.0,95851.0,37303.0,18124.0,19061.0,18475.0,8576.0
1361,8340.0,27903.0,8714.0,17981.0,17365.0,116318.0,18396.0,17955.0,8864.0,18685.0,8716.0
1362,8322.0,8488.0,9888.0,9183.0,18876.0,100153.0,28082.0,9491.0,18831.0,18876.0,8721.0
1363,8703.0,18355.0,9100.0,8792.0,18043.0,101332.0,28562.0,18841.0,17462.0,18878.0,9115.0
1364,8077.0,17418.0,9203.0,19150.0,9531.0,110325.0,29052.0,8109.0,19333.0,8151.0,9097.0
1365,8657.0,8571.0,7508.0,18365.0,18115.0,108786.0,18860.0,18039.0,16321.0,9406.0,9317.0
1366,8933.0,19103.0,9354.0,18493.0,20001.0,113470.0,28891.0,19172.0,9144.0,48674.0,8718.0
1367,9174.0,19343.0,8540.0,27631.0,8991.0,111007.0,28588.0,8868.0,17703.0,57327.0,8110.0
1368,8643.0,18370.0,8756.0,18123.0,18276.0,109188.0,19000.0,18385.0,18339.0,67321.0,8783.0
1369,9603.0,8824.0,9116.0,18245.0,19146.0,119698.0,19314.0,28179.0,9374.0,59882.0,8498.0
1370,8450.0,8287.0,8669.0,17879.0,17953.0,98038.0,28699.0,18746.0,18256.0,68110.0,8954.0
1371,9224.0,19156.0,8955.0,18375.0,17973.0,120404.0,18492.0,18293.0,17943.0,39815.0,8016.0
1372,7439.0,19101.0,8333.0,18135.0,7477.0,88005.0,28105.0,18793.0,8942.0,28220.0,8080.0
1373,9242.0,18259.0,9506.0,18864.0,9092.0,100568.0,18728.0,17841.0,18568.0,18638.0,7635.0
1374,8220.0,7988.0,8464.0,28275.0,9298.0,99019.0,18741.0,19201.0,9310.0,18258.0,8513.0
1375,9024.0,18809.0,9254.0,18903.0,8693.0,100932.0,18687.0,8063.0,18172.0,19623.0,7514.0
1376,7706.0,9136.0,8519.0,27458.0,19091.0,99298.0,38787.0,9068.0,18056.0,18345.0,8418.0
1377,7741.0,17838.0,9212.0,8757.0,18824.0,109549.0,28449.0,9292.0,18751.0,19176.0,8416.0
1378,8319.0,8129.0,18205.0,8956.0,19223.0,101066.0,28592.0,19825.0,18441.0,28192.0,8855.0
1379,8672.0,18044.0,9281.0,19075.0,8611.0,100931.0,19008.0,8646.0,18520.0,28287.0,8425.0
1380,8236.0,17972.0,8868.0,8693.0,19012.0,99963.0,19075.0,18179.0,18790.0,28614.0,8620.0
1381,9606.0,19224.0,8923.0,18238.0,17774.0,110258.0,19509.0,17847.0,8138.0,38698.0,7917.0
1382,9113.0,18330.0,8991.0,8321.0,19202.0,100147.0,19781.0,17897.0,8437.0,49528.0,8255.0
1383,8078.0,17894.0,8833.0,18264.0,8212.0,98867.0,18174.0,18376.0,18071.0,56407.0,9022.0
1384,8902.0,18320.0,8250.0,17079.0,17465.0,96089.0,19804.0,18335.0,8173.0,47201.0,7504.0
1385,8993.0,8697.0,9177.0,18469.0,18806.0,101096.0,27794.0,8830.0,18470.0,37691.0,7943.0
1386,8807.0,18814.0,8914.0,28469.0,9248.0,110988.0,27377.0,8167.0,18032.0,37682.0,8568.0
1387,8996.0,18157.0,8212.0,17521.0,9050.0,97150.0,28530.0,17836.0,18835.0,37494.0,7697.0
1388,8167.0,18719.0,8250.0,17621.0,9175.0,98775.0,18541.0,17640.0,18779.0,19248.0,8618.0
1389,8509.0,8464.0,18195.0,9798.0,17574.0,81360.0,18177.0,19083.0,17842.0,136952.0,
1390,9012.0,17790.0,9097.0,8716.0,18802.0,90178.0,27717.0,8624.0,17481.0,77653.0,7840.0
1391,8792.0,8333.0,18746.0,9220.0,10065.0,102379.0,28424.0,18859.0,19043.0,105788.0,8953.0
1392,8866.0,19289.0,9263.0,8664.0,18623.0,91407.0,28983.0,17983.0,9326.0,68718.0,8271.0
1393,9740.0,9321.0,8513.0,18050.0,19164.0,101714.0,17581.0,18758.0,18847.0,69028.0,18481.0
1394,8723.0,8538.0,18016.0,18761.0,8684.0,89660.0,38191.0,8999.0,18067.0,58318.0,8910.0
1395,8075.0,28903.0,8960.0,18461.0,18172.0,110137.0,28361.0,18486.0,17647.0,47908.0,8343.0
1396,7562.0,8706.0,8448.0,18265.0,19666.0,99740.0,19116.0,19440.0,8762.0,39239.0,8058.0
1397,8908.0,18516.0,7894.0,19136.0,19090.0,102279.0,18597.0,8046.0,18853.0,47794.0,9394.0
1398,9155.0,18883.0,9168.0,18542.0,9125.0,90680.0,28433.0,17406.0,8582.0,27842.0,7859.0
1399,8708.0,18425.0,8731.0,19058.0,8654.0,102024.0,18881.0,7765.0,18224.0,28084.0,9074.0
1400,9628.0,18773.0,7977.0,9082.0,18764.0,101364.0,19458.0,17823.0,8416.0,29625.0,8301.0
1401,8483.0,8426.0,7466.0,18484.0,19061.0,99438.0,18314.0,8429.0,18022.0,17523.0,7973.0
1402,8554.0,18146.0,9255.0,18226.0,8585.0,100106.0,18302.0,17365.0,17919.0,18784.0,8768.0
1403,18514.0,9233.0,8547.0,18515.0,18867.0,100936.0,29149.0,18286.0,17958.0,18248.0,8659.0
1404,8487.0,18266.0,9408.0,18743.0,10020.0,111418.0,28457.0,18092.0,18834.0,9257.0,8625.0
1405,8382.0,28640.0,9300.0,8607.0,18275.0,100045.0,28631.0,9491.0,19447.0,8701.0,8231.0
1406,8641.0,18387.0,8535.0,18889.0,9168.0,101859.0,28710.0,28684.0,18842.0,8298.0,8999.0
1407,7981.0,18804.0,8355.0,17844.0,8404.0,88782.0,28254.0,17478.0,18537.0,9066.0,8278.0
1408,7479.0,18804.0,8194.0,19312.0,9342.0,91221.0,27690.0,18357.0,9269.0,8415.0,8399.0
1409,8413.0,17951.0,9710.0,9253.0,18588.0,91359.0,28731.0,18296.0,7931.0,8113.0,8818.0
1410,8623.0,18327.0,8347.0,9257.0,18184.0,90377.0,27283.0,9409.0,17883.0,9188.0,8813.0
1411,8625.0,18399.0,9192.0,18635.0,9357.0,100748.0,28500.0,19124.0,9650.0,8815.0,8888.0
1412,9249.0,18086.0,8781.0,17668.0,8625.0,98386.0,19490.0,17017.0,8646.0,8971.0,7589.0
1413,7918.0,9109.0,17925.0,18890.0,17654.0,98062.0,28473.0,17633.0,8173.0,27433.0,8107.0
1414,9227.0,9125.0,9176.0,18779.0,18479.0,102204.0,18629.0,18183.0,18578.0,8627.0,9748.0
1415,8921.0,8759.0,8698.0,18829.0,9484.0,90626.0,27810.0,8501.0,18790.0,18972.0,7906.0
1416,8202.0,27387.0,8674.0,17583.0,19056.0,116966.0,28988.0,8997.0,18018.0,28067.0,7700.0
1417,18102.0,10092.0,9425.0,17933.0,7448.0,100428.0,18857.0,9760.0,18436.0,37566.0,8282.0
1418,8864.0,19106.0,7919.0,18854.0,8179.0,99223.0,28189.0,18763.0,18428.0,19786.0,7417.0
1419,8878.0,18520.0,9176.0,18332.0,19149.0,101522.0,28584.0,18655.0,18450.0,18842.0,8782.0
1420,7580.0,9251.0,9647.0,19070.0,9033.0,92506.0,28703.0,9232.0,18099.0,18670.0,8486.0
1421,8294.0,18491.0,8212.0,19428.0,9114.0,91426.0,28682.0,18447.0,8664.0,29057.0,8808.0
1422,8084.0,8126.0,9301.0,18968.0,8106.0,88905.0,17705.0,17766.0,18431.0,8816.0,8370.0
1423,8104.0,9498.0,17486.0,9062.0,19158.0,99216.0,28374.0,18366.0,8514.0,17911.0,8415.0
1424,8783.0,17348.0,9308.0,9288.0,19620.0,93080.0,27646.0,9317.0,18873.0,8016.0,9295.0
1425,8392.0,27812.0,9414.0,7876.0,19220.0,100175.0,27970.0,8640.0,17338.0,8485.0,8606.0
1426,7477.0,19153.0,9350.0,8145.0,18225.0,99445.0,27338.0,7835.0,18956.0,8887.0,8240.0
1427,7991.0,17806.0,8296.0,18191.0,18588.0,98402.0,27974.0,18259.0,17878.0,18468.0,8235.0
1428,6175.0,19283.0,9814.0,8408.0,17881.0,88883.0,28016.0,19374.0,8917.0,37721.0,
1429,8021.0,18024.0,8741.0,18541.0,8446.0,89340.0,29189.0,8615.0,17854.0,27600.0,8421.0
1430,7765.0,19299.0,9200.0,18912.0,8400.0,100406.0,28578.0,18638.0,18152.0,27975.0,8246.0
1431,9167.0,18596.0,9017.0,18757.0,9225.0,102320.0,17983.0,18778.0,8819.0,27673.0,8787.0
1432,9155.0,18894.0,7615.0,19025.0,19393.0,100431.0,18703.0,28493.0,8676.0,28654.0,7956.0
1433,18922.0,19607.0,9703.0,8748.0,16989.0,111015.0,18847.0,18322.0,8617.0,19357.0,8945.0
1434,8552.0,17502.0,7534.0,17413.0,7976.0,95562.0,19388.0,17166.0,7697.0,17463.0,8742.0
1435,8207.0,19128.0,9085.0,9143.0,18058.0,100893.0,28691.0,17884.0,18496.0,18095.0,8789.0
1436,8902.0,18357.0,8319.0,17471.0,9037.0,96888.0,18301.0,17491.0,18394.0,8261.0,7561.0
1437,8148.0,7930.0,18202.0,8841.0,19196.0,89809.0,9942.0,17645.0,18658.0,8408.0,7938.0
1438,8302.0,17389.0,8653.0,7949.0,18921.0,87863.0,29352.0,19403.0,9094.0,17931.0,8811.0
1439,8109.0,17580.0,8125.0,18088.0,8296.0,97496.0,19130.0,17576.0,8620.0,18685.0,8809.0
1440,8894.0,28588.0,8189.0,19084.0,19101.0,131338.0,28383.0,19232.0,18834.0,19418.0,9159.0
1441,8357.0,17635.0,7889.0,9229.0,18763.0,99693.0,19099.0,18727.0,18820.0,8406.0,9137.0
1442,8821.0,18562.0,9187.0,18632.0,8812.0,102045.0,28375.0,19754.0,19493.0,8452.0,8944.0
1443,8455.0,18556.0,9086.0,18401.0,8868.0,101227.0,18774.0,19241.0,8262.0,17906.0,8712.0
1444,9222.0,18651.0,8582.0,18850.0,18375.0,100966.0,28581.0,17675.0,9056.0,8258.0,7909.0
1445,8220.0,17718.0,9434.0,18067.0,8897.0,98299.0,28446.0,16680.0,17024.0,18022.0,8313.0
1446,8760.0,8180.0,18472.0,18462.0,9504.0,100458.0,19381.0,18184.0,18408.0,18002.0,8762.0
1447,9284.0,18808.0,8535.0,17610.0,7529.0,107912.0,19113.0,8836.0,18220.0,8856.0,8746.0
1448,8250.0,19105.0,8423.0,18129.0,8004.0,99868.0,19438.0,18939.0,9420.0,8898.0,8535.0
1449,8777.0,18670.0,8401.0,16257.0,19104.0,97910.0,39935.0,8654.0,28562.0,8417.0,7881.0
1450,8524.0,18268.0,8261.0,17626.0,9675.0,100476.0,18911.0,8346.0,18476.0,8239.0,9305.0
1451,9280.0,18539.0,8872.0,18853.0,7590.0,89916.0,17899.0,19506.0,18971.0,8936.0,9207.0
1452,8853.0,8414.0,7390.0,18471.0,18591.0,109100.0,18165.0,19654.0,8551.0,18813.0,9352.0
1453,8945.0,18692.0,9518.0,19170.0,18951.0,103319.0,28273.0,18179.0,18683.0,9274.0,8984.0
1454,7984.0,17511.0,7152.0,8537.0,18024.0,86341.0,28375.0,17659.0,9350.0,9032.0,9053.0
1455,9249.0,18723.0,8843.0,18421.0,8798.0,100193.0,28626.0,18642.0,8613.0,19192.0,7728.0
1456,9241.0,19558.0,8688.0,18557.0,8801.0,102367.0,28652.0,19201.0,19115.0,28750.0,7616.0
1457,9499.0,18619.0,9213.0,19956.0,8562.0,130922.0,19720.0,18452.0,8501.0,39638.0,18707.0
1458,8779.0,18906.0,18417.0,10079.0,19191.0,113092.0,19383.0,9451.0,18783.0,39557.0,9044.0
1459,8816.0,18938.0,8260.0,17894.0,10006.0,91024.0,19075.0,19780.0,8350.0,60205.0,9080.0
1460,7868.0,8008.0,9277.0,27659.0,8435.0,99081.0,18118.0,19004.0,18633.0,39224.0,8614.0
1461,8667.0,18847.0,8706.0,18880.0,9325.0,101477.0,19843.0,18887.0,19127.0,39649.0,9020.0
1462,8610.0,9852.0,9426.0,19231.0,8673.0,103097.0,19649.0,18806.0,19429.0,39499.0,9145.0
1463,9041.0,18626.0,9740.0,19093.0,8651.0,103343.0,19800.0,8844.0,19110.0,39246.0,8983.0
1464,9063.0,18191.0,9267.0,18689.0,8703.0,111043.0,18569.0,18247.0,8589.0,49461.0,9162.0
1465,9722.0,9310.0,9543.0,19306.0,18194.0,92408.0,18605.0,19125.0,9218.0,49460.0,8171.0
1466,8360.0,9861.0,8693.0,17924.0,19537.0,100530.0,18921.0,18895.0,19028.0,37890.0,8650.0
1467,8875.0,19210.0,8517.0,18278.0,9342.0,93885.0,28855.0,19170.0,18957.0,9841.0,
1468,8946.0,8731.0,9826.0,19633.0,18379.0,93622.0,28886.0,9102.0,18839.0,38206.0,9151.0
1469,8301.0,28870.0,9006.0,17907.0,9063.0,110674.0,28791.0,18585.0,9500.0,38649.0,9084.0
1470,8610.0,17487.0,7200.0,18157.0,8818.0,86448.0,19084.0,18984.0,17692.0,28022.0,7187.0
1471,9112.0,18376.0,9415.0,18919.0,8591.0,102257.0,19099.0,19212.0,19408.0,70311.0,9491.0
1472,9107.0,19155.0,9375.0,18229.0,9383.0,110697.0,28405.0,19230.0,19821.0,27368.0,7648.0
1473,9357.0,19372.0,7670.0,19062.0,8167.0,99964.0,19514.0,19473.0,18396.0,29179.0,8133.0
1474,7904.0,19095.0,8956.0,8835.0,18901.0,92040.0,18512.0,18821.0,9648.0,39271.0,8478.0
1475,8245.0,8089.0,8550.0,18254.0,18709.0,99943.0,17988.0,19296.0,18995.0,29316.0,17998.0
1476,8929.0,18638.0,8510.0,19399.0,9507.0,103117.0,18390.0,19436.0,19368.0,30077.0,8858.0
1477,8836.0,19138.0,8592.0,19477.0,8202.0,101606.0,18076.0,8969.0,18429.0,8045.0,8635.0
1478,9000.0,18412.0,9610.0,17764.0,8764.0,92221.0,28964.0,19826.0,9076.0,18778.0,9283.0
1479,8601.0,19021.0,9218.0,18749.0,8516.0,100980.0,19042.0,19283.0,8881.0,9080.0,8824.0
1480,8507.0,8126.0,8518.0,18089.0,8032.0,99871.0,27792.0,8614.0,18589.0,8927.0,8402.0
1481,8599.0,18090.0,9075.0,19018.0,18848.0,100372.0,19492.0,19362.0,18442.0,9046.0,8843.0
1482,8949.0,18768.0,8140.0,19887.0,18217.0,111736.0,19772.0,19881.0,9564.0,8264.0,8166.0
1483,9631.0,8854.0,8627.0,18233.0,8288.0,111297.0,18349.0,19506.0,8294.0,9542.0,18265.0
1484,9050.0,18726.0,9116.0,18432.0,7995.0,99658.0,19247.0,18421.0,19032.0,8654.0,7783.0
1485,17786.0,9442.0,8958.0,18141.0,8539.0,99290.0,18568.0,18914.0,9356.0,9013.0,8325.0
1486,8365.0,8256.0,9190.0,28783.0,18562.0,110218.0,18605.0,19316.0,8404.0,18261.0,8674.0
1487,8453.0,7882.0,9577.0,19048.0,18697.0,98249.0,18477.0,18802.0,8262.0,8305.0,16511.0
1488,9432.0,18851.0,7910.0,18878.0,8502.0,98760.0,18333.0,7972.0,17959.0,7663.0,7911.0
1489,8320.0,18118.0,9213.0,18389.0,19127.0,112190.0,19053.0,8096.0,19281.0,9118.0,9810.0
1490,8598.0,17076.0,8157.0,19223.0,17903.0,98566.0,18126.0,18910.0,18760.0,8462.0,8581.0
1491,9086.0,18618.0,8763.0,18194.0,8668.0,101187.0,18677.0,17927.0,9377.0,9115.0,9140.0
1492,8822.0,8699.0,8556.0,17971.0,18596.0,91243.0,19952.0,19106.0,19083.0,9400.0,8926.0
1493,8964.0,18328.0,8240.0,17966.0,8386.0,110185.0,39086.0,8822.0,18393.0,8040.0,9327.0
1494,8313.0,17800.0,9145.0,19536.0,18092.0,101251.0,28336.0,19083.0,9179.0,9389.0,8462.0
1495,9175.0,18878.0,8906.0,18913.0,8302.0,102991.0,19319.0,18994.0,8261.0,8965.0,9106.0
1496,8116.0,17725.0,8772.0,18271.0,8616.0,89574.0,28367.0,9278.0,18872.0,8064.0,8906.0
1497,7447.0,18391.0,8998.0,18596.0,19012.0,100935.0,18191.0,19416.0,19345.0,8616.0,8420.0
1498,8745.0,18724.0,8857.0,18613.0,8600.0,102419.0,9136.0,18880.0,18425.0,8647.0,9072.0
1499,8458.0,27939.0,9913.0,9374.0,18722.0,101249.0,18059.0,18606.0,19073.0,9707.0,8668.0
1500,7445.0,19441.0,8257.0,17371.0,9438.0,100191.0,19220.0,19786.0,8560.0,18552.0,8254.0
1501,8961.0,8693.0,17911.0,10001.0,19003.0,93019.0,19631.0,18328.0,19325.0,8823.0,9065.0
1502,7969.0,16766.0,8424.0,18050.0,19527.0,97754.0,28284.0,9193.0,19556.0,8256.0,8177.0
1503,8649.0,8597.0,18302.0,8263.0,19149.0,92097.0,28090.0,18832.0,9089.0,9309.0,9237.0
1504,8648.0,18335.0,8694.0,18162.0,9427.0,101327.0,28526.0,8494.0,19575.0,8412.0,9118.0
1505,8174.0,8953.0,9011.0,9087.0,18624.0,89851.0,18355.0,17938.0,9534.0,8606.0,8532.0
1506,8871.0,18145.0,9015.0,8959.0,18285.0,100332.0,18772.0,18343.0,18259.0,9555.0,7766.0
1507,9058.0,19072.0,9005.0,18783.0,9103.0,83928.0,17964.0,19014.0,9892.0,8875.0,
1508,9194.0,19228.0,9111.0,18706.0,8754.0,103267.0,16641.0,9150.0,18748.0,9570.0,9601.0
1509,9303.0,28419.0,9328.0,8727.0,18045.0,99647.0,28909.0,18902.0,8540.0,19674.0,7978.0
1510,9214.0,8745.0,8928.0,18822.0,17614.0,90375.0,19208.0,18711.0,8239.0,9648.0,7598.0
1511,7433.0,19526.0,8293.0,17749.0,18148.0,98516.0,28524.0,8600.0,19620.0,8344.0,8476.0
1512,9011.0,18083.0,9051.0,18923.0,17868.0,100879.0,28725.0,9189.0,17696.0,8921.0,9073.0
1513,9682.0,8765.0,9143.0,18485.0,19383.0,102736.0,19197.0,19562.0,17426.0,8196.0,9951.0
1514,8823.0,18476.0,9096.0,18807.0,9360.0,102013.0,17819.0,17801.0,17907.0,9109.0,9212.0
1515,9029.0,8720.0,9464.0,19299.0,19532.0,105051.0,19376.0,18894.0,17211.0,8349.0,9438.0
1516,9163.0,19188.0,9474.0,9250.0,19548.0,103833.0,17926.0,9501.0,18847.0,9263.0,8141.0
1517,8774.0,18541.0,8022.0,29346.0,9432.0,121991.0,29100.0,9749.0,18063.0,9552.0,9020.0
1518,8573.0,17599.0,9253.0,18595.0,8618.0,90764.0,18533.0,18083.0,19430.0,9466.0,8845.0
1519,8837.0,18814.0,9232.0,18999.0,9097.0,103124.0,19009.0,19159.0,18461.0,9808.0,9291.0
1520,9170.0,19281.0,8756.0,18357.0,9330.0,110594.0,18857.0,19022.0,9516.0,10042.0,7640.0
1521,8908.0,18633.0,9238.0,18947.0,8430.0,101907.0,17928.0,19311.0,19216.0,9016.0,9264.0
1522,8355.0,8623.0,8024.0,19300.0,18926.0,90327.0,19110.0,28239.0,18904.0,8908.0,8973.0
1523,8976.0,18560.0,8503.0,17857.0,19266.0,100293.0,19562.0,8209.0,19573.0,9319.0,7356.0
1524,9026.0,18910.0,9298.0,19030.0,17934.0,102544.0,18777.0,9557.0,9332.0,19099.0,8563.0
1525,8006.0,17494.0,7945.0,19411.0,17682.0,106918.0,28814.0,18786.0,7299.0,8417.0,8386.0
1526,9064.0,8531.0,9205.0,18879.0,7928.0,92024.0,28641.0,19090.0,9806.0,9759.0,9643.0
1527,9223.0,8718.0,18267.0,9230.0,19451.0,101653.0,27758.0,19441.0,9310.0,18641.0,9587.0
1528,8994.0,8807.0,9537.0,18752.0,19617.0,93348.0,28815.0,9941.0,17895.0,8983.0,9330.0
1529,8282.0,17241.0,8734.0,18320.0,8568.0,87322.0,28285.0,19091.0,17875.0,8129.0,8220.0
1530,8239.0,19039.0,8282.0,19191.0,9027.0,100974.0,17553.0,19085.0,9279.0,18499.0,8148.0
1531,8204.0,18746.0,8966.0,18565.0,8481.0,100708.0,18464.0,18509.0,18378.0,18476.0,8741.0
1532,9974.0,9762.0,8160.0,17931.0,18630.0,99841.0,28964.0,19362.0,19162.0,8321.0,8555.0
1533,9202.0,8944.0,8565.0,18243.0,8189.0,109857.0,19324.0,18454.0,18949.0,18440.0,9774.0
1534,8470.0,18124.0,8560.0,17885.0,8086.0,96616.0,18898.0,8936.0,19983.0,19561.0,7643.0
1535,8381.0,17767.0,18216.0,18693.0,8866.0,99679.0,28849.0,19206.0,18423.0,9658.0,9101.0
1536,7392.0,18564.0,9255.0,18245.0,7554.0,88077.0,17933.0,18238.0,17826.0,28170.0,8366.0
1537,9525.0,19318.0,9649.0,18916.0,8362.0,102465.0,28837.0,8391.0,19279.0,19008.0,8259.0
1538,7785.0,18514.0,9493.0,18791.0,8224.0,89778.0,29378.0,19036.0,19834.0,19708.0,8472.0
1539,9157.0,9179.0,18594.0,9895.0,9487.0,94326.0,18565.0,8342.0,18326.0,29041.0,9397.0
1540,9240.0,9072.0,8497.0,18923.0,9155.0,101996.0,19098.0,19949.0,19203.0,9183.0,10084.0
1541,8638.0,18698.0,8450.0,9368.0,19313.0,91934.0,18069.0,18734.0,18726.0,8610.0,9161.0
1542,9163.0,19129.0,9245.0,19159.0,8414.0,100944.0,28093.0,9287.0,18538.0,7976.0,8329.0
1543,8508.0,18150.0,8710.0,18690.0,8997.0,100304.0,18495.0,18343.0,18192.0,18709.0,9000.0
1544,9457.0,8750.0,9304.0,18698.0,8161.0,92791.0,19103.0,18970.0,19305.0,29107.0,9552.0
1545,10033.0,10078.0,9125.0,18625.0,18265.0,102766.0,29173.0,8888.0,18555.0,19115.0,18609.0
1546,7959.0,17350.0,8666.0,18075.0,19131.0,98164.0,18297.0,18660.0,18740.0,18300.0,8184.0
1547,8266.0,18225.0,8996.0,18854.0,9327.0,92882.0,18834.0,18114.0,18772.0,18302.0,
1548,8214.0,7339.0,9312.0,19107.0,9095.0,91399.0,18379.0,19605.0,9257.0,48327.0,8853.0
1549,9184.0,18734.0,8701.0,18629.0,18935.0,102840.0,18904.0,18316.0,18497.0,37948.0,9330.0
1550,9448.0,9089.0,10197.0,9372.0,17772.0,90413.0,27786.0,9325.0,19451.0,29420.0,7605.0
1551,9086.0,19087.0,7959.0,19154.0,8418.0,92448.0,29470.0,8540.0,18547.0,8555.0,9141.0
1552,9198.0,19041.0,8874.0,19548.0,7860.0,90770.0,28136.0,9378.0,19189.0,28587.0,8324.0
1553,8987.0,18672.0,7836.0,19114.0,9537.0,103151.0,28876.0,19060.0,9491.0,27815.0,9365.0
1554,7235.0,18777.0,8732.0,18413.0,8084.0,98196.0,18678.0,18066.0,9524.0,28839.0,8352.0
1555,8849.0,18319.0,7932.0,18950.0,19159.0,111790.0,19254.0,18497.0,19670.0,17142.0,8941.0
1556,8150.0,18912.0,8279.0,17617.0,8112.0,108796.0,18199.0,19443.0,9506.0,19612.0,8341.0
1557,8404.0,18285.0,8305.0,17337.0,9648.0,88881.0,18748.0,18060.0,17706.0,17858.0,8559.0
1558,8979.0,19041.0,8900.0,18105.0,8999.0,99820.0,19161.0,19026.0,9477.0,28694.0,7536.0
1559,8671.0,9243.0,18341.0,9714.0,19151.0,91975.0,28082.0,19126.0,19018.0,17915.0,7820.0
1560,8499.0,18569.0,8398.0,19534.0,9556.0,102657.0,19178.0,17894.0,8966.0,18725.0,8932.0
1561,8689.0,18254.0,8378.0,18096.0,8643.0,99376.0,29570.0,17571.0,19042.0,18638.0,8654.0
1562,8826.0,18422.0,9680.0,8556.0,18924.0,90797.0,18729.0,18867.0,9554.0,18360.0,7279.0
1563,9104.0,18179.0,9355.0,8948.0,18493.0,90344.0,28902.0,9084.0,18916.0,8079.0,7745.0
1564,8856.0,8703.0,8389.0,18135.0,7832.0,88955.0,28759.0,17267.0,16902.0,8626.0,9242.0
1565,8788.0,18584.0,8107.0,7391.0,18710.0,88872.0,27615.0,17830.0,8388.0,19290.0,9048.0
1566,8542.0,18481.0,8379.0,17694.0,8802.0,89197.0,17924.0,19015.0,18031.0,9109.0,8773.0
1567,9150.0,9053.0,9236.0,18728.0,18953.0,92331.0,17247.0,19181.0,7896.0,19329.0,7951.0
1568,8901.0,8563.0,8549.0,18004.0,17724.0,98476.0,19120.0,18041.0,18220.0,19114.0,10020.0
1569,7883.0,8889.0,7803.0,18878.0,17890.0,98482.0,18414.0,18634.0,17893.0,28890.0,8355.0
1570,7722.0,18944.0,9011.0,9144.0,19078.0,91293.0,19242.0,18291.0,18764.0,29279.0,8490.0
1571,9690.0,18372.0,8722.0,7887.0,18063.0,101065.0,18487.0,18531.0,18177.0,47978.0,9899.0
1572,8337.0,8423.0,9173.0,18524.0,9148.0,98772.0,18627.0,9237.0,18598.0,38765.0,8590.0
1573,9218.0,9153.0,8726.0,17971.0,8326.0,101354.0,29082.0,18666.0,9412.0,28583.0,9645.0
1574,9128.0,18559.0,7587.0,18586.0,17137.0,96582.0,17992.0,19340.0,9429.0,38607.0,7491.0
1575,8353.0,18309.0,9311.0,19160.0,8638.0,100510.0,18025.0,19277.0,18651.0,27993.0,8724.0
1576,8883.0,18715.0,9442.0,18681.0,9145.0,92904.0,29349.0,18742.0,19213.0,28820.0,8999.0
1577,8436.0,8237.0,9310.0,19226.0,18558.0,101755.0,29611.0,18959.0,19350.0,18034.0,8676.0
1578,8465.0,18237.0,9290.0,19390.0,9147.0,102473.0,17915.0,19299.0,18387.0,8819.0,9141.0
1579,8846.0,18483.0,8614.0,18091.0,19068.0,111493.0,28906.0,9333.0,18997.0,9678.0,8955.0
1580,8723.0,18683.0,9206.0,18430.0,8577.0,91931.0,27354.0,18701.0,9141.0,9508.0,9409.0
1581,8579.0,18452.0,8417.0,10175.0,19172.0,99153.0,28204.0,9634.0,17823.0,9496.0,8028.0
1582,8913.0,8831.0,9249.0,18006.0,18268.0,102243.0,18462.0,18179.0,9541.0,9234.0,9249.0
1583,8679.0,8456.0,8959.0,9638.0,19744.0,101903.0,18971.0,19086.0,18647.0,9231.0,9342.0
1584,9012.0,18935.0,8989.0,8604.0,18270.0,90258.0,29492.0,19179.0,18832.0,9721.0,7100.0
1585,8784.0,8625.0,9415.0,18645.0,18627.0,92630.0,29281.0,9249.0,19030.0,9275.0,9211.0
1586,10262.0,10050.0,8333.0,19113.0,18829.0,95778.0,18395.0,19054.0,19581.0,8714.0,
1587,8676.0,18249.0,8932.0,18402.0,9218.0,100680.0,27842.0,9638.0,19125.0,17416.0,9085.0
1588,8794.0,18928.0,8857.0,8560.0,18622.0,90609.0,18170.0,19510.0,19377.0,9107.0,9035.0
1589,9154.0,8772.0,9145.0,18517.0,19956.0,102504.0,18708.0,19237.0,9304.0,18526.0,9305.0
1590,8586.0,8107.0,8845.0,18189.0,18982.0,90937.0,28068.0,19134.0,9515.0,8767.0,9016.0
1591,8310.0,19127.0,8471.0,17641.0,18339.0,99258.0,17825.0,18280.0,18833.0,8737.0,8590.0
1592,8834.0,18412.0,9030.0,8740.0,18112.0,89761.0,28635.0,19329.0,9039.0,8508.0,8617.0
1593,8420.0,17797.0,9328.0,19412.0,18225.0,110966.0,29197.0,19055.0,9049.0,18130.0,8912.0
1594,8613.0,27756.0,8043.0,18119.0,9129.0,107513.0,28180.0,9261.0,17913.0,9371.0,8347.0
1595,8772.0,17690.0,8827.0,17882.0,8194.0,99077.0,19021.0,19434.0,9246.0,18581.0,9200.0
1596,8146.0,17890.0,8792.0,18362.0,8126.0,88393.0,19309.0,17862.0,18588.0,9229.0,8626.0
1597,18471.0,19615.0,9345.0,18789.0,9306.0,113136.0,18487.0,18417.0,18767.0,9201.0,8863.0
1598,8048.0,7609.0,18455.0,9604.0,19205.0,89413.0,18305.0,18702.0,9154.0,19084.0,8251.0
1599,9024.0,27493.0,9995.0,19031.0,8672.0,101003.0,19156.0,19626.0,9139.0,18715.0,7457.0
1600,9781.0,9214.0,9012.0,18472.0,8727.0,91323.0,19409.0,18995.0,17952.0,8031.0,17489.0
1601,8587.0,8815.0,7815.0,18829.0,9236.0,80398.0,18398.0,18076.0,8649.0,17905.0,8761.0
1602,9064.0,18401.0,9399.0,18069.0,9099.0,99607.0,18405.0,10069.0,18986.0,9152.0,9243.0
1603,8716.0,18490.0,8716.0,18691.0,19465.0,102822.0,19064.0,8369.0,19291.0,9408.0,8820.0
1604,7966.0,8107.0,7993.0,19440.0,19660.0,101178.0,18735.0,18451.0,18521.0,8545.0,8754.0
1605,8708.0,17375.0,9387.0,8821.0,10033.0,97928.0,19038.0,18600.0,18364.0,9238.0,7595.0
1606,9777.0,7934.0,8334.0,17840.0,18401.0,100479.0,19304.0,17988.0,8987.0,7518.0,18426.0
1607,7764.0,18802.0,8525.0,18232.0,8615.0,98982.0,19131.0,19223.0,18834.0,9280.0,8013.0
1608,8956.0,8382.0,18671.0,9082.0,18009.0,99690.0,18704.0,17951.0,8251.0,8964.0,7617.0
1609,8415.0,19797.0,9683.0,19229.0,8647.0,101671.0,28111.0,8293.0,18776.0,8230.0,8716.0
1610,8698.0,18378.0,9288.0,18763.0,8680.0,100944.0,18219.0,18183.0,9820.0,9237.0,9230.0
1611,8983.0,17924.0,8520.0,19032.0,9674.0,101843.0,18577.0,9708.0,18923.0,8593.0,8976.0
1612,8271.0,18125.0,8945.0,18973.0,8760.0,90110.0,18025.0,18525.0,18217.0,9495.0,9188.0
1613,9224.0,8811.0,9287.0,28242.0,9242.0,101989.0,28224.0,9138.0,18839.0,8493.0,7610.0
1614,9098.0,18683.0,8124.0,19190.0,8412.0,101737.0,19379.0,9215.0,17977.0,8309.0,8891.0
1615,8803.0,17992.0,8895.0,17750.0,9412.0,97890.0,19244.0,17272.0,9439.0,9097.0,7597.0
1616,9184.0,8902.0,8391.0,18152.0,8976.0,99326.0,27753.0,8656.0,18075.0,9616.0,18081.0
1617,8171.0,17486.0,18736.0,19616.0,9255.0,111804.0,17759.0,18429.0,17913.0,8867.0,9120.0
1618,9209.0,8554.0,9980.0,19103.0,9124.0,93579.0,19968.0,18203.0,19744.0,19357.0,9369.0
1619,9306.0,19214.0,9472.0,18953.0,18152.0,113345.0,28296.0,19305.0,8877.0,18506.0,8049.0
1620,8901.0,18941.0,9454.0,18946.0,18994.0,102855.0,38906.0,17792.0,8021.0,19009.0,8212.0
1621,9223.0,18758.0,8443.0,18457.0,17600.0,100366.0,19195.0,19518.0,8582.0,9201.0,9122.0
1622,9018.0,18610.0,9154.0,8749.0,18184.0,91989.0,19023.0,17780.0,9545.0,9222.0,9407.0
1623,8151.0,18026.0,9257.0,18347.0,9231.0,90250.0,18012.0,17749.0,18469.0,8759.0,8900.0
1624,8271.0,7836.0,8034.0,17495.0,19237.0,88351.0,28402.0,18849.0,18387.0,9441.0,8427.0
1625,8465.0,8310.0,8272.0,18102.0,19349.0,90285.0,29753.0,18897.0,8226.0,8637.0,8621.0
1626,8797.0,18660.0,9160.0,18668.0,17762.0,102386.0,17736.0,8607.0,16971.0,18105.0,
1627,8118.0,17735.0,8218.0,17129.0,8631.0,96698.0,27980.0,17052.0,9212.0,28029.0,8434.0
1628,8378.0,17798.0,9043.0,18564.0,9048.0,101296.0,19186.0,18548.0,18698.0,38377.0,9071.0
1629,8997.0,18645.0,8165.0,17612.0,18022.0,109246.0,18117.0,18270.0,8471.0,28354.0,8944.0
1630,9187.0,19345.0,8882.0,17675.0,8197.0,110102.0,19211.0,7954.0,17771.0,8811.0,8107.0
1631,9175.0,8463.0,9129.0,18040.0,8888.0,99108.0,19529.0,8134.0,18525.0,8903.0,9565.0
1632,8075.0,19100.0,9065.0,18140.0,18572.0,99003.0,19314.0,18441.0,18355.0,8587.0,8191.0
1633,8972.0,28103.0,9918.0,8309.0,18110.0,102179.0,28920.0,17116.0,18470.0,8995.0,9097.0
1634,8977.0,18702.0,9454.0,19107.0,18410.0,100370.0,18749.0,9377.0,17899.0,8499.0,7282.0
1635,8458.0,18427.0,8155.0,18956.0,7996.0,99762.0,18331.0,18931.0,19530.0,9157.0,8702.0
1636,8739.0,18642.0,9041.0,18838.0,18235.0,110569.0,18091.0,18760.0,7875.0,8722.0,8669.0
1637,8190.0,18651.0,7779.0,8056.0,18087.0,87994.0,18283.0,17710.0,18733.0,9366.0,8790.0
1638,8956.0,18852.0,9081.0,18666.0,8511.0,100645.0,19396.0,18746.0,8303.0,8066.0,8075.0
1639,7759.0,19293.0,8300.0,18877.0,8893.0,89255.0,17745.0,19211.0,18088.0,7999.0,8257.0
1640,8142.0,19139.0,8445.0,17720.0,9410.0,99210.0,18022.0,19282.0,9066.0,9228.0,8585.0
1641,9727.0,9505.0,7729.0,19628.0,8940.0,101245.0,27930.0,8912.0,18760.0,9109.0,18051.0
1642,8628.0,18089.0,9250.0,19246.0,18370.0,100606.0,27756.0,8112.0,18563.0,8549.0,8901.0
1643,8993.0,18406.0,9226.0,18812.0,7689.0,98951.0,18884.0,18081.0,19109.0,8764.0,7845.0
1644,8699.0,10098.0,9080.0,18542.0,19340.0,102393.0,29190.0,9676.0,18175.0,19051.0,8820.0
1645,9112.0,18837.0,9391.0,8558.0,18856.0,90387.0,28079.0,8503.0,17904.0,8807.0,7482.0
1646,8985.0,18475.0,8738.0,8240.0,19035.0,89490.0,18157.0,8522.0,19199.0,18906.0,7795.0
1647,8699.0,18547.0,9228.0,19005.0,9365.0,91878.0,18042.0,18844.0,16969.0,27276.0,8664.0
1648,9223.0,19175.0,9112.0,18295.0,8401.0,100997.0,27638.0,8881.0,18846.0,18057.0,7823.0
1649,8691.0,18571.0,8341.0,18934.0,9028.0,100922.0,18335.0,18428.0,19052.0,19137.0,9200.0
1650,7379.0,19105.0,8984.0,17723.0,8406.0,88364.0,17412.0,18638.0,8250.0,19031.0,8062.0
1651,8838.0,18822.0,9008.0,18585.0,9255.0,99871.0,18969.0,18324.0,9190.0,19112.0,7616.0
1652,7861.0,19321.0,9070.0,18596.0,9133.0,101994.0,18939.0,9222.0,18126.0,18968.0,8666.0
1653,8986.0,8900.0,9198.0,18781.0,8956.0,80469.0,28228.0,18882.0,7979.0,7189.0,7789.0
1654,8820.0,19076.0,8897.0,18231.0,7735.0,99002.0,18918.0,7718.0,18916.0,8630.0,8352.0
1655,9095.0,17980.0,8077.0,18689.0,8079.0,99198.0,19131.0,18700.0,18615.0,8954.0,9005.0
1656,8783.0,18904.0,9595.0,18698.0,8026.0,100671.0,28477.0,18538.0,8343.0,19440.0,9361.0
1657,8716.0,8446.0,8774.0,17977.0,19000.0,90311.0,17489.0,17884.0,8992.0,19069.0,9218.0
1658,8851.0,8934.0,8479.0,27459.0,9559.0,99440.0,17886.0,18609.0,9380.0,39164.0,7869.0
1659,9187.0,18744.0,9174.0,18904.0,18362.0,99442.0,17700.0,18126.0,17551.0,18782.0,7379.0
1660,9189.0,18068.0,8800.0,8368.0,18273.0,89110.0,18960.0,18879.0,18870.0,29560.0,8060.0
1661,7678.0,28933.0,8323.0,8101.0,18712.0,99622.0,19134.0,18935.0,17832.0,38212.0,8286.0
1662,9200.0,19183.0,8418.0,17617.0,18351.0,110330.0,18161.0,9077.0,19626.0,18684.0,7490.0
1663,8256.0,17811.0,8316.0,17022.0,18790.0,97921.0,19087.0,19371.0,8532.0,19389.0,8511.0
1664,9045.0,8095.0,9384.0,18273.0,8443.0,99750.0,17707.0,18359.0,8061.0,17381.0,9195.0
1665,7945.0,19105.0,8226.0,17136.0,8912.0,87774.0,17520.0,18858.0,8205.0,18565.0,8201.0
1666,7557.0,19525.0,9217.0,18524.0,9714.0,92937.0,18857.0,18294.0,18995.0,79225.0,
1667,8598.0,8107.0,9097.0,18669.0,18339.0,90065.0,18016.0,18753.0,8777.0,67990.0,8602.0
1668,8897.0,18735.0,9042.0,17864.0,8386.0,100403.0,18367.0,16652.0,7980.0,69251.0,8987.0
1669,9172.0,18690.0,8849.0,9067.0,19078.0,102157.0,17872.0,8157.0,18692.0,46635.0,18179.0
1670,8507.0,17578.0,8696.0,8109.0,18139.0,98739.0,9534.0,19052.0,18088.0,38873.0,8988.0
1671,8666.0,17823.0,8562.0,17097.0,9068.0,88468.0,18721.0,18536.0,8765.0,29121.0,9017.0
1672,9165.0,8881.0,9106.0,18335.0,19167.0,111172.0,10075.0,18174.0,18061.0,17939.0,9740.0
1673,8884.0,18622.0,9002.0,18737.0,8684.0,91043.0,18638.0,19539.0,19350.0,19295.0,7833.0
1674,8289.0,17234.0,8376.0,7960.0,19168.0,88103.0,17982.0,17115.0,8099.0,18111.0,8304.0
1675,8481.0,17612.0,9214.0,18747.0,8896.0,90871.0,28295.0,8820.0,19356.0,18991.0,8819.0
1676,8280.0,18018.0,9234.0,18757.0,8586.0,90458.0,28868.0,8883.0,18345.0,18958.0,8327.0
1677,8440.0,18009.0,8733.0,8596.0,18561.0,80772.0,18781.0,19304.0,8980.0,18147.0,8588.0
1678,8653.0,8419.0,9314.0,18809.0,18450.0,101207.0,18154.0,18567.0,9438.0,38971.0,8806.0
1679,8745.0,18386.0,8925.0,18447.0,9290.0,90939.0,28349.0,8137.0,19635.0,27563.0,8947.0
1680,8438.0,18796.0,8906.0,17815.0,9123.0,99294.0,18964.0,8460.0,17583.0,19057.0,8584.0
1681,9272.0,18527.0,8025.0,19067.0,8295.0,89663.0,18844.0,19225.0,8303.0,19532.0,7271.0
1682,8408.0,8107.0,8519.0,18013.0,19149.0,89884.0,18550.0,18592.0,17777.0,17898.0,8741.0
1683,9352.0,9262.0,9441.0,18686.0,9276.0,93106.0,18760.0,18962.0,9843.0,18838.0,8289.0
1684,8311.0,17881.0,9287.0,19209.0,19262.0,102095.0,17958.0,19233.0,8252.0,17758.0,8940.0
1685,9070.0,8859.0,8109.0,17723.0,8740.0,98845.0,17801.0,9276.0,18889.0,17788.0,9422.0
1686,8423.0,18099.0,9408.0,18569.0,8966.0,91859.0,18231.0,18326.0,18376.0,9382.0,8927.0
1687,9289.0,18604.0,9065.0,8501.0,18009.0,89991.0,18585.0,9851.0,19692.0,9002.0,8361.0
1688,8905.0,8942.0,8064.0,18381.0,17482.0,90095.0,18377.0,8967.0,18521.0,8659.0,9501.0
1689,8886.0,18546.0,9357.0,18630.0,8992.0,92674.0,18418.0,19199.0,8534.0,19195.0,9404.0
1690,9407.0,9205.0,8052.0,19099.0,18202.0,101366.0,19329.0,17318.0,19079.0,18819.0,18086.0
1691,8279.0,8180.0,8740.0,18072.0,19838.0,90976.0,18573.0,18893.0,8492.0,18481.0,8853.0
1692,8796.0,8453.0,8138.0,17549.0,9272.0,89424.0,18699.0,9191.0,18448.0,18262.0,8947.0
1693,9514.0,18943.0,8917.0,18500.0,8880.0,100793.0,17941.0,19197.0,19005.0,9318.0,7979.0
1694,8693.0,18599.0,8050.0,18730.0,9375.0,100751.0,9901.0,19018.0,18844.0,8473.0,8893.0
1695,8271.0,8113.0,9183.0,18620.0,18892.0,89581.0,9720.0,18183.0,18893.0,8856.0,9258.0
1696,8372.0,8492.0,9002.0,18406.0,18883.0,91076.0,19160.0,19030.0,9784.0,8134.0,8573.0
1697,8117.0,7500.0,8260.0,19458.0,19334.0,91026.0,18898.0,19294.0,9392.0,9061.0,8567.0
1698,8933.0,8136.0,8705.0,17983.0,8736.0,98960.0,18429.0,9299.0,19060.0,9419.0,9296.0
1699,9124.0,18906.0,8016.0,9260.0,18857.0,90502.0,18333.0,18276.0,8711.0,8153.0,7349.0
1700,9619.0,19652.0,9677.0,19034.0,9397.0,103685.0,19057.0,8767.0,18369.0,18212.0,8191.0
1701,8013.0,9401.0,8939.0,18139.0,18461.0,100354.0,18575.0,9299.0,19212.0,9066.0,7847.0
1702,8832.0,18630.0,8790.0,28071.0,9162.0,111717.0,19333.0,9163.0,17690.0,9206.0,9009.0
1703,8115.0,17853.0,8989.0,17975.0,19173.0,99410.0,18236.0,9124.0,18546.0,9092.0,8549.0
1704,7877.0,19076.0,9346.0,18422.0,16789.0,98832.0,18805.0,17766.0,9138.0,9036.0,7858.0
1705,9653.0,9233.0,9335.0,18775.0,18099.0,91760.0,19106.0,8916.0,17991.0,9353.0,7726.0
1706,8883.0,18347.0,8465.0,8343.0,9967.0,90953.0,28471.0,18134.0,18358.0,39093.0,
1707,7932.0,17624.0,9244.0,18854.0,8666.0,89330.0,28691.0,19162.0,9218.0,28164.0,8559.0
1708,9422.0,19023.0,8736.0,7992.0,18183.0,90432.0,28561.0,19144.0,8867.0,97466.0,8253.0
1709,9314.0,19730.0,9698.0,8677.0,19065.0,94114.0,17984.0,18694.0,9430.0,85843.0,8063.0
1710,7905.0,19107.0,8270.0,9593.0,18188.0,99568.0,18747.0,9219.0,18016.0,87955.0,8047.0
1711,8303.0,8399.0,7920.0,19259.0,18869.0,91088.0,18160.0,18344.0,18877.0,87354.0,8671.0
1712,9268.0,9259.0,8567.0,18165.0,19393.0,90757.0,17133.0,18560.0,17872.0,98445.0,7786.0
1713,9240.0,8973.0,8225.0,17751.0,9439.0,100079.0,19776.0,19622.0,9209.0,88344.0,9395.0
1714,9228.0,8446.0,8822.0,17101.0,18189.0,98736.0,18619.0,19320.0,8935.0,77890.0,9704.0
1715,8715.0,8505.0,9349.0,18382.0,8552.0,91684.0,18141.0,9186.0,19056.0,77476.0,9017.0
1716,8041.0,18708.0,8227.0,17151.0,9381.0,87611.0,28044.0,8688.0,17942.0,75738.0,8456.0
1717,7432.0,18446.0,9502.0,19148.0,9259.0,89707.0,18219.0,19591.0,18680.0,77993.0,8112.0
1718,9009.0,8621.0,8403.0,17971.0,8058.0,89391.0,19321.0,9006.0,19162.0,39435.0,8952.0
1719,8819.0,18498.0,8665.0,18405.0,9322.0,89254.0,18466.0,19531.0,9221.0,36785.0,7927.0
1720,7946.0,19218.0,9399.0,8697.0,17930.0,90261.0,19303.0,18704.0,18948.0,38294.0,8010.0
1721,9283.0,8971.0,9536.0,18592.0,8427.0,91581.0,18752.0,17995.0,18959.0,78832.0,9667.0
1722,8852.0,18081.0,8813.0,8481.0,18601.0,100915.0,18052.0,8552.0,17967.0,77877.0,9055.0
1723,7914.0,7933.0,8663.0,18427.0,8977.0,79227.0,28683.0,8267.0,17942.0,76300.0,8649.0
1724,8756.0,18135.0,9216.0,18236.0,8041.0,89918.0,19129.0,17664.0,19272.0,65962.0,9032.0
1725,8434.0,18221.0,8424.0,8157.0,9788.0,88715.0,18476.0,18753.0,8136.0,77570.0,8801.0
1726,8012.0,18963.0,9097.0,18593.0,7962.0,90332.0,18236.0,18364.0,19643.0,78070.0,8596.0
1727,9320.0,19084.0,7908.0,18888.0,18534.0,99270.0,18508.0,17972.0,8411.0,68636.0,7973.0
1728,10023.0,9258.0,9154.0,18552.0,8964.0,103654.0,19052.0,9322.0,18588.0,67842.0,18090.0
1729,8863.0,18052.0,8218.0,17284.0,9481.0,100181.0,18716.0,18508.0,8715.0,69177.0,9163.0
1730,9329.0,18106.0,8660.0,18611.0,9110.0,89900.0,28338.0,8400.0,19070.0,89407.0,7676.0
1731,9876.0,9113.0,7388.0,19157.0,8130.0,100415.0,17418.0,18611.0,18361.0,78390.0,18155.0
1732,8872.0,8571.0,18200.0,9811.0,19150.0,90534.0,18487.0,18165.0,9163.0,77928.0,7764.0
1733,8471.0,17920.0,9339.0,19294.0,8944.0,90927.0,17657.0,27222.0,9183.0,79235.0,8848.0
1734,8447.0,18307.0,9085.0,18592.0,9208.0,100203.0,18681.0,17499.0,8795.0,68308.0,9421.0
1735,8548.0,8740.0,6990.0,18828.0,8358.0,89147.0,18845.0,17882.0,8765.0,77287.0,9258.0
1736,7832.0,18711.0,8314.0,8221.0,18552.0,87913.0,18566.0,19174.0,8507.0,87959.0,8113.0
1737,9026.0,8426.0,7971.0,19530.0,18598.0,91134.0,18703.0,16934.0,8259.0,77533.0,9156.0
1738,9099.0,18849.0,8589.0,17296.0,8657.0,88716.0,19285.0,18833.0,18631.0,78780.0,7390.0
1739,8297.0,18415.0,9574.0,18659.0,8178.0,99600.0,19067.0,18141.0,9244.0,49796.0,8524.0
1740,9139.0,8694.0,9260.0,18439.0,19240.0,90540.0,19121.0,8105.0,18756.0,58645.0,7570.0
1741,8790.0,18440.0,8560.0,19705.0,8321.0,102250.0,18272.0,18825.0,8759.0,78742.0,9006.0
1742,9525.0,18479.0,9338.0,18416.0,9229.0,102042.0,18778.0,18785.0,8887.0,68496.0,7694.0
1743,8362.0,18088.0,9526.0,19110.0,9005.0,100931.0,18099.0,8709.0,17829.0,77258.0,8255.0
1744,18554.0,8520.0,8385.0,18150.0,18502.0,98919.0,17720.0,18477.0,18677.0,78316.0,9105.0
1745,8638.0,8641.0,8692.0,17596.0,9488.0,79968.0,29056.0,8519.0,19268.0,77292.0,8493.0
1746,6927.0,8952.0,8750.0,18267.0,18094.0,80014.0,19130.0,18972.0,8113.0,87806.0,
1747,17646.0,9803.0,9653.0,18638.0,19027.0,101236.0,28978.0,19421.0,8951.0,38324.0,8472.0
1748,17866.0,7960.0,8327.0,17968.0,18543.0,98500.0,28538.0,9769.0,18572.0,78090.0,8528.0
1749,8054.0,8116.0,9083.0,18239.0,18123.0,88727.0,18874.0,18217.0,18801.0,57796.0,8434.0
1750,8291.0,18011.0,9497.0,18002.0,9164.0,99023.0,18174.0,17700.0,17787.0,87321.0,8283.0
1751,9400.0,18796.0,9152.0,18579.0,17422.0,98868.0,18020.0,18042.0,9361.0,88252.0,7637.0
1752,8469.0,8267.0,9248.0,19091.0,9111.0,91270.0,19464.0,18971.0,19187.0,68467.0,8585.0
1753,9129.0,9009.0,8700.0,18411.0,19482.0,101206.0,18515.0,18365.0,8802.0,45934.0,7457.0
1754,8209.0,7989.0,8625.0,17848.0,9023.0,78368.0,28388.0,8720.0,19497.0,47126.0,8571.0
1755,8083.0,17525.0,8611.0,8239.0,18202.0,86464.0,18313.0,19356.0,8939.0,47575.0,8075.0
1756,9317.0,19455.0,9295.0,8943.0,18836.0,101675.0,16967.0,18489.0,7253.0,48660.0,7992.0
1757,9792.0,9525.0,9202.0,18834.0,18101.0,102759.0,28793.0,8285.0,18214.0,67186.0,18047.0
1758,8739.0,8467.0,18054.0,18001.0,9122.0,99911.0,18673.0,17631.0,19247.0,76395.0,8898.0
1759,9030.0,8817.0,7801.0,29460.0,9191.0,101170.0,17055.0,18651.0,8053.0,46800.0,8732.0
1760,9117.0,8579.0,8515.0,17821.0,7644.0,89262.0,18862.0,8791.0,9302.0,28935.0,9001.0
1761,8948.0,8653.0,17798.0,8667.0,18917.0,90236.0,18763.0,17861.0,19192.0,18516.0,9196.0
1762,9521.0,8602.0,8448.0,17181.0,18614.0,98578.0,18404.0,17371.0,8450.0,7882.0,18115.0
1763,8875.0,18306.0,17921.0,9148.0,9737.0,109549.0,29194.0,18768.0,18540.0,9012.0,8911.0
1764,8104.0,17307.0,9161.0,18404.0,8841.0,89336.0,18275.0,17871.0,8431.0,17685.0,8851.0
1765,9156.0,18402.0,9139.0,8545.0,18100.0,89052.0,26691.0,17660.0,8133.0,9133.0,8092.0
1766,8215.0,7807.0,9058.0,18236.0,17614.0,88629.0,18242.0,18630.0,19638.0,8492.0,8376.0
1767,7811.0,18263.0,7518.0,19199.0,8964.0,98013.0,18761.0,18357.0,7127.0,9133.0,8227.0
1768,8586.0,18283.0,8879.0,17665.0,18083.0,99503.0,27408.0,8468.0,17391.0,8520.0,8784.0
1769,9060.0,18766.0,8305.0,18153.0,9465.0,100925.0,17836.0,18811.0,18503.0,37942.0,8843.0
1770,9131.0,8695.0,8509.0,26954.0,7878.0,97929.0,18622.0,17894.0,17894.0,38175.0,17995.0
1771,8000.0,17779.0,8290.0,8005.0,17758.0,87234.0,17771.0,18897.0,17838.0,66359.0,8352.0
1772,8784.0,8632.0,8681.0,18350.0,18186.0,107933.0,19375.0,19015.0,8501.0,57367.0,8730.0
1773,9282.0,18303.0,8789.0,18247.0,8902.0,99903.0,18757.0,19184.0,9042.0,67357.0,7765.0
1774,8373.0,27666.0,8339.0,27424.0,9174.0,117972.0,37922.0,8606.0,19165.0,67437.0,7545.0
1775,8444.0,18417.0,7378.0,18438.0,8650.0,89127.0,28097.0,18356.0,8778.0,47474.0,9003.0
1776,10102.0,8824.0,8432.0,18134.0,8736.0,99338.0,18136.0,9144.0,17480.0,38208.0,8079.0
1777,9377.0,9204.0,18001.0,9874.0,18943.0,91188.0,27521.0,18893.0,8651.0,36899.0,7799.0
1778,9113.0,9028.0,9575.0,17473.0,18604.0,91168.0,27941.0,17908.0,8614.0,66980.0,9201.0
1779,8573.0,18229.0,9020.0,18355.0,9143.0,99553.0,18500.0,18659.0,18453.0,67361.0,7964.0
1780,8161.0,7994.0,10208.0,8963.0,19050.0,99923.0,19119.0,9559.0,18218.0,48456.0,8319.0
1781,8640.0,8320.0,8089.0,18794.0,8107.0,89256.0,18347.0,17849.0,9307.0,67599.0,8430.0
1782,7959.0,17971.0,9012.0,9195.0,17690.0,88589.0,18496.0,18401.0,9030.0,47073.0,8184.0
1783,8951.0,18172.0,8316.0,18709.0,8259.0,88798.0,17468.0,17724.0,9118.0,47463.0,7421.0
1784,8028.0,17359.0,8490.0,18214.0,8344.0,88297.0,28913.0,8368.0,18118.0,27828.0,9077.0
1785,8381.0,17869.0,9800.0,18899.0,8518.0,82295.0,18832.0,17813.0,8287.0,7973.0,
1786,8009.0,7894.0,8378.0,17425.0,18942.0,86807.0,18158.0,18855.0,8956.0,8657.0,8429.0
1787,9388.0,18831.0,7944.0,17792.0,8637.0,99150.0,19329.0,7840.0,8244.0,9579.0,7857.0
1788,8427.0,18163.0,8459.0,17589.0,9347.0,88320.0,18530.0,18252.0,9426.0,8989.0,8296.0
1789,8307.0,18201.0,9186.0,8865.0,17884.0,88976.0,17211.0,17738.0,8847.0,8296.0,8614.0
1790,9583.0,18692.0,9186.0,8902.0,17399.0,99434.0,18671.0,18359.0,9506.0,9176.0,17630.0
1791,8535.0,18362.0,8666.0,17712.0,9372.0,98947.0,17193.0,8778.0,8186.0,8080.0,8866.0
1792,8500.0,17844.0,8780.0,17940.0,8824.0,88841.0,18973.0,18475.0,8875.0,8839.0,8816.0
1793,8380.0,9191.0,9011.0,18613.0,17849.0,100151.0,18170.0,8943.0,17751.0,8653.0,9086.0
1794,9300.0,9085.0,9438.0,9507.0,18914.0,90583.0,18766.0,17664.0,18119.0,9278.0,7577.0
1795,8404.0,7661.0,8975.0,18225.0,8596.0,79566.0,19073.0,18985.0,7824.0,8404.0,8602.0
1796,8636.0,8221.0,9220.0,18588.0,17787.0,89276.0,18798.0,18460.0,18685.0,8774.0,8877.0
1797,8131.0,17764.0,8627.0,8026.0,17656.0,96609.0,17151.0,18086.0,9940.0,7979.0,8261.0
1798,8647.0,7917.0,8207.0,17544.0,9088.0,87499.0,18907.0,8923.0,17940.0,8474.0,8367.0
1799,8664.0,8392.0,9463.0,28803.0,9286.0,91488.0,17821.0,19392.0,17685.0,8734.0,8920.0
1800,8173.0,17701.0,9004.0,8408.0,18851.0,89128.0,18644.0,17617.0,18328.0,8418.0,7809.0
1801,8240.0,8058.0,8390.0,18755.0,9307.0,89754.0,19018.0,8764.0,18149.0,9243.0,8737.0
1802,8114.0,17801.0,8726.0,17958.0,7896.0,84569.0,17290.0,18698.0,8625.0,9197.0,6679.0
1803,9099.0,8548.0,7233.0,18457.0,8581.0,98717.0,18251.0,8799.0,19041.0,8132.0,9571.0
1804,7867.0,17388.0,7992.0,18835.0,9299.0,87866.0,18713.0,18406.0,8860.0,8380.0,8294.0
1805,8704.0,8509.0,8598.0,9800.0,19223.0,90685.0,19572.0,19366.0,18030.0,8249.0,8850.0
1806,8269.0,17993.0,8279.0,16937.0,9257.0,97176.0,17804.0,8272.0,18270.0,8336.0,8536.0
1807,8953.0,18723.0,8728.0,8450.0,17965.0,99851.0,18554.0,27941.0,9491.0,18463.0,9151.0
1808,8370.0,17745.0,8870.0,18460.0,8072.0,107741.0,29040.0,18807.0,18748.0,8794.0,8329.0
1809,8658.0,18782.0,8119.0,18206.0,9190.0,90075.0,28694.0,9265.0,18669.0,7959.0,8811.0
1810,8919.0,17653.0,8625.0,18156.0,8222.0,88084.0,28328.0,8827.0,17663.0,18823.0,7455.0
1811,9600.0,17885.0,8960.0,18228.0,8182.0,99160.0,18881.0,18084.0,18041.0,8427.0,18221.0
1812,9576.0,8377.0,8905.0,18186.0,18491.0,100261.0,18676.0,9254.0,19337.0,8314.0,17399.0
1813,8755.0,18355.0,8451.0,18039.0,9226.0,88845.0,29072.0,17613.0,18610.0,9288.0,8605.0
1814,8495.0,8515.0,7972.0,18874.0,17308.0,88527.0,18941.0,18243.0,8236.0,7840.0,8640.0
1815,8738.0,18544.0,8685.0,8303.0,18718.0,99854.0,17611.0,18540.0,18238.0,8049.0,8536.0
1816,8739.0,18262.0,8775.0,17791.0,9156.0,98314.0,18922.0,18903.0,9376.0,37332.0,7171.0
1817,8870.0,8576.0,8991.0,18272.0,18928.0,90410.0,17698.0,9090.0,18240.0,55822.0,8687.0
1818,9217.0,18415.0,8655.0,17771.0,8813.0,88580.0,18340.0,27598.0,9603.0,57325.0,7766.0
1819,7962.0,18874.0,8429.0,17397.0,9256.0,87209.0,18257.0,8891.0,18617.0,47848.0,7746.0
1820,7944.0,18715.0,8726.0,8636.0,18216.0,97743.0,18588.0,17154.0,8285.0,57044.0,7911.0
1821,9097.0,18989.0,8761.0,18157.0,18749.0,100061.0,17527.0,19078.0,8577.0,47501.0,7275.0
1822,9561.0,8695.0,8539.0,17916.0,8237.0,100099.0,18674.0,8855.0,18877.0,16744.0,9899.0
1823,8041.0,7250.0,17905.0,8527.0,18003.0,87264.0,28695.0,17735.0,8304.0,18533.0,8258.0
1824,8659.0,17998.0,7854.0,27044.0,8592.0,97791.0,17496.0,18868.0,8737.0,17701.0,8613.0
1825,8309.0,17565.0,9130.0,18849.0,8837.0,91255.0,18472.0,16914.0,7965.0,57416.0,
1826,8425.0,18143.0,8503.0,16588.0,8669.0,87501.0,28924.0,18145.0,8871.0,38725.0,8592.0
1827,9415.0,8924.0,9218.0,18582.0,18493.0,100326.0,17721.0,8248.0,18875.0,28381.0,9587.0
1828,8776.0,8731.0,9072.0,18190.0,9002.0,92744.0,17497.0,18805.0,9262.0,57750.0,9371.0
1829,8858.0,18413.0,9156.0,18399.0,9171.0,101894.0,17937.0,18175.0,9077.0,57708.0,9064.0
1830,8600.0,18051.0,8825.0,8427.0,18353.0,90550.0,18552.0,18454.0,19101.0,36967.0,9070.0
1831,8639.0,17865.0,9148.0,18834.0,8925.0,99968.0,18378.0,9260.0,18562.0,37072.0,7524.0
1832,8208.0,8253.0,9299.0,18607.0,8293.0,80208.0,18785.0,18738.0,9106.0,38932.0,8463.0
1833,8598.0,8340.0,7970.0,18982.0,9209.0,90872.0,18204.0,9495.0,18807.0,37484.0,8722.0
1834,8408.0,17877.0,8613.0,18156.0,9354.0,89561.0,9737.0,17846.0,18856.0,37246.0,8713.0
1835,8666.0,17748.0,9153.0,17915.0,8453.0,89389.0,18466.0,18586.0,19023.0,27702.0,8734.0
1836,7992.0,17852.0,8820.0,18222.0,8158.0,99226.0,8254.0,9638.0,17079.0,28721.0,8052.0
1837,8856.0,18419.0,8597.0,18415.0,9149.0,101645.0,19089.0,18685.0,8764.0,38192.0,9233.0
1838,8773.0,8679.0,8161.0,17094.0,18106.0,88513.0,19155.0,19348.0,8491.0,37796.0,8872.0
1839,9226.0,18868.0,8157.0,8158.0,18211.0,98873.0,18076.0,9127.0,18638.0,37768.0,8018.0
1840,8668.0,8649.0,8742.0,18482.0,7924.0,89136.0,18717.0,8917.0,19200.0,38968.0,8811.0
1841,8652.0,17971.0,8387.0,17900.0,8075.0,97662.0,18654.0,8486.0,18933.0,38073.0,9077.0
1842,8284.0,7873.0,8677.0,18032.0,18989.0,88520.0,18442.0,9059.0,18882.0,47786.0,8376.0
1843,8352.0,17389.0,9383.0,18300.0,9722.0,91236.0,18601.0,18150.0,18808.0,37140.0,8749.0
1844,8389.0,18824.0,8786.0,8288.0,18659.0,90694.0,18547.0,7874.0,18313.0,48027.0,8886.0
1845,7931.0,7776.0,8997.0,18344.0,7691.0,88523.0,19082.0,8183.0,18787.0,57336.0,8537.0
1846,8899.0,8754.0,9141.0,18866.0,8829.0,91694.0,18503.0,8351.0,17398.0,37620.0,9287.0
1847,8857.0,8704.0,8253.0,18820.0,18297.0,90396.0,17526.0,9069.0,18421.0,47099.0,9094.0
1848,9420.0,18870.0,8301.0,19079.0,8646.0,100873.0,18638.0,8306.0,18738.0,29213.0,7846.0
1849,8675.0,18887.0,8181.0,17407.0,9249.0,97858.0,18901.0,8680.0,18910.0,8555.0,7423.0
1850,9393.0,18852.0,8384.0,8257.0,19085.0,100962.0,17711.0,18865.0,9264.0,18796.0,7738.0
1851,8629.0,17956.0,7975.0,17385.0,19138.0,107354.0,28055.0,19169.0,9362.0,19287.0,8230.0
1852,8596.0,17584.0,9264.0,19250.0,8863.0,91740.0,28751.0,9111.0,18014.0,9235.0,9116.0
1853,9434.0,9383.0,8978.0,18313.0,9252.0,100918.0,17845.0,17238.0,8627.0,19159.0,9681.0
1854,8141.0,8068.0,8982.0,17904.0,9171.0,79435.0,28180.0,9228.0,18489.0,9224.0,8641.0
1855,8912.0,8530.0,9166.0,17886.0,18711.0,99748.0,19043.0,19572.0,19226.0,8298.0,9815.0
1856,7921.0,17317.0,9193.0,18969.0,8321.0,98718.0,18670.0,8594.0,18860.0,8627.0,8337.0
1857,8424.0,19109.0,9116.0,18635.0,18650.0,101280.0,19219.0,18976.0,17672.0,7832.0,8347.0
1858,7139.0,18678.0,7479.0,18576.0,7406.0,94087.0,18190.0,18776.0,7913.0,8193.0,6292.0
1859,8727.0,18568.0,9638.0,18314.0,8105.0,100635.0,18383.0,9408.0,18435.0,9090.0,9192.0
1860,9583.0,18974.0,8521.0,17228.0,8588.0,89002.0,27353.0,18960.0,8526.0,8400.0,7890.0
1861,9301.0,18994.0,9119.0,19023.0,9445.0,92083.0,29625.0,8496.0,19013.0,8457.0,7947.0
1862,8919.0,18281.0,9421.0,18559.0,7383.0,90584.0,27342.0,9036.0,18486.0,8504.0,9171.0
1863,9430.0,19453.0,8622.0,17603.0,18975.0,100945.0,19034.0,17806.0,18495.0,8941.0,7982.0
1864,7976.0,19358.0,9329.0,18192.0,9397.0,93319.0,17997.0,8218.0,17942.0,9321.0,
1865,9281.0,18987.0,8063.0,9540.0,10006.0,91239.0,27146.0,7918.0,19073.0,8755.0,7775.0
1866,8929.0,18178.0,9136.0,18902.0,8692.0,91516.0,19243.0,19479.0,8445.0,8447.0,9028.0
1867,8823.0,17979.0,8933.0,17638.0,8790.0,87493.0,28993.0,19044.0,9432.0,9276.0,7532.0
1868,9176.0,8629.0,9243.0,17671.0,18955.0,100002.0,28764.0,9257.0,18625.0,9428.0,9234.0
1869,9337.0,8920.0,9318.0,28491.0,8097.0,91392.0,28020.0,9283.0,18425.0,9286.0,8290.0
1870,7895.0,18675.0,8753.0,17992.0,8786.0,88850.0,19070.0,17742.0,19078.0,7506.0,8243.0
1871,8378.0,18305.0,9458.0,18430.0,9233.0,100939.0,18015.0,18874.0,8202.0,17711.0,8692.0
1872,9016.0,18068.0,8931.0,18555.0,8748.0,108382.0,18541.0,8723.0,18186.0,9295.0,17846.0
1873,8812.0,18166.0,9556.0,8425.0,18738.0,101072.0,18946.0,18301.0,8286.0,17779.0,9240.0
1874,8831.0,18149.0,8624.0,17915.0,8604.0,90154.0,27627.0,8092.0,19008.0,7955.0,8990.0
1875,7724.0,8388.0,8522.0,27539.0,8605.0,97710.0,28627.0,8654.0,17723.0,9274.0,17662.0
1876,9163.0,19160.0,8847.0,17876.0,8523.0,100035.0,27885.0,9146.0,18735.0,8932.0,7981.0
1877,8832.0,18851.0,8057.0,18366.0,18721.0,98697.0,26707.0,18570.0,18391.0,9303.0,7389.0
1878,8165.0,28214.0,9845.0,9362.0,18660.0,101071.0,17825.0,18705.0,8658.0,9157.0,8867.0
1879,8905.0,18213.0,8770.0,8139.0,18318.0,100525.0,18095.0,18419.0,9437.0,18593.0,9261.0
1880,8217.0,27481.0,8451.0,17505.0,18843.0,127047.0,19168.0,8123.0,18408.0,8425.0,8551.0
1881,8300.0,18189.0,9393.0,18892.0,8810.0,90999.0,28174.0,9372.0,18315.0,9308.0,8541.0
1882,8917.0,18989.0,8396.0,17352.0,17844.0,98000.0,17670.0,18547.0,18545.0,8216.0,8265.0
1883,9228.0,18618.0,9400.0,19002.0,18273.0,101673.0,18276.0,9400.0,19332.0,8346.0,7961.0
1884,8504.0,17916.0,8465.0,8129.0,17246.0,88512.0,19236.0,9811.0,19442.0,8935.0,8933.0
1885,8865.0,19003.0,9408.0,18819.0,8512.0,89356.0,17760.0,27747.0,18354.0,9643.0,7519.0
1886,8287.0,7691.0,8929.0,18213.0,8090.0,95830.0,18509.0,19159.0,18676.0,9295.0,8445.0
1887,8705.0,18184.0,9030.0,18261.0,8900.0,98498.0,18856.0,19485.0,8055.0,7915.0,8794.0
1888,8896.0,8467.0,7800.0,18182.0,9112.0,89294.0,18557.0,9100.0,19151.0,9030.0,8876.0
1889,8863.0,18587.0,8822.0,7920.0,9753.0,99562.0,17964.0,18513.0,8062.0,9064.0,9059.0
1890,8743.0,28359.0,9243.0,17944.0,18133.0,108982.0,28679.0,18112.0,9631.0,18650.0,7315.0
1891,8054.0,9154.0,8780.0,17552.0,17699.0,88048.0,29150.0,9219.0,19019.0,9703.0,8048.0
1892,8775.0,8750.0,8972.0,18302.0,17862.0,91813.0,18091.0,18394.0,8678.0,18857.0,9211.0
1893,8548.0,16949.0,7921.0,18927.0,9158.0,98809.0,19314.0,27344.0,18033.0,17838.0,8708.0
1894,8465.0,18100.0,9145.0,28102.0,9283.0,110819.0,18424.0,18008.0,18719.0,17627.0,8708.0
1895,8547.0,8206.0,9278.0,19081.0,17324.0,109766.0,18312.0,18399.0,9499.0,27783.0,9274.0
1896,9181.0,18720.0,8954.0,18340.0,9128.0,100392.0,18817.0,18654.0,8932.0,28291.0,7612.0
1897,8910.0,18158.0,8805.0,8411.0,18755.0,90926.0,28137.0,8321.0,17743.0,27231.0,9004.0
1898,7860.0,18731.0,9120.0,18709.0,9052.0,89286.0,18932.0,17413.0,18939.0,27971.0,7842.0
1899,8794.0,8776.0,7525.0,19037.0,18478.0,90613.0,18583.0,18193.0,8141.0,28400.0,8981.0
1900,8967.0,18796.0,9314.0,9101.0,9826.0,91361.0,17456.0,18049.0,9088.0,26840.0,9223.0
1901,9125.0,18778.0,7703.0,29084.0,9456.0,111311.0,8955.0,19071.0,8065.0,28613.0,8098.0
1902,8993.0,18793.0,9395.0,18862.0,7461.0,89799.0,18653.0,18487.0,9351.0,29074.0,7490.0
1903,9110.0,8849.0,9089.0,18610.0,18962.0,82851.0,19183.0,18022.0,9314.0,77703.0,
1904,8325.0,17894.0,18298.0,19335.0,8848.0,110604.0,28320.0,18537.0,18339.0,68615.0,8350.0
1905,8656.0,8372.0,8052.0,19020.0,19142.0,90262.0,19256.0,17971.0,8549.0,48718.0,8720.0
1906,9095.0,8840.0,18554.0,9649.0,18091.0,92350.0,18209.0,27653.0,9735.0,47990.0,8948.0
1907,8114.0,17711.0,7598.0,9245.0,18512.0,87218.0,28175.0,9266.0,8361.0,47965.0,8694.0
1908,8874.0,18973.0,8512.0,17797.0,9317.0,100727.0,28935.0,9317.0,18248.0,39105.0,8133.0
1909,8077.0,7324.0,9292.0,18570.0,18420.0,87657.0,17656.0,18314.0,17898.0,27993.0,7273.0
1910,9166.0,18812.0,8557.0,27096.0,7471.0,96515.0,17787.0,17898.0,9316.0,47349.0,7962.0
1911,9740.0,18804.0,8701.0,8389.0,18743.0,111060.0,9061.0,17392.0,18073.0,37439.0,18049.0
1912,9278.0,28626.0,8771.0,17979.0,8033.0,108710.0,18931.0,19174.0,8235.0,27713.0,7937.0
1913,8471.0,17484.0,8622.0,8161.0,18286.0,87046.0,19039.0,19062.0,9409.0,27043.0,8178.0
1914,7777.0,8089.0,9114.0,18524.0,18439.0,89796.0,19111.0,8530.0,27916.0,27395.0,8498.0
1915,9783.0,8733.0,8749.0,18264.0,8230.0,100271.0,8929.0,9806.0,17809.0,18616.0,18698.0
1916,9259.0,18868.0,9179.0,18270.0,8318.0,100097.0,19205.0,18634.0,8889.0,17720.0,7969.0
1917,8601.0,8588.0,17965.0,9334.0,18543.0,90653.0,18007.0,18131.0,9328.0,29371.0,9172.0
1918,8082.0,7944.0,9276.0,18917.0,8340.0,79570.0,18608.0,17255.0,19013.0,28263.0,8279.0
1919,8486.0,17873.0,9249.0,8908.0,17643.0,90243.0,18904.0,17958.0,18415.0,29055.0,9119.0
1920,8646.0,18622.0,8716.0,17978.0,18341.0,99221.0,18760.0,19065.0,9506.0,19388.0,7631.0
1921,8686.0,18112.0,9682.0,9137.0,18472.0,92169.0,18883.0,17882.0,17522.0,18870.0,8884.0
1922,8439.0,19286.0,9079.0,18420.0,8112.0,100539.0,19238.0,18591.0,9132.0,18034.0,8258.0
1923,8695.0,18614.0,9474.0,17666.0,8879.0,99805.0,18569.0,9220.0,18470.0,19062.0,8298.0
1924,9100.0,18820.0,8604.0,8175.0,18951.0,90439.0,27882.0,9162.0,18894.0,8123.0,7634.0
1925,8416.0,28001.0,9235.0,8627.0,17962.0,99590.0,18593.0,18231.0,17799.0,8047.0,8927.0
1926,8165.0,17743.0,8189.0,17357.0,8665.0,87024.0,18580.0,18309.0,19113.0,8764.0,8531.0
1927,7697.0,8106.0,9291.0,18365.0,18908.0,100799.0,19138.0,8934.0,19267.0,8834.0,8471.0
1928,8498.0,8199.0,18449.0,9261.0,17516.0,89322.0,29636.0,8906.0,18955.0,8490.0,9016.0
1929,8386.0,18164.0,8314.0,19820.0,9389.0,91428.0,17904.0,18625.0,7691.0,18899.0,9027.0
1930,9072.0,8749.0,9109.0,18258.0,18425.0,91605.0,17984.0,18557.0,19105.0,9375.0,9242.0
1931,8223.0,8161.0,10140.0,9416.0,18524.0,102270.0,18838.0,19197.0,18759.0,8249.0,8895.0
1932,8444.0,18106.0,9320.0,18310.0,8908.0,91171.0,18639.0,19307.0,19371.0,8971.0,8838.0
1933,8764.0,18507.0,7639.0,8638.0,18286.0,108376.0,18082.0,8873.0,18243.0,7792.0,9409.0
1934,8889.0,18604.0,9332.0,19342.0,9435.0,92913.0,18204.0,17834.0,19182.0,8605.0,8861.0
1935,8507.0,18530.0,9590.0,19070.0,8572.0,92459.0,29246.0,17341.0,9132.0,17868.0,9107.0
1936,8690.0,8094.0,8741.0,27872.0,9396.0,89627.0,18038.0,19058.0,9440.0,9364.0,8980.0
1937,8540.0,18324.0,9241.0,18668.0,8362.0,89821.0,19619.0,19537.0,8649.0,8574.0,7524.0
1938,8345.0,7923.0,9082.0,18783.0,8147.0,89021.0,19432.0,8523.0,18730.0,8057.0,8972.0
1939,8701.0,8589.0,9039.0,19054.0,9141.0,102354.0,19579.0,9286.0,18900.0,18118.0,19158.0
1940,8131.0,19312.0,9604.0,8875.0,9301.0,91315.0,28912.0,19430.0,8256.0,58151.0,8588.0
1941,8652.0,18385.0,8421.0,17941.0,7399.0,98527.0,19727.0,18526.0,9061.0,88855.0,9063.0
1942,8256.0,18652.0,9221.0,18984.0,17067.0,90400.0,18717.0,18927.0,19243.0,9096.0,
1943,8346.0,18385.0,9351.0,18888.0,8928.0,102308.0,18915.0,8743.0,17853.0,9111.0,9345.0
1944,8823.0,18375.0,8915.0,18357.0,8244.0,90408.0,19290.0,18089.0,28672.0,19962.0,8816.0
1945,9192.0,18779.0,9271.0,18530.0,9353.0,91176.0,18200.0,17809.0,18288.0,18011.0,8059.0
1946,8748.0,18611.0,8922.0,17786.0,8662.0,98528.0,19340.0,18873.0,9438.0,18524.0,7540.0
1947,8963.0,18712.0,8808.0,18018.0,8756.0,90969.0,17715.0,19466.0,18752.0,19649.0,9098.0
1948,8250.0,18519.0,8747.0,18164.0,8135.0,90165.0,28564.0,19237.0,9075.0,18224.0,9087.0
1949,9403.0,8926.0,8983.0,18668.0,19353.0,92121.0,18747.0,9198.0,18533.0,28680.0,7420.0
1950,7909.0,18055.0,8255.0,9160.0,19547.0,90367.0,19579.0,18950.0,20341.0,19166.0,8449.0
1951,9053.0,19171.0,8653.0,18515.0,18383.0,101039.0,18288.0,18363.0,8794.0,28776.0,8023.0
1952,9046.0,18271.0,8774.0,18270.0,9673.0,99777.0,19198.0,8604.0,18553.0,28214.0,7416.0
1953,8733.0,8371.0,7569.0,18972.0,9652.0,91491.0,18995.0,9182.0,18448.0,18461.0,8813.0
1954,9709.0,9995.0,9448.0,18271.0,8402.0,91364.0,27969.0,8431.0,18609.0,19653.0,8273.0
1955,8127.0,19882.0,9416.0,18618.0,8915.0,103561.0,17996.0,9661.0,18020.0,18731.0,8339.0
1956,9280.0,9310.0,8982.0,18678.0,9503.0,92940.0,18891.0,18138.0,9292.0,17538.0,8285.0
1957,8244.0,19131.0,8014.0,18600.0,8167.0,98484.0,18326.0,9732.0,8286.0,9726.0,8386.0
1958,9090.0,18779.0,9272.0,18992.0,19315.0,102042.0,18898.0,9647.0,18905.0,9013.0,8035.0
1959,9080.0,18874.0,8695.0,18645.0,9235.0,91596.0,27932.0,18532.0,19386.0,8874.0,9202.0
1960,8452.0,18448.0,8246.0,17525.0,19432.0,110859.0,29448.0,18898.0,18089.0,8854.0,9043.0
1961,8692.0,18688.0,9367.0,18810.0,18622.0,101141.0,19569.0,19481.0,19660.0,18746.0,8726.0
1962,9669.0,9550.0,18586.0,20537.0,8858.0,115691.0,27730.0,9446.0,8223.0,18166.0,8498.0
1963,8637.0,18332.0,9035.0,18880.0,9135.0,92096.0,28813.0,8839.0,19634.0,19243.0,8873.0
1964,7799.0,19103.0,9324.0,18839.0,8137.0,99400.0,19716.0,18828.0,7800.0,17702.0,8333.0
1965,8797.0,18416.0,8259.0,17701.0,8368.0,97435.0,18972.0,8193.0,18961.0,8617.0,7695.0
1966,8498.0,8360.0,7552.0,19133.0,19139.0,90218.0,18460.0,18961.0,18017.0,8920.0,8663.0
1967,8927.0,18617.0,9444.0,18281.0,9041.0,91636.0,18869.0,18983.0,18353.0,7262.0,8947.0
1968,9311.0,19070.0,9575.0,9067.0,19050.0,93929.0,29056.0,19183.0,8233.0,8755.0,8241.0
1969,9220.0,18981.0,9363.0,18268.0,18796.0,103656.0,20071.0,18335.0,7470.0,9333.0,9241.0
1970,8299.0,17212.0,8940.0,8601.0,19234.0,89943.0,18739.0,18250.0,9305.0,8078.0,9093.0
1971,7657.0,19051.0,9370.0,19247.0,7984.0,91162.0,28834.0,19446.0,9379.0,18988.0,8177.0
1972,9682.0,19481.0,8381.0,19292.0,19352.0,103366.0,27871.0,18152.0,7985.0,8081.0,8039.0
1973,8898.0,17568.0,9155.0,18368.0,8116.0,99470.0,29358.0,18948.0,9168.0,19200.0,9166.0
1974,8620.0,18088.0,8129.0,17762.0,9167.0,89416.0,19118.0,18754.0,18537.0,8897.0,8104.0
1975,8811.0,18410.0,9268.0,19036.0,8871.0,102190.0,19142.0,18555.0,9364.0,9367.0,8941.0
1976,8842.0,18693.0,18442.0,9669.0,19607.0,112942.0,18792.0,17828.0,7559.0,9147.0,9110.0
1977,8064.0,17818.0,8748.0,8554.0,18096.0,89616.0,29219.0,8563.0,19455.0,9486.0,8413.0
1978,17911.0,9285.0,9143.0,18765.0,17183.0,99579.0,18601.0,17399.0,8883.0,8291.0,9066.0
1979,9710.0,9299.0,8097.0,19300.0,9103.0,101376.0,28274.0,8782.0,17122.0,8480.0,18180.0
1980,8235.0,27884.0,8338.0,17626.0,8916.0,105834.0,18223.0,17904.0,18287.0,18588.0,6717.0
1981,8619.0,18320.0,7938.0,18844.0,9019.0,99033.0,26813.0,19251.0,9368.0,19020.0,7578.0
1982,8923.0,8652.0,8604.0,18049.0,18964.0,91327.0,18004.0,18406.0,18577.0,19464.0,
1983,7742.0,16942.0,9134.0,18911.0,17376.0,97898.0,18157.0,9876.0,18441.0,8806.0,8383.0
1984,8765.0,18774.0,8576.0,17635.0,8231.0,99103.0,27588.0,18277.0,9332.0,8838.0,8588.0
1985,9095.0,8624.0,8970.0,18520.0,18268.0,90275.0,27626.0,9406.0,18954.0,8926.0,7386.0
1986,8438.0,17606.0,9234.0,18211.0,18348.0,109745.0,19063.0,19337.0,17665.0,8658.0,8792.0
1987,8458.0,17912.0,9329.0,17803.0,9013.0,99700.0,28722.0,9352.0,18123.0,8593.0,8816.0
1988,8954.0,8456.0,9199.0,29001.0,8150.0,91222.0,27852.0,9368.0,18451.0,18266.0,9379.0
1989,9064.0,18729.0,8074.0,18310.0,18737.0,99444.0,28865.0,19174.0,9188.0,19391.0,7722.0
1990,9484.0,18896.0,8834.0,18558.0,8489.0,91567.0,27991.0,17862.0,17712.0,17359.0,7651.0
1991,8570.0,19591.0,9604.0,7829.0,19175.0,100802.0,28408.0,9394.0,19329.0,7949.0,8513.0
1992,8124.0,17234.0,8074.0,19145.0,8614.0,98001.0,19072.0,9201.0,18054.0,17894.0,8202.0
1993,8521.0,18079.0,9348.0,9133.0,18598.0,90950.0,29353.0,9369.0,18420.0,18510.0,8581.0
1994,8107.0,17915.0,9300.0,18361.0,7906.0,98054.0,18152.0,28031.0,9223.0,18945.0,8443.0
1995,9210.0,18856.0,8719.0,18532.0,8894.0,100676.0,18375.0,18889.0,18730.0,18963.0,7841.0
1996,9404.0,9160.0,18729.0,9968.0,19023.0,102959.0,28012.0,9683.0,18938.0,19132.0,7960.0
1997,8428.0,18375.0,9105.0,8832.0,19183.0,100912.0,19670.0,18310.0,8729.0,18400.0,8989.0
1998,8702.0,18233.0,8457.0,18032.0,8300.0,99738.0,19137.0,19174.0,18803.0,9590.0,8611.0
1999,8190.0,18593.0,9317.0,18753.0,8461.0,111055.0,19143.0,19343.0,18877.0,19003.0,9060.0
2000,18452.0,9819.0,8566.0,19411.0,8959.0,111167.0,18854.0,19302.0,19691.0,8838.0,8264.0
2001,8384.0,18657.0,9211.0,18261.0,8220.0,100648.0,18747.0,20173.0,19869.0,18686.0,9031.0
2002,9299.0,18830.0,7901.0,28826.0,18426.0,111415.0,19392.0,18376.0,18760.0,9193.0,8828.0
2003,18792.0,19943.0,8698.0,18611.0,9575.0,112368.0,28308.0,18605.0,9583.0,8756.0,8284.0
2004,8932.0,19084.0,9685.0,17997.0,8008.0,102312.0,28339.0,18053.0,8521.0,9089.0,9364.0
2005,9014.0,8890.0,8230.0,27536.0,7948.0,89000.0,27906.0,18161.0,17580.0,9038.0,9033.0
2006,8217.0,18420.0,9231.0,18836.0,9309.0,101127.0,18894.0,19771.0,18324.0,9534.0,8573.0
2007,7792.0,19349.0,18478.0,8998.0,17967.0,99073.0,18778.0,18215.0,18586.0,8190.0,8084.0
2008,9361.0,17956.0,9184.0,18434.0,8461.0,100441.0,19025.0,18781.0,9210.0,9145.0,8625.0
2009,8627.0,18623.0,8955.0,7996.0,17853.0,89630.0,17115.0,17113.0,9182.0,8672.0,8985.0
2010,8528.0,18310.0,8386.0,17668.0,9111.0,99456.0,17789.0,17691.0,19549.0,9623.0,8838.0
2011,7407.0,18531.0,8653.0,18080.0,18352.0,97245.0,10008.0,18792.0,19141.0,8713.0,8288.0
2012,8736.0,18375.0,8497.0,18124.0,18823.0,120369.0,29947.0,19623.0,18159.0,9728.0,9116.0
2013,8984.0,18634.0,7547.0,28091.0,18181.0,127512.0,17955.0,18136.0,17910.0,8538.0,8155.0
2014,7488.0,17990.0,9138.0,18221.0,6848.0,87231.0,18496.0,18976.0,17900.0,7685.0,8339.0
2015,9098.0,19307.0,8974.0,18388.0,9207.0,102750.0,18287.0,19551.0,9408.0,18634.0,9086.0
2016,8877.0,18550.0,8741.0,18442.0,19168.0,101791.0,28252.0,19087.0,18867.0,9353.0,8992.0
2017,8191.0,17812.0,8581.0,17860.0,17905.0,107499.0,18881.0,9130.0,28830.0,9224.0,8246.0
2018,8173.0,19307.0,7667.0,19126.0,18002.0,109237.0,38997.0,18684.0,18891.0,18765.0,8492.0
2019,9797.0,9612.0,9213.0,18570.0,8312.0,91274.0,28566.0,8736.0,19728.0,38604.0,8438.0
2020,8274.0,17510.0,8422.0,7713.0,19445.0,88663.0,27859.0,17606.0,9166.0,79440.0,8793.0
2021,8209.0,17981.0,9251.0,8809.0,18202.0,90492.0,19296.0,19154.0,9442.0,69011.0,8784.0
2022,9330.0,18793.0,9581.0,9105.0,19102.0,102290.0,18068.0,19013.0,16928.0,78476.0,8044.0
2023,8311.0,8335.0,8600.0,17634.0,8597.0,80377.0,19154.0,19119.0,7988.0,59544.0,
2024,8057.0,16671.0,8747.0,17866.0,8945.0,96320.0,18646.0,9254.0,19407.0,68339.0,8248.0
2025,8977.0,17926.0,8286.0,17701.0,8039.0,98698.0,18337.0,17747.0,18000.0,96801.0,9125.0
2026,9667.0,9324.0,7883.0,19009.0,9127.0,101472.0,18653.0,18295.0,18912.0,76021.0,8833.0
2027,8015.0,8357.0,7361.0,18440.0,9278.0,79305.0,29270.0,8715.0,18059.0,128091.0,8730.0
2028,8535.0,18138.0,8659.0,17952.0,8982.0,89906.0,29873.0,19186.0,9154.0,86673.0,8374.0
2029,18288.0,9814.0,8837.0,18242.0,8222.0,90506.0,27892.0,8350.0,18138.0,107694.0,8662.0
2030,8772.0,18818.0,9299.0,18554.0,8104.0,101664.0,18224.0,8679.0,18409.0,88225.0,8997.0
2031,8915.0,18569.0,8280.0,18950.0,18774.0,100688.0,19183.0,18834.0,8056.0,99853.0,9141.0
2032,8199.0,7689.0,8767.0,18438.0,19224.0,99776.0,19175.0,9018.0,18960.0,107070.0,8621.0
2033,8923.0,19052.0,9295.0,18421.0,8335.0,90642.0,27858.0,8946.0,19151.0,97679.0,8564.0
2034,8258.0,8113.0,8997.0,18790.0,18599.0,99256.0,18843.0,8683.0,18830.0,97505.0,8320.0
2035,8621.0,18428.0,9485.0,18709.0,18395.0,100520.0,19424.0,19930.0,19647.0,78752.0,7717.0
2036,8800.0,18914.0,19779.0,9198.0,19338.0,102888.0,28454.0,9384.0,8950.0,86726.0,7383.0
2037,18658.0,9622.0,8658.0,18185.0,9055.0,91290.0,28615.0,9757.0,18178.0,87766.0,8987.0
2038,8578.0,17786.0,8953.0,8275.0,18606.0,88389.0,19085.0,19329.0,9870.0,87305.0,7465.0
2039,8855.0,18376.0,8267.0,18236.0,18590.0,100923.0,19343.0,19352.0,19684.0,78560.0,9183.0
2040,8575.0,18278.0,7486.0,18840.0,7684.0,97538.0,18868.0,19365.0,8815.0,96581.0,8826.0
2041,7568.0,19088.0,8498.0,18184.0,8834.0,89577.0,29255.0,8952.0,17632.0,97282.0,8065.0
2042,8595.0,17934.0,9173.0,18290.0,19816.0,101313.0,28320.0,18756.0,9375.0,98481.0,8581.0
2043,8138.0,19730.0,7877.0,18835.0,8351.0,107978.0,17089.0,8892.0,17916.0,88427.0,8421.0
2044,8515.0,8952.0,7980.0,18759.0,18689.0,100064.0,18940.0,18192.0,8240.0,98381.0,18261.0
2045,7585.0,19072.0,9395.0,8578.0,19192.0,91138.0,19077.0,19492.0,19280.0,97507.0,8467.0
2046,9681.0,8488.0,9290.0,19093.0,8275.0,99797.0,18477.0,20028.0,19110.0,99122.0,16156.0
2047,8596.0,8078.0,8458.0,9932.0,19626.0,90935.0,19453.0,19325.0,7941.0,77711.0,9215.0
2048,9264.0,19380.0,8303.0,9458.0,18878.0,91532.0,18901.0,18973.0,17725.0,98223.0,7578.0
2049,8917.0,17332.0,8750.0,18395.0,8522.0,98986.0,19760.0,18126.0,18706.0,97910.0,7961.0
2050,8278.0,18050.0,8881.0,18741.0,8782.0,90870.0,27214.0,19457.0,8671.0,107743.0,8715.0
2051,8270.0,8209.0,8666.0,9832.0,18678.0,88259.0,27597.0,8656.0,18150.0,97758.0,8454.0
2052,8297.0,7613.0,9916.0,19314.0,8713.0,98494.0,18102.0,18583.0,18249.0,97185.0,8222.0
2053,8970.0,18504.0,9257.0,18136.0,17269.0,98992.0,18277.0,18943.0,18472.0,98488.0,8866.0
2054,17988.0,9539.0,9139.0,18418.0,18232.0,100485.0,27936.0,8978.0,18862.0,86924.0,8719.0
2055,8108.0,17659.0,9046.0,18416.0,8435.0,98252.0,27750.0,18440.0,18155.0,89828.0,8461.0
2056,9294.0,19191.0,9276.0,18572.0,9236.0,102475.0,28388.0,8474.0,18979.0,89643.0,8066.0
2057,8805.0,18158.0,8186.0,17678.0,18319.0,108591.0,19879.0,17830.0,19681.0,97371.0,9112.0
2058,9090.0,28566.0,9396.0,18703.0,18100.0,121640.0,18106.0,18305.0,8921.0,97547.0,9373.0
2059,9243.0,18901.0,9134.0,9045.0,18668.0,90728.0,27696.0,8563.0,19555.0,87041.0,8233.0
2060,9065.0,18821.0,8812.0,8169.0,18333.0,98805.0,19445.0,19332.0,8282.0,96438.0,7816.0
2061,8712.0,18499.0,8115.0,18797.0,19407.0,111491.0,19251.0,17920.0,7883.0,86953.0,8927.0
2062,8899.0,8825.0,9361.0,18865.0,8875.0,82291.0,28176.0,18903.0,8995.0,108570.0,9090.0
2063,8159.0,8070.0,8476.0,28380.0,9704.0,100791.0,18316.0,18596.0,8588.0,98266.0,8870.0
2064,8353.0,17940.0,9249.0,9281.0,18545.0,81616.0,27990.0,18090.0,7970.0,66240.0,
2065,9281.0,18103.0,8975.0,8650.0,18435.0,110482.0,18170.0,17583.0,19084.0,87139.0,9733.0
2066,8062.0,8043.0,9362.0,18765.0,8748.0,90400.0,18814.0,18631.0,18235.0,118355.0,9061.0
2067,8479.0,18134.0,8596.0,18256.0,8595.0,90193.0,19366.0,18857.0,9182.0,97713.0,8730.0
2068,8597.0,8537.0,9258.0,18799.0,18246.0,92272.0,28431.0,18668.0,9265.0,96378.0,9346.0
2069,8717.0,18452.0,7774.0,18437.0,17656.0,106316.0,28393.0,18251.0,8631.0,117817.0,8107.0
2070,8612.0,18448.0,7861.0,19142.0,19231.0,110542.0,28691.0,18110.0,18561.0,87955.0,8069.0
2071,8581.0,18175.0,9187.0,19151.0,17395.0,109818.0,18066.0,18689.0,9237.0,87115.0,8691.0
2072,9166.0,19281.0,9418.0,18835.0,8757.0,91318.0,18921.0,18733.0,17681.0,105838.0,7808.0
2073,9288.0,19049.0,8723.0,8034.0,19260.0,90311.0,28180.0,9238.0,18430.0,97180.0,7775.0
2074,9085.0,19067.0,8173.0,7707.0,18564.0,89473.0,18738.0,17907.0,8536.0,88239.0,7600.0
2075,9309.0,8952.0,8909.0,18434.0,18047.0,89815.0,19453.0,9310.0,18981.0,87835.0,7670.0
2076,8974.0,18730.0,8426.0,17986.0,18395.0,101140.0,18323.0,19299.0,9065.0,88575.0,8899.0
2077,8407.0,17872.0,9328.0,18999.0,8657.0,90842.0,18666.0,18988.0,18945.0,87367.0,9021.0
2078,8308.0,17787.0,8892.0,17799.0,9138.0,89625.0,28752.0,9149.0,27938.0,78742.0,8702.0
2079,8720.0,18039.0,9399.0,18860.0,9344.0,101703.0,19621.0,18821.0,9357.0,108065.0,8706.0
2080,8231.0,18075.0,8536.0,17881.0,17695.0,98222.0,28168.0,19392.0,8016.0,99039.0,8628.0
2081,8394.0,18623.0,8877.0,8233.0,18783.0,88731.0,17685.0,19574.0,9447.0,98287.0,7320.0
2082,9148.0,18544.0,8274.0,18105.0,8074.0,97791.0,18015.0,8011.0,19474.0,77438.0,7410.0
2083,9108.0,18863.0,8181.0,19115.0,9296.0,100270.0,18817.0,9097.0,18390.0,98017.0,7435.0
2084,7860.0,16971.0,9514.0,8898.0,18430.0,89451.0,19041.0,17443.0,17691.0,77124.0,8394.0
2085,8058.0,19170.0,8309.0,17560.0,18047.0,97318.0,19326.0,17454.0,9143.0,107468.0,8874.0
2086,9225.0,19115.0,9727.0,9486.0,19051.0,102429.0,18424.0,19253.0,18343.0,107178.0,8138.0
2087,9354.0,18896.0,8121.0,17359.0,7357.0,86604.0,18508.0,18088.0,8689.0,97151.0,7511.0
2088,9438.0,9122.0,18302.0,9829.0,9339.0,92594.0,19402.0,8472.0,19362.0,87742.0,7612.0
2089,8865.0,18812.0,8983.0,18434.0,9270.0,101315.0,18455.0,8289.0,19294.0,106247.0,7650.0
2090,8962.0,19136.0,9605.0,19119.0,9049.0,103600.0,17823.0,18107.0,19174.0,87834.0,9125.0
2091,8184.0,17685.0,8444.0,8079.0,18159.0,88852.0,27436.0,18956.0,8914.0,107322.0,9231.0
2092,8918.0,18390.0,8168.0,17795.0,8627.0,87575.0,17708.0,18810.0,19313.0,78384.0,8146.0
2093,9037.0,8926.0,8868.0,18390.0,18523.0,90000.0,18235.0,17082.0,8659.0,88096.0,7634.0
2094,8704.0,18449.0,8952.0,18538.0,9990.0,91528.0,19075.0,19269.0,19162.0,86834.0,7682.0
2095,8501.0,18942.0,8793.0,8579.0,18400.0,90785.0,29089.0,7519.0,17548.0,99265.0,8547.0
2096,8776.0,18458.0,8268.0,17023.0,17889.0,98786.0,28649.0,8116.0,17915.0,107706.0,9257.0
2097,8732.0,18017.0,9297.0,18653.0,19340.0,101271.0,28108.0,17732.0,8157.0,107998.0,8855.0
2098,8396.0,18293.0,18411.0,19253.0,8680.0,111591.0,27950.0,9499.0,19065.0,106584.0,9237.0
2099,9141.0,9047.0,9270.0,18709.0,8562.0,90716.0,18908.0,18985.0,8702.0,95988.0,7824.0
2100,8404.0,18408.0,8312.0,8002.0,18024.0,88873.0,18580.0,7988.0,18272.0,107081.0,8584.0
2101,9121.0,9134.0,18001.0,9865.0,18109.0,90595.0,28542.0,8020.0,19288.0,96871.0,7750.0
2102,7987.0,7887.0,9066.0,18397.0,17959.0,87904.0,17833.0,19176.0,18900.0,117602.0,8307.0
2103,9206.0,8843.0,8230.0,17703.0,9186.0,89568.0,19313.0,9419.0,17955.0,88083.0,7547.0
2104,8905.0,19087.0,9226.0,17298.0,9327.0,91351.0,18482.0,18928.0,9201.0,87787.0,8994.0
2105,8774.0,17882.0,7464.0,19261.0,9217.0,80811.0,28864.0,9177.0,18395.0,86202.0,
2106,8714.0,19168.0,8436.0,18159.0,8830.0,102124.0,18285.0,8543.0,18014.0,97212.0,9040.0
2107,17812.0,9895.0,9278.0,18926.0,18854.0,101197.0,19390.0,18825.0,8172.0,107176.0,7112.0
2108,8873.0,18588.0,9160.0,18807.0,8045.0,92137.0,19324.0,8109.0,18559.0,57610.0,9091.0
2109,8927.0,17720.0,8824.0,18682.0,8316.0,99359.0,19104.0,9440.0,18387.0,79453.0,7567.0
2110,9310.0,8550.0,18276.0,9569.0,18836.0,92529.0,26983.0,9072.0,8441.0,77856.0,9403.0
2111,8674.0,18337.0,8615.0,17127.0,7943.0,87136.0,28894.0,19071.0,18198.0,96699.0,8239.0
2112,8100.0,27231.0,8862.0,17491.0,8538.0,96423.0,28780.0,9009.0,19029.0,57525.0,8073.0
2113,8675.0,8465.0,18495.0,8619.0,18279.0,100695.0,18556.0,18179.0,8970.0,48639.0,8772.0
2114,8522.0,17969.0,8598.0,18031.0,9276.0,89402.0,28093.0,18734.0,19133.0,27654.0,8395.0
2115,17506.0,19545.0,8144.0,18895.0,19064.0,110309.0,28783.0,19147.0,8881.0,28603.0,8508.0
2116,8863.0,18590.0,9204.0,18180.0,9283.0,90421.0,18954.0,18042.0,19058.0,19200.0,8258.0
2117,7532.0,18982.0,8380.0,27454.0,8706.0,108305.0,17770.0,17928.0,18524.0,29114.0,8793.0
2118,9077.0,18456.0,9263.0,18419.0,8797.0,102118.0,18843.0,9385.0,18850.0,18591.0,9250.0
2119,8959.0,18686.0,18231.0,18143.0,7804.0,108061.0,17995.0,18225.0,8598.0,18275.0,7522.0
2120,8045.0,19369.0,8819.0,27640.0,8294.0,99330.0,28645.0,9266.0,17913.0,9023.0,8490.0
2121,7682.0,8871.0,9497.0,18351.0,19351.0,89545.0,17585.0,17429.0,18535.0,8901.0,8288.0
2122,9160.0,18930.0,7481.0,18091.0,6977.0,86279.0,28730.0,9953.0,18756.0,7907.0,7359.0
2123,8641.0,8565.0,8390.0,17758.0,17865.0,88007.0,39190.0,9559.0,18368.0,7921.0,9023.0
2124,8749.0,18403.0,8583.0,18371.0,9460.0,91748.0,19185.0,18171.0,19032.0,19327.0,8965.0
2125,8556.0,8589.0,8049.0,19391.0,9176.0,99991.0,19156.0,18476.0,19178.0,19141.0,9338.0
2126,8168.0,18142.0,8758.0,8306.0,18550.0,88950.0,18692.0,9654.0,18494.0,18082.0,8774.0
2127,8119.0,17854.0,8543.0,18247.0,8680.0,97612.0,28344.0,18685.0,8015.0,18742.0,8787.0
2128,9403.0,8997.0,18165.0,19828.0,8979.0,93114.0,27636.0,8579.0,19066.0,8272.0,8709.0
2129,8531.0,18339.0,8145.0,18817.0,8663.0,100077.0,28024.0,9153.0,18267.0,8579.0,8876.0
2130,18624.0,19156.0,8100.0,19582.0,9318.0,112102.0,18637.0,18584.0,18969.0,8187.0,9093.0
2131,7945.0,18885.0,8876.0,8197.0,18338.0,89867.0,28172.0,9265.0,18127.0,8697.0,8147.0
2132,8566.0,18522.0,8866.0,18490.0,8640.0,90647.0,27819.0,18634.0,8674.0,27009.0,9026.0
2133,8961.0,8866.0,8198.0,19140.0,8794.0,91642.0,17427.0,18767.0,17941.0,18469.0,9226.0
2134,18176.0,9841.0,8965.0,17947.0,18926.0,100680.0,28554.0,18930.0,18640.0,19114.0,7937.0
2135,8469.0,17905.0,7690.0,18823.0,9245.0,97967.0,28876.0,17850.0,8737.0,28430.0,8566.0
2136,8487.0,17911.0,9256.0,18454.0,7297.0,98241.0,28724.0,17314.0,9106.0,27036.0,8752.0
2137,17970.0,9714.0,8819.0,18227.0,18358.0,110686.0,28470.0,19265.0,8914.0,37672.0,8819.0
2138,8555.0,18514.0,8920.0,18389.0,9251.0,100867.0,28495.0,19019.0,9640.0,65817.0,7710.0
2139,8261.0,17592.0,8779.0,17643.0,8748.0,107150.0,18554.0,17942.0,18794.0,27184.0,8204.0
2140,8839.0,18428.0,7679.0,18709.0,7801.0,96459.0,18406.0,18293.0,8544.0,18593.0,7561.0
2141,7987.0,17953.0,9176.0,8684.0,18641.0,89169.0,18764.0,18502.0,18622.0,47675.0,8571.0
2142,8947.0,18503.0,8360.0,17899.0,9059.0,88858.0,28512.0,7870.0,19048.0,57745.0,7461.0
2143,8921.0,18405.0,7954.0,18703.0,9207.0,100245.0,17408.0,18329.0,8879.0,28490.0,9032.0
2144,8647.0,8072.0,8770.0,19337.0,9522.0,91711.0,16877.0,18972.0,9272.0,27787.0,8885.0
2145,7110.0,18512.0,9844.0,9313.0,18466.0,91023.0,18761.0,18250.0,9166.0,47235.0,
2146,8636.0,18390.0,8532.0,17533.0,7783.0,96545.0,18498.0,19131.0,18215.0,39212.0,7409.0
2147,8787.0,18841.0,8716.0,19183.0,8278.0,100362.0,18065.0,18756.0,8156.0,26840.0,9095.0
2148,8458.0,18770.0,9089.0,19021.0,8877.0,102159.0,29147.0,9512.0,19156.0,27796.0,8970.0
2149,8486.0,18267.0,8349.0,18230.0,19086.0,108926.0,17484.0,9674.0,19030.0,17470.0,8848.0
2150,8597.0,8512.0,8851.0,18330.0,17991.0,100600.0,18516.0,19399.0,18625.0,18228.0,9119.0
2151,7340.0,28552.0,8582.0,18100.0,8453.0,106797.0,18418.0,26510.0,8496.0,8749.0,7983.0
2152,9023.0,18277.0,8334.0,17638.0,7515.0,87936.0,18212.0,18524.0,18021.0,9101.0,8808.0
2153,8991.0,8862.0,9163.0,19213.0,18649.0,111531.0,18603.0,17223.0,9231.0,18810.0,9773.0
2154,8085.0,18204.0,7825.0,19024.0,8949.0,99568.0,19120.0,19111.0,9402.0,18472.0,8722.0
2155,8954.0,19119.0,8111.0,16857.0,8924.0,99076.0,18314.0,18205.0,19040.0,9064.0,9149.0
2156,7644.0,9334.0,9308.0,19165.0,8400.0,89945.0,18056.0,27656.0,8861.0,9476.0,7826.0
2157,8267.0,17739.0,8991.0,18689.0,8572.0,99546.0,27951.0,17738.0,17741.0,8785.0,8439.0
2158,8689.0,8713.0,17907.0,9290.0,17965.0,90869.0,18302.0,18141.0,18113.0,8813.0,8914.0
2159,9519.0,18654.0,8261.0,17357.0,8101.0,98989.0,17661.0,18600.0,8100.0,9398.0,9087.0
2160,8531.0,17998.0,8943.0,18161.0,17070.0,96937.0,27815.0,18324.0,8403.0,8571.0,8747.0
2161,8257.0,17915.0,9613.0,19066.0,18537.0,100220.0,18306.0,18284.0,18489.0,9542.0,7594.0
2162,8961.0,8463.0,8229.0,19159.0,9281.0,91389.0,28134.0,8998.0,18055.0,18037.0,9082.0
2163,17896.0,9347.0,8994.0,18631.0,7266.0,88895.0,27375.0,8971.0,18006.0,9082.0,8545.0
2164,8537.0,8069.0,8019.0,17595.0,18322.0,97696.0,28821.0,9085.0,18480.0,8371.0,8626.0
2165,8384.0,17837.0,8198.0,18878.0,8092.0,97755.0,18901.0,18298.0,8083.0,28339.0,8932.0
2166,8731.0,17675.0,9597.0,18706.0,9284.0,91535.0,18911.0,18831.0,8670.0,17997.0,8713.0
2167,9451.0,18677.0,7964.0,18423.0,9111.0,100726.0,17492.0,19027.0,18205.0,8789.0,8101.0
2168,8132.0,8145.0,8181.0,18806.0,9171.0,79510.0,28582.0,8138.0,18835.0,18147.0,8587.0
2169,8337.0,18296.0,7942.0,18352.0,9298.0,99272.0,17857.0,19359.0,9074.0,18581.0,8566.0
2170,9121.0,18999.0,8905.0,18473.0,19260.0,100833.0,18205.0,18386.0,8154.0,19517.0,7423.0
2171,7858.0,7420.0,17934.0,9601.0,19205.0,89414.0,28125.0,9210.0,9682.0,9393.0,8203.0
2172,7983.0,8088.0,17944.0,8002.0,18433.0,97952.0,18291.0,19241.0,9244.0,18521.0,8728.0
2173,8671.0,18447.0,9502.0,9072.0,19364.0,92058.0,17856.0,19479.0,8286.0,18293.0,8338.0
2174,7819.0,19164.0,9035.0,17661.0,7665.0,98516.0,18248.0,9219.0,17408.0,17721.0,8061.0
2175,8089.0,17498.0,8702.0,8696.0,19000.0,88571.0,18903.0,18274.0,18367.0,9286.0,8428.0
2176,8646.0,18369.0,7947.0,19000.0,9218.0,101294.0,28860.0,8381.0,19072.0,9041.0,8903.0
2177,8744.0,8750.0,9251.0,18747.0,18127.0,90157.0,18477.0,18560.0,17689.0,8288.0,7977.0
2178,8372.0,18217.0,8409.0,17942.0,8971.0,99457.0,28750.0,8962.0,18110.0,8503.0,8632.0
2179,8413.0,18162.0,7995.0,18077.0,19160.0,99601.0,28387.0,9271.0,19224.0,7880.0,9029.0
2180,7901.0,9559.0,9031.0,19354.0,17808.0,90912.0,19001.0,9052.0,18085.0,8113.0,8016.0
2181,7725.0,18089.0,6999.0,18847.0,8703.0,88036.0,27926.0,8501.0,18936.0,18060.0,8620.0
2182,8476.0,18220.0,9139.0,18370.0,8823.0,90745.0,27895.0,18128.0,8817.0,9159.0,8829.0
2183,9366.0,8651.0,8814.0,18114.0,18391.0,88702.0,18371.0,18654.0,9095.0,18377.0,7757.0
2184,8379.0,18046.0,9024.0,18055.0,9027.0,99642.0,18199.0,17539.0,17915.0,8984.0,8964.0
2185,9280.0,9124.0,17869.0,19620.0,9876.0,103178.0,17656.0,17763.0,18734.0,9590.0,8301.0
2186,7404.0,19290.0,7562.0,18572.0,7713.0,88900.0,18073.0,18082.0,9415.0,8355.0,
2187,8420.0,8445.0,8918.0,18342.0,19396.0,91804.0,19050.0,18592.0,19445.0,7448.0,8889.0
2188,8757.0,8669.0,8660.0,18136.0,17485.0,89587.0,19022.0,18668.0,18242.0,9659.0,9044.0
2189,8099.0,18601.0,9212.0,18580.0,8946.0,91170.0,28847.0,18598.0,18363.0,8577.0,8426.0
2190,8856.0,18755.0,9423.0,19213.0,19074.0,101585.0,19016.0,18609.0,18740.0,8963.0,7620.0
2191,8056.0,17764.0,9364.0,18576.0,19274.0,100876.0,17863.0,18374.0,17808.0,8328.0,8532.0
2192,8531.0,17645.0,8596.0,19164.0,9431.0,90736.0,28022.0,19086.0,9278.0,8046.0,8515.0
2193,9059.0,17243.0,9789.0,9181.0,19061.0,99480.0,17734.0,18008.0,9022.0,8327.0,7854.0
2194,8744.0,9015.0,8364.0,19199.0,9177.0,91859.0,28406.0,8625.0,18205.0,9324.0,8968.0
2195,8674.0,28039.0,8781.0,8415.0,18631.0,110559.0,19443.0,19182.0,8756.0,18839.0,8959.0
2196,8772.0,17839.0,8839.0,8541.0,9771.0,89790.0,27666.0,18246.0,8518.0,8842.0,9347.0
2197,8442.0,17901.0,8932.0,8463.0,17981.0,89396.0,28702.0,8283.0,18879.0,8758.0,8330.0
2198,9579.0,18902.0,9281.0,8660.0,19022.0,92897.0,18989.0,9015.0,18368.0,7703.0,8031.0
2199,8454.0,18379.0,8780.0,18016.0,9056.0,109291.0,17796.0,19402.0,9730.0,8980.0,9877.0
2200,7255.0,19026.0,9143.0,18547.0,8432.0,98048.0,17132.0,17966.0,9191.0,9178.0,8155.0
2201,8375.0,18022.0,8871.0,18256.0,8795.0,98742.0,28517.0,9039.0,18071.0,8516.0,18504.0
2202,8553.0,18185.0,9198.0,19563.0,8665.0,92469.0,19764.0,17207.0,9231.0,18407.0,9046.0
2203,8169.0,17693.0,8665.0,17913.0,8009.0,97268.0,28634.0,8223.0,18665.0,8061.0,8840.0
2204,8921.0,18401.0,8307.0,17369.0,9330.0,90608.0,28300.0,8177.0,18971.0,7664.0,9104.0
2205,8859.0,8533.0,8290.0,9675.0,18325.0,87654.0,18966.0,17896.0,18801.0,8839.0,8066.0
2206,7395.0,18229.0,8750.0,18588.0,9233.0,98864.0,17162.0,18647.0,9052.0,8653.0,7820.0
2207,8501.0,18637.0,8288.0,17918.0,18810.0,100409.0,17928.0,18159.0,8767.0,18612.0,8921.0
2208,7682.0,18827.0,8254.0,17930.0,9155.0,98279.0,29109.0,18946.0,8217.0,18867.0,7959.0
2209,8758.0,18568.0,8382.0,27167.0,8273.0,108365.0,27693.0,9132.0,19626.0,8128.0,8920.0
2210,8285.0,18141.0,9580.0,18892.0,9163.0,102606.0,18880.0,18957.0,8199.0,8917.0,8793.0
2211,9433.0,19248.0,7654.0,8833.0,19270.0,91965.0,19407.0,18298.0,19572.0,28045.0,7788.0
2212,9764.0,8786.0,9382.0,18898.0,17818.0,101667.0,28289.0,8626.0,19153.0,17743.0,17768.0
2213,8036.0,7152.0,9325.0,29048.0,8454.0,98550.0,29259.0,8971.0,18208.0,17712.0,17990.0
2214,8558.0,18116.0,8820.0,18229.0,8547.0,89030.0,18321.0,18291.0,19203.0,19133.0,8983.0
2215,9074.0,18530.0,8993.0,18547.0,17487.0,107262.0,18036.0,18237.0,9110.0,9644.0,7362.0
2216,9157.0,18939.0,9393.0,17973.0,18324.0,100428.0,18478.0,18001.0,17892.0,18363.0,8294.0
2217,9179.0,18877.0,9165.0,8427.0,18494.0,111628.0,28398.0,9193.0,19685.0,9253.0,9211.0
2218,8542.0,18336.0,9106.0,19164.0,9330.0,101150.0,28213.0,19277.0,8384.0,8840.0,7577.0
2219,8469.0,18086.0,9010.0,8529.0,17960.0,98358.0,28762.0,8704.0,18650.0,9622.0,8604.0
2220,9246.0,19121.0,8401.0,18922.0,7251.0,100405.0,18059.0,19402.0,9005.0,9511.0,8219.0
2221,8838.0,18428.0,8942.0,18518.0,8130.0,99358.0,18943.0,17740.0,18935.0,9256.0,7330.0
2222,8463.0,8571.0,9068.0,18464.0,18353.0,99672.0,18290.0,18603.0,8846.0,18250.0,8841.0
2223,9173.0,28542.0,8965.0,18110.0,18315.0,129832.0,28450.0,18656.0,19045.0,18971.0,7969.0
2224,8672.0,18259.0,7198.0,18924.0,9068.0,99259.0,18921.0,8794.0,18681.0,28877.0,9002.0
2225,9080.0,18647.0,9592.0,18293.0,17859.0,101309.0,17761.0,18304.0,17276.0,17434.0,9225.0
2226,7545.0,19050.0,8400.0,17696.0,8561.0,87839.0,18009.0,18173.0,19580.0,8160.0,8407.0
2227,8037.0,19133.0,9351.0,18623.0,9234.0,93043.0,29051.0,7818.0,18243.0,9355.0,
2228,7319.0,18492.0,9111.0,18487.0,8512.0,98184.0,18628.0,9268.0,17679.0,8910.0,6598.0
2229,9015.0,18480.0,9351.0,18403.0,9754.0,93225.0,17530.0,18661.0,18821.0,7308.0,8941.0
2230,8680.0,18136.0,9039.0,18067.0,8780.0,108858.0,19286.0,18597.0,9251.0,18663.0,7393.0
2231,8727.0,18524.0,8963.0,18088.0,17645.0,99789.0,19145.0,9134.0,19156.0,9454.0,9017.0
2232,8776.0,18462.0,9580.0,28916.0,9583.0,101834.0,18862.0,17930.0,18647.0,7221.0,7749.0
2233,8776.0,17864.0,7970.0,19111.0,8728.0,98798.0,19020.0,19202.0,8963.0,28292.0,8775.0
2234,8381.0,17737.0,7316.0,18586.0,9237.0,99187.0,19020.0,18208.0,9136.0,29035.0,8724.0
2235,8767.0,18158.0,9396.0,18150.0,18471.0,100717.0,28786.0,9495.0,17867.0,18333.0,8668.0
2236,9160.0,8808.0,8494.0,18849.0,19375.0,91877.0,18723.0,17953.0,8548.0,18324.0,9426.0
2237,8469.0,18402.0,8989.0,18466.0,8398.0,87747.0,28797.0,19010.0,9351.0,28549.0,7199.0
2238,9554.0,9179.0,9418.0,19042.0,19251.0,103930.0,18098.0,18976.0,8868.0,8967.0,18530.0
2239,9059.0,18146.0,9477.0,19037.0,9306.0,92390.0,18087.0,17807.0,19168.0,9477.0,9101.0
2240,8230.0,8121.0,8350.0,17902.0,19467.0,89735.0,19405.0,19297.0,9596.0,18846.0,8652.0
2241,9154.0,28980.0,8619.0,17713.0,8438.0,109337.0,27387.0,7909.0,9769.0,17798.0,7626.0
2242,8270.0,19015.0,8907.0,18121.0,7998.0,90179.0,27780.0,19128.0,8737.0,28915.0,8900.0
2243,8851.0,8786.0,7395.0,19318.0,19098.0,99501.0,18370.0,19029.0,9051.0,48430.0,17849.0
2244,8196.0,9504.0,9251.0,18904.0,8249.0,99691.0,27219.0,19370.0,8224.0,37866.0,8566.0
2245,8586.0,9328.0,9156.0,18345.0,17923.0,91189.0,29493.0,17906.0,8413.0,38588.0,8665.0
2246,8101.0,18990.0,9230.0,18364.0,8552.0,99775.0,28634.0,18147.0,8864.0,27970.0,8210.0
2247,8384.0,28409.0,9374.0,19479.0,8292.0,112201.0,29132.0,9415.0,28332.0,29086.0,8991.0
2248,8782.0,17758.0,9170.0,18125.0,8804.0,96368.0,18957.0,18687.0,9180.0,28271.0,6022.0
2249,8443.0,17873.0,9263.0,18727.0,17181.0,98617.0,18545.0,19008.0,18856.0,47917.0,7300.0
2250,8132.0,17763.0,8236.0,17701.0,8815.0,97330.0,17968.0,17789.0,17747.0,28858.0,8603.0
2251,8534.0,17505.0,8883.0,17805.0,17533.0,106457.0,18245.0,18989.0,17678.0,18038.0,8777.0
2252,8394.0,17751.0,8397.0,17602.0,18103.0,97785.0,28464.0,8676.0,18538.0,7975.0,8324.0
2253,9061.0,18933.0,8641.0,18015.0,18278.0,108783.0,17904.0,18093.0,9249.0,8715.0,8491.0
2254,8472.0,18484.0,8085.0,27657.0,9490.0,109274.0,19063.0,18441.0,8421.0,18557.0,8395.0
2255,9260.0,18344.0,9461.0,18470.0,17081.0,109274.0,18069.0,18264.0,17388.0,8120.0,7802.0
2256,9027.0,8759.0,18026.0,9335.0,19374.0,90949.0,18015.0,8826.0,17875.0,8879.0,7420.0
2257,9579.0,9022.0,8430.0,8665.0,18223.0,97992.0,17719.0,26786.0,18106.0,8552.0,7756.0
2258,8644.0,18103.0,9043.0,18501.0,8906.0,90602.0,28278.0,17980.0,9131.0,8950.0,9144.0
2259,8747.0,18123.0,8777.0,7846.0,17844.0,99015.0,18310.0,17786.0,18630.0,8467.0,9088.0
2260,7806.0,18844.0,9160.0,18375.0,18909.0,99724.0,19131.0,19010.0,8684.0,8057.0,8158.0
2261,8573.0,8615.0,8002.0,19426.0,9529.0,101006.0,27370.0,28317.0,7680.0,18044.0,9279.0
2262,8250.0,17910.0,8669.0,18551.0,8347.0,98923.0,27171.0,8546.0,18065.0,27228.0,8304.0
2263,7901.0,17727.0,9086.0,18388.0,8008.0,98494.0,19174.0,18626.0,19016.0,48399.0,8398.0
2264,7893.0,17091.0,8047.0,19032.0,8798.0,88345.0,29116.0,19353.0,9259.0,50005.0,8459.0
2265,9154.0,18916.0,8940.0,28100.0,9213.0,120936.0,29169.0,19010.0,18880.0,78227.0,7844.0
2266,8172.0,17837.0,8903.0,17895.0,8541.0,88015.0,29279.0,8897.0,17732.0,57001.0,8282.0
2267,8191.0,9394.0,8400.0,18525.0,9823.0,80616.0,19258.0,18901.0,19219.0,29218.0,
2268,8833.0,18291.0,8590.0,8374.0,17708.0,97343.0,27341.0,19186.0,7879.0,28191.0,9391.0
2269,8169.0,19377.0,9248.0,19218.0,9030.0,91401.0,28373.0,18446.0,7310.0,17613.0,8836.0
2270,8305.0,7942.0,8366.0,18150.0,18782.0,89141.0,18626.0,17734.0,19133.0,18611.0,8796.0
2271,8406.0,9362.0,9122.0,18647.0,8238.0,89525.0,18721.0,18382.0,8562.0,18327.0,7485.0
2272,8653.0,8967.0,9259.0,18806.0,19568.0,93528.0,18031.0,18352.0,18902.0,8712.0,9219.0
2273,8750.0,18330.0,7901.0,17090.0,18932.0,98505.0,28079.0,19214.0,18595.0,9064.0,8241.0
2274,8612.0,8379.0,8756.0,18278.0,8251.0,90663.0,17942.0,18006.0,17286.0,9224.0,9134.0
2275,7853.0,26822.0,8705.0,7754.0,18984.0,106988.0,28120.0,8477.0,17590.0,9426.0,8179.0
2276,8384.0,18016.0,7396.0,9017.0,18258.0,87635.0,18639.0,18508.0,18274.0,9421.0,8652.0
2277,9085.0,8710.0,9426.0,18781.0,8463.0,90111.0,37459.0,8406.0,17319.0,9534.0,7601.0
2278,9681.0,8827.0,8230.0,17662.0,16924.0,106483.0,18664.0,8539.0,19178.0,8347.0,17862.0
2279,8351.0,28120.0,9251.0,17101.0,8412.0,97986.0,28133.0,8772.0,18574.0,8806.0,8440.0
2280,9093.0,28161.0,7786.0,18480.0,9076.0,100169.0,17274.0,28091.0,8799.0,28450.0,8700.0
2281,9082.0,18332.0,8835.0,17913.0,17085.0,107857.0,18676.0,18590.0,18583.0,8110.0,7656.0
2282,9212.0,8742.0,9535.0,19118.0,8711.0,102226.0,17664.0,17865.0,8141.0,17528.0,7375.0
2283,8529.0,7975.0,8404.0,18114.0,19247.0,88264.0,18181.0,28254.0,8570.0,17688.0,8514.0
2284,9137.0,18803.0,8962.0,8098.0,18041.0,90286.0,17741.0,18346.0,8672.0,17538.0,8209.0
2285,9035.0,18835.0,8085.0,7614.0,19094.0,98607.0,18610.0,18650.0,8135.0,9124.0,7442.0
2286,8421.0,7796.0,9305.0,18502.0,18349.0,98168.0,19220.0,18842.0,18745.0,8505.0,8342.0
2287,8619.0,18797.0,8389.0,17924.0,8244.0,98904.0,17709.0,19175.0,18995.0,7437.0,8946.0
2288,8219.0,18972.0,8383.0,17608.0,8616.0,99355.0,18919.0,18504.0,19075.0,7718.0,8571.0
2289,7637.0,17509.0,9449.0,18502.0,9154.0,108153.0,18360.0,18146.0,8634.0,7763.0,9300.0
2290,8976.0,18421.0,9350.0,8854.0,18571.0,90701.0,27384.0,7948.0,17913.0,8022.0,7370.0
2291,8542.0,18481.0,8416.0,17416.0,18583.0,98521.0,27834.0,18796.0,16871.0,8681.0,7771.0
2292,7897.0,7262.0,8298.0,18493.0,7993.0,85939.0,28472.0,18902.0,8273.0,9092.0,8461.0
2293,8956.0,18596.0,8523.0,18118.0,18385.0,99160.0,19289.0,18155.0,19195.0,8309.0,7710.0
2294,8178.0,17266.0,9409.0,18744.0,9283.0,100241.0,28786.0,19020.0,19008.0,9453.0,9161.0
2295,9022.0,28554.0,8879.0,18436.0,8237.0,109250.0,17903.0,18278.0,18602.0,8870.0,7837.0
2296,9529.0,9544.0,7394.0,18642.0,8879.0,100367.0,18954.0,19015.0,8943.0,19260.0,17558.0
2297,8954.0,18538.0,9087.0,18868.0,8710.0,100194.0,29025.0,28990.0,19313.0,8269.0,7301.0
2298,8567.0,18081.0,18923.0,18944.0,8067.0,119780.0,28329.0,17629.0,18621.0,8844.0,8662.0
2299,8952.0,18550.0,8174.0,18650.0,9022.0,100596.0,18448.0,18963.0,8464.0,19422.0,8974.0
2300,9979.0,9315.0,7759.0,19097.0,9361.0,100604.0,28243.0,8455.0,18261.0,9112.0,8340.0
2301,8929.0,18205.0,8325.0,7995.0,19009.0,98501.0,18786.0,18284.0,19012.0,9550.0,7932.0
2302,8513.0,17995.0,8479.0,18849.0,7799.0,89098.0,18612.0,8565.0,18360.0,9188.0,8663.0
2303,8718.0,18303.0,8867.0,8253.0,18410.0,107999.0,17561.0,18025.0,18982.0,28362.0,9685.0
2304,7540.0,9125.0,18215.0,19965.0,9448.0,102346.0,19511.0,18730.0,7481.0,47614.0,8404.0
2305,8949.0,18351.0,9024.0,18592.0,8422.0,100829.0,17963.0,18830.0,18938.0,47708.0,8524.0
2306,8428.0,18248.0,7878.0,28777.0,9212.0,109816.0,18483.0,28386.0,7924.0,38110.0,8896.0
2307,8845.0,8642.0,8642.0,18106.0,8467.0,71451.0,17920.0,19163.0,16658.0,28540.0,
2308,8554.0,18015.0,9269.0,18440.0,18624.0,110361.0,19766.0,9376.0,18315.0,38060.0,8765.0
2309,8022.0,17702.0,9217.0,18492.0,9074.0,99743.0,28085.0,19248.0,17696.0,28370.0,8589.0
2310,8495.0,17751.0,9223.0,17252.0,9051.0,98095.0,18485.0,9316.0,18689.0,28221.0,8536.0
2311,8927.0,18734.0,8363.0,7934.0,18856.0,100604.0,8793.0,17746.0,19175.0,37868.0,9288.0
2312,9357.0,9001.0,8488.0,18138.0,17507.0,89245.0,17172.0,17736.0,18966.0,18671.0,8097.0
2313,9244.0,18565.0,8647.0,8189.0,18756.0,89419.0,16943.0,17483.0,8553.0,17842.0,7679.0
2314,8907.0,8616.0,8126.0,18920.0,18438.0,88854.0,18109.0,18952.0,18662.0,8507.0,7096.0
2315,17637.0,9535.0,9077.0,18478.0,18085.0,99422.0,27887.0,8126.0,17775.0,8291.0,8395.0
2316,8921.0,17784.0,9287.0,18232.0,9043.0,89143.0,28671.0,8683.0,19072.0,7380.0,7741.0
2317,8285.0,17866.0,8977.0,8252.0,18566.0,89089.0,18442.0,28391.0,9670.0,8945.0,8940.0
2318,8652.0,8571.0,8242.0,19511.0,19057.0,92499.0,28062.0,8585.0,18640.0,7975.0,8965.0
2319,8523.0,17842.0,8728.0,17881.0,17749.0,107570.0,28925.0,8634.0,18591.0,8793.0,8719.0
2320,8655.0,17474.0,9180.0,18556.0,9045.0,99093.0,17112.0,18251.0,8994.0,8830.0,7881.0
2321,8927.0,18331.0,7566.0,27299.0,8508.0,116809.0,28401.0,17870.0,18774.0,7433.0,8177.0
2322,9367.0,28791.0,8466.0,8040.0,18820.0,100344.0,27005.0,17396.0,9130.0,8083.0,8699.0
2323,8558.0,18410.0,9176.0,18263.0,17557.0,108080.0,18025.0,17992.0,17662.0,7921.0,8567.0
2324,8512.0,18134.0,8525.0,17991.0,18718.0,99790.0,18613.0,18448.0,17628.0,8139.0,9000.0
2325,9316.0,19219.0,8335.0,17899.0,8889.0,110292.0,18121.0,18825.0,9239.0,18863.0,18525.0
2326,8795.0,17381.0,8421.0,18088.0,9492.0,98958.0,18531.0,17452.0,18464.0,8724.0,9024.0
2327,8809.0,18561.0,8979.0,18264.0,8365.0,98220.0,18969.0,18459.0,17422.0,9519.0,7753.0
2328,8165.0,18109.0,8960.0,8840.0,17849.0,99273.0,18255.0,18580.0,17673.0,9064.0,8830.0
2329,8424.0,17812.0,9233.0,18221.0,8423.0,98980.0,17855.0,17376.0,8770.0,8191.0,8731.0
2330,7818.0,19236.0,7925.0,19119.0,18772.0,99601.0,28508.0,8932.0,17613.0,8831.0,7990.0
2331,8946.0,8794.0,18034.0,19492.0,9122.0,112448.0,19281.0,17990.0,18967.0,9208.0,8883.0
2332,8564.0,8683.0,17723.0,9464.0,17888.0,89706.0,27910.0,18788.0,18989.0,8487.0,8754.0
2333,8671.0,18321.0,8741.0,17970.0,9155.0,99576.0,18406.0,18145.0,8410.0,28985.0,8423.0
2334,8343.0,18265.0,7643.0,18824.0,8939.0,99145.0,17532.0,18707.0,9048.0,18513.0,8903.0
2335,9068.0,9026.0,8636.0,27980.0,9314.0,98617.0,28893.0,8905.0,18168.0,18102.0,7739.0
2336,8688.0,18054.0,8683.0,17626.0,9509.0,98640.0,18295.0,17720.0,18674.0,8174.0,8630.0
2337,8144.0,18318.0,8274.0,7493.0,18898.0,87034.0,18767.0,17786.0,8882.0,9034.0,8225.0
2338,9107.0,18407.0,8957.0,18254.0,17599.0,98516.0,28949.0,18990.0,9125.0,9215.0,7960.0
2339,7576.0,9039.0,8419.0,19256.0,18697.0,106737.0,18781.0,18506.0,9155.0,18963.0,7901.0
2340,8510.0,8470.0,17505.0,17528.0,8539.0,88483.0,18762.0,18499.0,9363.0,17969.0,8999.0
2341,8439.0,18238.0,8487.0,28978.0,9645.0,110556.0,17409.0,18156.0,17801.0,9175.0,8960.0
2342,8554.0,18063.0,8396.0,9052.0,18843.0,87548.0,27952.0,19066.0,18641.0,9577.0,7306.0
2343,9127.0,8732.0,8563.0,18435.0,8691.0,99410.0,28240.0,18677.0,17775.0,8999.0,17722.0
2344,9427.0,8934.0,8371.0,16866.0,18760.0,108529.0,18282.0,17750.0,17730.0,9503.0,9643.0
2345,7311.0,19151.0,18032.0,19376.0,9201.0,120671.0,37257.0,9137.0,17420.0,9165.0,8202.0
2346,7798.0,17241.0,9071.0,18559.0,8660.0,96187.0,18525.0,8524.0,17435.0,8304.0,7116.0
2347,8984.0,18600.0,8781.0,18196.0,9484.0,82569.0,18546.0,18837.0,19062.0,47954.0,
2348,7769.0,18059.0,8460.0,18013.0,8018.0,96182.0,18249.0,8741.0,18445.0,7514.0,8209.0
2349,7893.0,8044.0,9040.0,27465.0,8472.0,96841.0,17842.0,16251.0,18645.0,9246.0,8481.0
2350,18113.0,9754.0,9304.0,18507.0,8202.0,101389.0,19233.0,18862.0,17786.0,8272.0,8356.0
2351,7333.0,8918.0,8371.0,18656.0,9237.0,88095.0,19005.0,19336.0,8988.0,8494.0,8294.0
2352,8306.0,18418.0,8377.0,17662.0,18020.0,107243.0,28702.0,29323.0,18561.0,18639.0,8533.0
2353,8970.0,8771.0,7829.0,18857.0,18922.0,90251.0,18627.0,19439.0,7798.0,8966.0,7660.0
2354,8344.0,17681.0,8353.0,17943.0,9039.0,86475.0,27840.0,18022.0,8042.0,8168.0,7241.0
2355,9590.0,9370.0,8698.0,18240.0,8204.0,90830.0,27248.0,17305.0,8962.0,8039.0,17723.0
2356,8870.0,18563.0,8107.0,19376.0,8290.0,100011.0,18487.0,18035.0,18168.0,9156.0,9010.0
2357,8609.0,8411.0,8960.0,18417.0,18701.0,99684.0,19728.0,18640.0,18193.0,8477.0,7468.0
2358,8771.0,17827.0,8054.0,18792.0,8800.0,97905.0,17664.0,18360.0,19141.0,8623.0,7925.0
2359,9068.0,18862.0,8601.0,17454.0,8566.0,100252.0,19063.0,17892.0,18410.0,8443.0,9526.0
2360,8952.0,9167.0,9047.0,18906.0,9402.0,90697.0,18396.0,19339.0,10111.0,29550.0,7346.0
2361,8972.0,17688.0,9284.0,18265.0,17532.0,99332.0,18449.0,18188.0,18384.0,27509.0,8997.0
2362,8885.0,18120.0,8900.0,8614.0,16911.0,89158.0,18859.0,18332.0,8325.0,27906.0,8802.0
2363,8420.0,18194.0,9184.0,18727.0,8627.0,99038.0,18131.0,9096.0,17886.0,19090.0,7731.0
2364,8761.0,8843.0,8199.0,18141.0,17281.0,98074.0,28791.0,9067.0,19066.0,18300.0,9208.0
2365,8335.0,18519.0,8384.0,18152.0,18079.0,108955.0,17718.0,29151.0,17769.0,27710.0,7875.0
2366,8614.0,18307.0,8906.0,17834.0,17977.0,99109.0,17883.0,18252.0,18056.0,27965.0,8937.0
2367,8266.0,17583.0,9435.0,19071.0,8598.0,100696.0,18452.0,17681.0,18751.0,18184.0,8916.0
2368,9103.0,9169.0,8932.0,17719.0,18664.0,99243.0,18674.0,19182.0,7876.0,18554.0,16894.0
2369,8540.0,18191.0,8621.0,17878.0,9218.0,98743.0,17319.0,16890.0,8061.0,27796.0,8796.0
2370,8351.0,17676.0,8898.0,18155.0,8385.0,99112.0,18864.0,18417.0,17665.0,37881.0,8653.0
2371,8934.0,18642.0,8258.0,17245.0,8497.0,86757.0,17469.0,18060.0,8044.0,38251.0,7741.0
2372,7896.0,17797.0,9566.0,8812.0,18120.0,90159.0,28116.0,18022.0,8611.0,36382.0,8769.0
2373,8034.0,18638.0,7666.0,19097.0,9199.0,99446.0,18703.0,17940.0,8177.0,38199.0,8468.0
2374,17962.0,9574.0,7945.0,17299.0,8468.0,97890.0,18415.0,18659.0,9222.0,29055.0,8425.0
2375,8617.0,18617.0,7515.0,9091.0,17964.0,88865.0,18526.0,18419.0,17973.0,28643.0,8960.0
2376,8466.0,19176.0,9456.0,9222.0,18963.0,103020.0,18603.0,17996.0,9120.0,37956.0,8559.0
2377,9266.0,29651.0,9066.0,8798.0,19380.0,103289.0,29219.0,19250.0,18602.0,47809.0,8131.0
2378,8140.0,8203.0,10068.0,9226.0,19406.0,100644.0,18293.0,18632.0,8952.0,38537.0,8367.0
2379,9148.0,9319.0,8860.0,17882.0,19036.0,101062.0,18375.0,18953.0,18021.0,57608.0,9928.0
2380,9521.0,9193.0,8823.0,18492.0,8761.0,93655.0,18908.0,18475.0,8212.0,47918.0,9050.0
2381,9210.0,18986.0,8512.0,19497.0,8916.0,92700.0,19496.0,18329.0,18389.0,39178.0,7753.0
2382,7513.0,19269.0,8771.0,18172.0,9221.0,100446.0,18355.0,19294.0,9275.0,39786.0,8075.0
2383,8565.0,18128.0,8432.0,18046.0,9542.0,101229.0,9534.0,18343.0,17305.0,28954.0,8939.0
2384,7355.0,17886.0,9047.0,18703.0,8999.0,88362.0,19579.0,19427.0,18768.0,17261.0,8546.0
2385,9055.0,18937.0,9760.0,7944.0,19080.0,102281.0,18975.0,19832.0,19169.0,7952.0,9276.0
2386,8118.0,18132.0,9635.0,19299.0,9106.0,91995.0,29540.0,18820.0,18825.0,8478.0,8338.0
2387,9257.0,8716.0,9426.0,19032.0,18957.0,102885.0,18473.0,18869.0,18168.0,8000.0,18426.0
2388,8947.0,19316.0,9503.0,9088.0,18454.0,84651.0,18087.0,18217.0,8960.0,29090.0,
2389,8614.0,17904.0,9127.0,28398.0,10087.0,110929.0,19819.0,29302.0,18799.0,28594.0,7401.0
2390,9160.0,18843.0,8108.0,17208.0,8399.0,99189.0,19696.0,7969.0,19425.0,18996.0,7875.0
2391,8866.0,8818.0,8887.0,18410.0,18133.0,101133.0,8631.0,29548.0,18661.0,29104.0,9464.0
2392,8990.0,18852.0,8907.0,8819.0,17823.0,91258.0,18465.0,17782.0,18670.0,18971.0,9056.0
2393,8601.0,18499.0,8174.0,17488.0,18612.0,98585.0,19513.0,19299.0,9767.0,19601.0,9266.0
2394,9022.0,19032.0,8050.0,19659.0,9191.0,101788.0,19378.0,19160.0,9627.0,29603.0,7745.0
2395,8743.0,19216.0,8917.0,17960.0,9015.0,102044.0,19064.0,19718.0,7967.0,17804.0,8811.0
2396,9135.0,18886.0,8377.0,19577.0,9396.0,92154.0,18548.0,19572.0,8793.0,28205.0,7717.0
2397,8845.0,18857.0,8766.0,18635.0,7949.0,89609.0,18598.0,18014.0,9443.0,28919.0,7524.0
2398,9421.0,19694.0,9044.0,18233.0,7830.0,91668.0,18341.0,17881.0,18372.0,29350.0,8060.0
2399,8018.0,7512.0,9038.0,18454.0,19478.0,88842.0,17607.0,19358.0,19491.0,27593.0,8323.0
2400,8628.0,8442.0,9196.0,18896.0,8098.0,90221.0,18128.0,9325.0,18373.0,28494.0,8748.0
2401,8938.0,8967.0,18127.0,9432.0,18384.0,91855.0,28896.0,18580.0,7935.0,28861.0,8942.0
2402,8725.0,8851.0,18153.0,9176.0,18462.0,91316.0,28290.0,18983.0,9343.0,28916.0,9092.0
2403,9774.0,18887.0,9605.0,19562.0,8605.0,104737.0,18261.0,18670.0,8365.0,27370.0,8680.0
2404,7749.0,28574.0,8325.0,17001.0,17736.0,115685.0,26463.0,18921.0,18598.0,39124.0,8616.0
2405,9385.0,19119.0,8673.0,18035.0,8394.0,129011.0,18874.0,28332.0,19620.0,48107.0,8582.0
2406,8145.0,17533.0,8397.0,17613.0,19387.0,109969.0,27737.0,18914.0,19461.0,49110.0,9061.0
2407,8225.0,38225.0,9176.0,8965.0,19589.0,121857.0,19506.0,28501.0,8027.0,38161.0,8907.0
2408,9473.0,19592.0,8689.0,18685.0,10277.0,101540.0,17456.0,18737.0,18396.0,18689.0,8202.0
2409,9037.0,18780.0,9584.0,18999.0,19300.0,101987.0,19266.0,18616.0,19655.0,18872.0,7971.0
2410,8363.0,19687.0,9594.0,9051.0,19605.0,94015.0,19544.0,19793.0,9113.0,40272.0,8593.0
2411,8439.0,18657.0,9025.0,8539.0,18632.0,91504.0,18837.0,18230.0,18494.0,29060.0,8941.0
2412,8467.0,18326.0,9206.0,8529.0,18594.0,90597.0,19040.0,19049.0,7575.0,28501.0,8701.0
2413,8717.0,18258.0,8361.0,19283.0,9088.0,109830.0,19128.0,18346.0,19240.0,39589.0,8480.0
2414,8940.0,28107.0,8834.0,8599.0,18135.0,98641.0,19332.0,19284.0,19001.0,28462.0,7604.0
2415,7865.0,19411.0,7673.0,19339.0,7825.0,89122.0,18743.0,17590.0,8123.0,37516.0,8208.0
2416,9225.0,18083.0,9106.0,18282.0,19516.0,101741.0,18054.0,18769.0,9366.0,38549.0,9038.0
2417,8580.0,8636.0,7948.0,18408.0,9579.0,91516.0,18287.0,18493.0,8249.0,28518.0,9358.0
2418,8462.0,18407.0,9476.0,19374.0,18418.0,112075.0,17652.0,19134.0,9248.0,28703.0,8884.0
2419,9003.0,8561.0,8869.0,17941.0,18107.0,120047.0,19723.0,19260.0,8789.0,28368.0,9043.0
2420,9923.0,9839.0,9061.0,19064.0,18358.0,103036.0,18131.0,19208.0,19674.0,29403.0,18139.0
2421,8961.0,18830.0,9305.0,19221.0,19850.0,104500.0,18660.0,18750.0,8135.0,29410.0,8942.0
2422,9418.0,18375.0,9117.0,8940.0,18239.0,90870.0,18127.0,17744.0,9042.0,38186.0,7966.0
2423,8104.0,18250.0,9387.0,19234.0,9310.0,111046.0,18209.0,17493.0,9122.0,28339.0,8503.0
2424,7367.0,18889.0,8027.0,28754.0,7808.0,107668.0,18844.0,18270.0,8957.0,38157.0,8077.0
2425,8475.0,18097.0,9306.0,29272.0,9756.0,112108.0,18798.0,18046.0,8206.0,29018.0,8426.0
2426,9950.0,19410.0,9686.0,18776.0,8682.0,112491.0,19089.0,19113.0,7664.0,37358.0,8389.0
2427,8835.0,18675.0,9517.0,19180.0,8706.0,102512.0,8899.0,19364.0,8624.0,38729.0,8875.0
2428,8231.0,7565.0,9805.0,9441.0,19070.0,80617.0,19046.0,19360.0,9556.0,29593.0,
2429,8664.0,18313.0,8642.0,18943.0,18445.0,110312.0,18378.0,9313.0,18874.0,18731.0,8516.0
2430,9856.0,19910.0,8623.0,18620.0,9427.0,111057.0,28768.0,9723.0,18254.0,27425.0,8206.0
2431,9353.0,18771.0,9156.0,18921.0,8229.0,101266.0,18465.0,18239.0,9360.0,27649.0,7903.0
2432,8866.0,18711.0,9510.0,18844.0,19103.0,102828.0,18160.0,9469.0,18710.0,19558.0,9016.0
2433,8710.0,17797.0,8175.0,9358.0,19327.0,91098.0,17895.0,18950.0,8192.0,27858.0,8585.0
2434,8804.0,19008.0,9359.0,18909.0,19477.0,102938.0,18623.0,9119.0,18791.0,28921.0,9344.0
2435,9222.0,19125.0,9402.0,18589.0,8472.0,91911.0,18654.0,18220.0,19209.0,18758.0,7918.0
2436,8214.0,17728.0,9290.0,18853.0,18978.0,99426.0,18053.0,9213.0,17926.0,29239.0,8265.0
2437,8450.0,18719.0,9941.0,19182.0,19080.0,102417.0,17734.0,17981.0,19490.0,18403.0,8747.0
2438,7894.0,19316.0,8423.0,18637.0,7666.0,98503.0,18587.0,17934.0,9319.0,28431.0,8197.0
2439,10062.0,9393.0,9201.0,18545.0,8101.0,99639.0,18368.0,19379.0,9200.0,29027.0,8306.0
2440,8468.0,17949.0,8994.0,18683.0,8695.0,99342.0,18765.0,17503.0,27272.0,38214.0,7378.0
2441,8384.0,18250.0,8334.0,7382.0,18898.0,99182.0,18024.0,9164.0,18876.0,28334.0,8946.0
2442,9587.0,19410.0,9359.0,18863.0,8450.0,101942.0,19004.0,18956.0,9120.0,27382.0,8476.0
2443,9475.0,9012.0,8228.0,19200.0,18648.0,111818.0,19047.0,7935.0,18267.0,27763.0,9817.0
2444,9016.0,18665.0,8850.0,10177.0,17627.0,99193.0,19475.0,19004.0,19367.0,28000.0,7536.0
2445,8860.0,19572.0,8217.0,17457.0,19042.0,101394.0,19572.0,19268.0,17658.0,28016.0,9020.0
2446,8193.0,17995.0,8428.0,18320.0,8062.0,97950.0,7831.0,18232.0,18715.0,18190.0,8309.0
2447,18205.0,9757.0,9449.0,18898.0,8528.0,93133.0,28271.0,9858.0,19175.0,28838.0,8618.0
2448,9518.0,9302.0,9107.0,18950.0,8646.0,91911.0,28420.0,9777.0,19320.0,29114.0,8115.0
2449,8675.0,18853.0,9068.0,18962.0,9577.0,104251.0,19010.0,19005.0,17954.0,19355.0,9068.0
2450,7642.0,9316.0,8619.0,28189.0,9068.0,89085.0,18991.0,18980.0,8661.0,28577.0,8138.0
2451,8955.0,18963.0,9283.0,18915.0,18936.0,102136.0,18203.0,19300.0,7912.0,28341.0,7889.0
2452,7936.0,17635.0,7768.0,19219.0,8802.0,89297.0,29200.0,9360.0,29512.0,28229.0,8523.0
2453,9475.0,18008.0,9843.0,19427.0,9170.0,102895.0,28207.0,8302.0,19202.0,28110.0,9842.0
2454,7448.0,18995.0,9267.0,8721.0,18474.0,89221.0,18288.0,18015.0,9029.0,28875.0,8498.0
2455,9769.0,18453.0,9772.0,9312.0,18741.0,102263.0,28458.0,18758.0,8618.0,19340.0,18031.0
2456,9606.0,9071.0,7777.0,19115.0,9057.0,100632.0,9023.0,18746.0,17714.0,28855.0,17439.0
2457,8482.0,17920.0,9426.0,18640.0,18280.0,99968.0,18037.0,19472.0,8612.0,28672.0,7842.0
2458,10175.0,9666.0,9019.0,17453.0,19030.0,101779.0,18440.0,18812.0,9209.0,29360.0,8549.0
2459,7943.0,18239.0,9726.0,18986.0,8231.0,99631.0,18120.0,9004.0,19007.0,28005.0,8760.0
2460,9882.0,8760.0,7632.0,28752.0,8754.0,101195.0,17957.0,17633.0,8873.0,29100.0,9345.0
2461,9333.0,18459.0,9648.0,19570.0,9471.0,103163.0,18274.0,8456.0,18382.0,18103.0,7882.0
2462,8198.0,17457.0,9319.0,18610.0,7865.0,98078.0,19090.0,9399.0,18409.0,28077.0,8123.0
2463,9199.0,28463.0,9170.0,18784.0,9329.0,110819.0,19737.0,18540.0,8431.0,29094.0,7455.0
2464,9261.0,9139.0,8768.0,17956.0,18883.0,90590.0,19895.0,19104.0,17701.0,19288.0,7601.0
2465,9225.0,18973.0,9002.0,18842.0,8401.0,92495.0,29742.0,7830.0,18517.0,27676.0,9241.0
2466,8119.0,7704.0,8260.0,18755.0,17835.0,89219.0,17862.0,18887.0,9053.0,27902.0,9318.0
2467,8741.0,17943.0,9014.0,18722.0,17706.0,110354.0,18056.0,18179.0,9207.0,29130.0,8845.0
2468,8591.0,17983.0,8236.0,19484.0,17735.0,99993.0,19809.0,18152.0,17530.0,19520.0,8600.0
2469,9061.0,8270.0,18279.0,19806.0,9078.0,92219.0,19235.0,19223.0,8380.0,18034.0,
2470,8254.0,18109.0,9579.0,19097.0,8996.0,100783.0,19569.0,18671.0,17966.0,19212.0,8959.0
2471,8744.0,18584.0,8309.0,19633.0,8695.0,103434.0,18672.0,9455.0,18870.0,98518.0,9383.0
2472,8409.0,18032.0,8217.0,17542.0,18502.0,108578.0,9593.0,18218.0,9349.0,139053.0,9058.0
2473,7866.0,17948.0,9098.0,9006.0,18507.0,89785.0,19002.0,18471.0,9136.0,66911.0,8205.0
2474,17935.0,9781.0,9636.0,18775.0,19005.0,102941.0,18322.0,28811.0,10026.0,58238.0,8776.0
2475,9186.0,19666.0,17934.0,19081.0,8817.0,111795.0,19626.0,18159.0,9084.0,57803.0,7676.0
2476,8486.0,8103.0,8319.0,28273.0,7983.0,99108.0,18751.0,19025.0,8157.0,69571.0,8549.0
2477,7873.0,19640.0,8636.0,18120.0,9555.0,90975.0,19312.0,18992.0,18344.0,37877.0,8230.0
2478,8496.0,18548.0,9317.0,18909.0,8120.0,90528.0,18091.0,17153.0,18449.0,39295.0,7616.0
2479,18174.0,9892.0,8269.0,19254.0,9215.0,91907.0,17396.0,8086.0,19479.0,29369.0,8218.0
2480,8457.0,17497.0,8677.0,18269.0,8982.0,98478.0,18438.0,17249.0,17566.0,17902.0,8468.0
2481,9045.0,18854.0,8982.0,17978.0,8230.0,88610.0,18001.0,18681.0,19085.0,39528.0,7460.0
2482,9071.0,8349.0,7706.0,18752.0,17494.0,89071.0,18856.0,18361.0,8374.0,38658.0,9391.0
2483,8768.0,8889.0,8684.0,17911.0,8530.0,91181.0,19550.0,7990.0,18302.0,19784.0,8891.0
2484,8165.0,17984.0,8637.0,18378.0,9438.0,99067.0,19542.0,17621.0,19086.0,19321.0,8238.0
2485,8562.0,18205.0,9630.0,8159.0,18105.0,89998.0,17745.0,18891.0,9494.0,78825.0,8556.0
2486,8626.0,18553.0,8474.0,18103.0,7969.0,89567.0,18875.0,18708.0,19089.0,98636.0,8799.0
2487,8389.0,17980.0,7647.0,18974.0,7857.0,88245.0,28202.0,8373.0,27517.0,57235.0,8869.0
2488,9058.0,18572.0,8702.0,18306.0,19050.0,109098.0,18418.0,18111.0,8839.0,38318.0,7622.0
2489,9277.0,18779.0,7910.0,18710.0,9422.0,100779.0,18983.0,19662.0,8681.0,29040.0,7877.0
2490,8138.0,8197.0,9167.0,18932.0,19407.0,91960.0,19651.0,19047.0,8712.0,29759.0,8588.0
2491,8773.0,17653.0,8401.0,16924.0,9404.0,89081.0,19362.0,19340.0,18476.0,18141.0,8776.0
2492,7887.0,28023.0,8310.0,18797.0,8893.0,98548.0,18596.0,19778.0,8698.0,39241.0,8903.0
2493,9187.0,19068.0,9176.0,8731.0,18558.0,91263.0,18344.0,18812.0,8099.0,18226.0,7662.0
2494,7521.0,19014.0,8796.0,18352.0,9169.0,98934.0,17994.0,9435.0,19544.0,19139.0,8242.0
2495,9209.0,19061.0,8529.0,19574.0,9064.0,92176.0,18739.0,19177.0,18840.0,19400.0,7432.0
2496,8247.0,9034.0,9891.0,9150.0,18154.0,99928.0,18883.0,19577.0,9861.0,28612.0,8989.0
2497,8948.0,7350.0,9167.0,18401.0,18842.0,100626.0,18318.0,17165.0,9032.0,26457.0,9292.0
2498,8468.0,18124.0,9261.0,18281.0,18666.0,98818.0,18208.0,19131.0,8784.0,27532.0,7719.0
2499,9039.0,18994.0,9305.0,18659.0,8394.0,90760.0,29142.0,8882.0,17941.0,39204.0,7636.0
2500,8610.0,18530.0,8776.0,17417.0,9400.0,89958.0,29700.0,9579.0,8293.0,38978.0,8585.0
2501,8998.0,19173.0,8440.0,17118.0,19385.0,109587.0,17802.0,18565.0,18202.0,19630.0,7566.0
2502,9856.0,19018.0,9860.0,19379.0,7715.0,110869.0,19551.0,19142.0,8615.0,29356.0,8271.0
2503,7528.0,8782.0,8197.0,17937.0,18841.0,88173.0,18153.0,8756.0,28633.0,28722.0,8340.0
2504,9143.0,18385.0,9364.0,18373.0,9043.0,100428.0,17543.0,7729.0,17799.0,17361.0,6992.0
2505,8783.0,18255.0,9655.0,17416.0,19192.0,100723.0,18592.0,17786.0,8171.0,27484.0,8646.0
2506,8128.0,18081.0,8770.0,18556.0,8356.0,99087.0,18109.0,8416.0,18357.0,37617.0,8367.0
2507,8261.0,17816.0,8186.0,8160.0,18104.0,87629.0,17811.0,8865.0,18994.0,28144.0,8964.0
2508,9061.0,18319.0,9245.0,19046.0,19094.0,91666.0,19347.0,9334.0,19211.0,18242.0,7467.0
2509,9205.0,8979.0,8412.0,17815.0,18053.0,99739.0,19489.0,18926.0,9332.0,28448.0,17787.0
2510,8795.0,17977.0,7203.0,17565.0,8312.0,88751.0,17875.0,9401.0,18835.0,18767.0,
2511,9716.0,8718.0,8219.0,29002.0,9292.0,111494.0,17914.0,17075.0,18716.0,28363.0,7848.0
2512,8189.0,17762.0,9027.0,18401.0,18912.0,99151.0,17998.0,18073.0,17973.0,29245.0,8434.0
2513,8081.0,18257.0,9157.0,18885.0,16865.0,109109.0,18767.0,8152.0,18359.0,48480.0,8753.0
2514,8668.0,8386.0,9053.0,18275.0,18770.0,90602.0,18448.0,19008.0,18666.0,38715.0,8835.0
2515,8945.0,8743.0,9083.0,18500.0,8625.0,81084.0,18612.0,8380.0,18179.0,28731.0,9048.0
2516,8582.0,18194.0,9382.0,17868.0,8143.0,100396.0,18281.0,19077.0,9282.0,38182.0,8872.0
2517,8694.0,17609.0,8569.0,17417.0,7438.0,95311.0,17887.0,9252.0,18983.0,18139.0,7394.0
2518,9357.0,18791.0,9414.0,18857.0,8758.0,102833.0,18786.0,9776.0,19357.0,28684.0,8507.0
2519,7978.0,19047.0,8603.0,7917.0,17792.0,88898.0,18475.0,18593.0,17478.0,27639.0,8699.0
2520,8659.0,18207.0,9315.0,18727.0,18696.0,101647.0,18314.0,17903.0,18574.0,28971.0,9006.0
2521,8547.0,8616.0,8474.0,18340.0,18798.0,90584.0,19095.0,18884.0,18792.0,19854.0,9466.0
2522,7791.0,18019.0,8001.0,9311.0,17901.0,88261.0,17724.0,19271.0,18799.0,19554.0,8174.0
2523,9067.0,19029.0,9174.0,8677.0,19172.0,90992.0,19160.0,19371.0,19643.0,28118.0,8026.0
2524,9338.0,19216.0,8364.0,19317.0,19553.0,102035.0,19055.0,19056.0,19155.0,28573.0,8226.0
2525,8945.0,8577.0,9433.0,18810.0,18917.0,93379.0,18907.0,17951.0,18565.0,29301.0,9276.0
2526,8641.0,18683.0,9152.0,18447.0,18269.0,100647.0,18334.0,18273.0,8160.0,28046.0,8901.0
2527,8880.0,18765.0,8334.0,19225.0,9059.0,91675.0,28239.0,18042.0,8172.0,28270.0,9086.0
2528,8232.0,17803.0,8793.0,8351.0,18610.0,89777.0,19098.0,18425.0,8759.0,28543.0,9014.0
2529,9560.0,28372.0,8844.0,18512.0,8564.0,100705.0,18250.0,9431.0,19199.0,28259.0,8205.0
2530,9326.0,19648.0,9918.0,19035.0,8322.0,93397.0,28327.0,8228.0,17368.0,28370.0,8160.0
2531,9155.0,19014.0,8937.0,17849.0,8561.0,100242.0,18212.0,8764.0,18716.0,39080.0,7630.0
2532,9200.0,18741.0,8341.0,28310.0,8964.0,109565.0,28433.0,18065.0,19289.0,18400.0,8134.0
2533,8262.0,8505.0,9217.0,18721.0,18384.0,91168.0,19068.0,19233.0,9128.0,29033.0,8942.0
2534,8515.0,18239.0,7634.0,8708.0,19467.0,90495.0,28161.0,9515.0,18375.0,18148.0,8479.0
2535,9968.0,9290.0,8941.0,18308.0,18749.0,112482.0,18093.0,8458.0,19352.0,28319.0,17851.0
2536,9462.0,19534.0,8953.0,18755.0,9023.0,101404.0,19052.0,9376.0,19393.0,28736.0,7533.0
2537,8770.0,8529.0,18187.0,9453.0,17875.0,91472.0,19396.0,19507.0,8544.0,38386.0,9091.0
2538,8957.0,8967.0,8231.0,17404.0,9306.0,89712.0,29055.0,9782.0,18292.0,19821.0,9093.0
2539,9601.0,19166.0,7361.0,18983.0,7923.0,98193.0,18891.0,19120.0,9206.0,28379.0,8030.0
2540,8794.0,18700.0,9830.0,18721.0,8331.0,91509.0,19476.0,19229.0,9099.0,38792.0,9091.0
2541,9228.0,9119.0,9024.0,18360.0,8442.0,100507.0,9225.0,19035.0,18975.0,27399.0,8432.0
2542,17783.0,9748.0,9548.0,19290.0,8187.0,102637.0,18904.0,17752.0,18318.0,28658.0,8626.0
2543,8918.0,18177.0,8510.0,17761.0,8265.0,90115.0,18964.0,19261.0,18968.0,29402.0,9105.0
2544,8667.0,18178.0,8783.0,18182.0,8820.0,90108.0,18102.0,19397.0,9333.0,38108.0,8965.0
2545,9170.0,18468.0,8649.0,18057.0,9097.0,99307.0,16957.0,18460.0,17690.0,19113.0,7733.0
2546,8855.0,19116.0,8338.0,17543.0,9206.0,89988.0,19287.0,18841.0,8357.0,28505.0,8867.0
2547,7996.0,17629.0,8687.0,8356.0,19142.0,88155.0,18092.0,19188.0,18196.0,17729.0,8333.0
2548,8365.0,8257.0,18339.0,9406.0,18942.0,90997.0,18201.0,19068.0,8597.0,28234.0,9227.0
2549,9353.0,9052.0,8256.0,18992.0,9136.0,101488.0,18067.0,19027.0,9317.0,27908.0,10017.0
2550,8727.0,18463.0,9377.0,19013.0,7967.0,100910.0,18804.0,9337.0,9691.0,37052.0,
2551,7836.0,17686.0,9064.0,8633.0,17957.0,87751.0,17919.0,18966.0,8423.0,27938.0,8182.0
2552,8253.0,8959.0,9596.0,18717.0,19046.0,82529.0,28050.0,9310.0,18711.0,17927.0,8146.0
2553,9661.0,9903.0,8972.0,18244.0,18524.0,102989.0,18277.0,19238.0,9622.0,29070.0,18206.0
2554,9162.0,17790.0,8608.0,18077.0,8896.0,99393.0,17952.0,9638.0,18690.0,28630.0,8310.0
2555,9381.0,9110.0,8834.0,17886.0,8984.0,91069.0,17423.0,19069.0,18863.0,20052.0,7801.0
2556,8704.0,18167.0,9355.0,8673.0,17788.0,89769.0,17370.0,9399.0,18683.0,17323.0,8840.0
2557,7883.0,7336.0,8907.0,18328.0,8686.0,79083.0,28392.0,19065.0,18883.0,19333.0,8024.0
2558,9442.0,19080.0,9291.0,17812.0,8691.0,101273.0,19807.0,17840.0,18844.0,9349.0,7426.0
2559,8708.0,18339.0,9284.0,18791.0,9151.0,101997.0,19247.0,18556.0,18738.0,9168.0,7537.0
2560,18032.0,9996.0,7969.0,19169.0,8578.0,101410.0,27924.0,8468.0,18191.0,9483.0,8582.0
2561,8872.0,8792.0,8336.0,9667.0,18597.0,90582.0,18563.0,19094.0,19158.0,9746.0,9051.0
2562,8841.0,18044.0,8767.0,18225.0,8609.0,99681.0,17583.0,18501.0,9057.0,9144.0,9191.0
2563,8923.0,18444.0,9016.0,7749.0,18460.0,90852.0,19072.0,18779.0,19351.0,9498.0,8654.0
2564,8354.0,9690.0,8453.0,18036.0,18680.0,98657.0,18893.0,19450.0,8827.0,19730.0,8556.0
2565,9004.0,19343.0,8788.0,8564.0,18338.0,91340.0,9805.0,18901.0,18826.0,8725.0,8197.0
2566,9093.0,18998.0,8455.0,17991.0,9505.0,89251.0,18058.0,18305.0,8648.0,18813.0,7573.0
2567,7987.0,18890.0,9223.0,28233.0,8973.0,100261.0,18475.0,17734.0,8898.0,8037.0,7993.0
2568,8084.0,17280.0,9046.0,18630.0,9103.0,98013.0,18919.0,19690.0,19032.0,9350.0,8196.0
2569,9013.0,18694.0,7936.0,19512.0,8130.0,90622.0,19595.0,28966.0,8643.0,8515.0,8188.0
2570,9327.0,18700.0,9452.0,27493.0,8845.0,111244.0,9196.0,17227.0,18653.0,8287.0,9188.0
2571,8085.0,18442.0,9594.0,18904.0,9400.0,101500.0,19003.0,18301.0,27520.0,8259.0,8290.0
2572,9198.0,8585.0,9391.0,17971.0,17221.0,90044.0,18878.0,17811.0,9586.0,7841.0,8353.0
2573,9271.0,18797.0,7284.0,8754.0,18036.0,88610.0,17998.0,18550.0,9099.0,8290.0,7501.0
2574,8693.0,18523.0,9165.0,18638.0,18478.0,102011.0,19226.0,18812.0,8414.0,8587.0,9081.0
2575,8761.0,18752.0,8909.0,17743.0,8013.0,88927.0,28015.0,9183.0,18279.0,8997.0,8670.0
2576,8256.0,8207.0,10117.0,17632.0,8670.0,89066.0,27965.0,18283.0,8636.0,9240.0,8798.0
2577,8291.0,18051.0,8874.0,8604.0,18907.0,89359.0,17933.0,18174.0,9324.0,8620.0,8249.0
2578,8843.0,18050.0,8452.0,17909.0,8883.0,89163.0,18167.0,18548.0,18388.0,8588.0,8686.0
2579,8285.0,7590.0,17749.0,8832.0,17890.0,86288.0,19125.0,18106.0,17999.0,9620.0,8245.0
2580,8504.0,18597.0,8800.0,18100.0,9162.0,91240.0,19463.0,18585.0,19388.0,8439.0,8659.0
2581,9833.0,8459.0,9302.0,18941.0,8193.0,102575.0,18727.0,17793.0,8638.0,8393.0,18348.0
2582,9201.0,18598.0,9274.0,8800.0,18599.0,91455.0,19048.0,9153.0,19026.0,8482.0,8215.0
2583,8704.0,17957.0,8827.0,18671.0,18143.0,99535.0,18068.0,18478.0,17832.0,28261.0,8582.0
2584,9234.0,8796.0,18248.0,8920.0,18175.0,90091.0,29065.0,18983.0,9106.0,47907.0,7588.0
2585,9198.0,9155.0,9596.0,18094.0,8926.0,99462.0,9248.0,18515.0,18332.0,30048.0,8032.0
2586,9286.0,8277.0,9603.0,18279.0,19027.0,109531.0,18250.0,8257.0,18743.0,28180.0,9663.0
2587,8619.0,17974.0,9237.0,18733.0,9258.0,98135.0,19254.0,19247.0,19499.0,18893.0,7913.0
2588,8242.0,17491.0,7773.0,18481.0,8782.0,98501.0,28831.0,17202.0,9272.0,19386.0,8548.0
2589,8217.0,17660.0,8005.0,7656.0,18646.0,87823.0,19215.0,8321.0,19014.0,18862.0,8284.0
2590,7935.0,19151.0,8506.0,18233.0,9781.0,81356.0,18435.0,19431.0,9222.0,137783.0,
2591,8501.0,8638.0,9197.0,17954.0,18758.0,90599.0,19317.0,19223.0,18100.0,96873.0,9158.0
2592,8639.0,18203.0,8981.0,18565.0,18739.0,101030.0,28944.0,18927.0,8495.0,77515.0,8875.0
2593,8714.0,8220.0,8944.0,28036.0,8202.0,89463.0,17697.0,17495.0,8802.0,75851.0,8587.0
2594,8685.0,18012.0,8480.0,17811.0,8673.0,88201.0,28676.0,17568.0,9218.0,78196.0,8503.0
2595,8959.0,8545.0,9159.0,18070.0,18982.0,101833.0,28086.0,8481.0,17497.0,107670.0,18606.0
2596,9251.0,18770.0,8279.0,18203.0,8230.0,88762.0,28115.0,9324.0,18555.0,88022.0,7841.0
2597,8972.0,18691.0,8450.0,18207.0,9228.0,100513.0,17739.0,18428.0,8541.0,88252.0,7384.0
2598,8784.0,8498.0,8192.0,17655.0,19362.0,99395.0,28944.0,8963.0,18222.0,87149.0,10045.0
2599,8866.0,18595.0,8223.0,19225.0,7857.0,98984.0,19014.0,9153.0,18135.0,76939.0,7240.0
2600,7901.0,17569.0,7901.0,19401.0,17654.0,96432.0,19401.0,19200.0,18210.0,105855.0,8136.0
2601,7903.0,17260.0,9016.0,18446.0,17720.0,97645.0,17765.0,8852.0,17746.0,97375.0,8565.0
2602,9385.0,19110.0,7898.0,18546.0,8237.0,91251.0,28180.0,18646.0,10123.0,117390.0,8553.0
2603,8961.0,18719.0,9085.0,18611.0,8379.0,91687.0,38024.0,20013.0,9204.0,127267.0,9089.0
2604,8221.0,17252.0,9278.0,8884.0,18750.0,90153.0,18766.0,19151.0,18532.0,126646.0,8768.0
2605,9061.0,18632.0,8026.0,18625.0,19003.0,99538.0,17809.0,18977.0,9120.0,125668.0,7421.0
2606,9168.0,18397.0,9599.0,18903.0,9859.0,92616.0,18015.0,17532.0,19028.0,106782.0,7944.0
2607,8504.0,8296.0,7858.0,19242.0,19428.0,90328.0,18635.0,18520.0,8567.0,106819.0,8589.0
2608,8149.0,17396.0,9054.0,19098.0,9047.0,100022.0,19101.0,19081.0,19062.0,107585.0,8453.0
2609,8782.0,28821.0,9086.0,18134.0,8307.0,100089.0,18049.0,19199.0,9196.0,97171.0,9017.0
2610,7265.0,19272.0,9385.0,18774.0,18401.0,100950.0,19404.0,18270.0,18675.0,107633.0,8296.0
2611,18070.0,10056.0,8951.0,17941.0,8727.0,100685.0,18563.0,18381.0,7795.0,148258.0,8313.0
2612,8736.0,17981.0,8175.0,20148.0,9885.0,99166.0,19235.0,18489.0,8347.0,106260.0,8673.0
2613,8657.0,18903.0,8608.0,18620.0,8848.0,91454.0,18148.0,18070.0,18262.0,96278.0,8760.0
2614,7106.0,9202.0,8644.0,18451.0,18061.0,88749.0,19354.0,18132.0,18136.0,97045.0,8065.0
2615,6736.0,18436.0,8712.0,18620.0,9172.0,97951.0,28692.0,29761.0,8714.0,107326.0,7753.0
2616,9240.0,19162.0,8136.0,19113.0,8896.0,92484.0,28368.0,18892.0,9152.0,87957.0,9134.0
2617,8453.0,8288.0,9286.0,18968.0,9558.0,81301.0,28082.0,19183.0,8587.0,116857.0,8578.0
2618,9313.0,18461.0,9023.0,18575.0,19054.0,101006.0,17693.0,19390.0,18470.0,117408.0,8393.0
2619,8306.0,18171.0,9301.0,18979.0,8749.0,91612.0,17940.0,19527.0,19370.0,106077.0,8316.0
2620,8721.0,18106.0,8572.0,19015.0,9230.0,91576.0,28712.0,18579.0,19097.0,107023.0,8953.0
2621,9020.0,8840.0,9012.0,18583.0,18099.0,91258.0,18361.0,19507.0,18126.0,106453.0,8071.0
2622,8282.0,27730.0,9015.0,8449.0,17647.0,108787.0,17676.0,9033.0,18173.0,127766.0,8762.0
2623,7341.0,19077.0,9287.0,18528.0,18426.0,119573.0,19508.0,8977.0,16967.0,125964.0,8004.0
2624,8784.0,18341.0,8503.0,19539.0,8618.0,100444.0,19709.0,17402.0,9080.0,127580.0,8573.0
2625,9509.0,19014.0,8506.0,7910.0,18425.0,90168.0,28659.0,9124.0,17956.0,136333.0,7810.0
2626,7381.0,19114.0,8527.0,7765.0,18727.0,88672.0,28283.0,18901.0,8593.0,116366.0,8081.0
2627,8602.0,8273.0,7749.0,18766.0,8955.0,79317.0,28103.0,8826.0,18983.0,109523.0,8894.0
2628,9315.0,18351.0,8279.0,16912.0,19163.0,99635.0,17952.0,28012.0,18547.0,107214.0,8317.0
2629,7892.0,19081.0,8285.0,18900.0,7766.0,89086.0,27828.0,19149.0,8822.0,114150.0,8305.0
2630,9297.0,17987.0,9134.0,18149.0,8832.0,89261.0,28155.0,18488.0,8827.0,127668.0,7737.0
2631,8907.0,8774.0,7766.0,18661.0,9000.0,81884.0,19050.0,9295.0,18026.0,97488.0,
2632,8904.0,8435.0,8463.0,18072.0,18631.0,89744.0,18519.0,18652.0,19675.0,97993.0,8940.0
2633,7948.0,17526.0,8831.0,18258.0,9104.0,97230.0,18498.0,27793.0,18870.0,124410.0,8220.0
2634,9084.0,18887.0,9342.0,18683.0,8761.0,91932.0,17852.0,18841.0,8338.0,136719.0,8022.0
2635,8472.0,17575.0,8113.0,19351.0,8477.0,88983.0,28936.0,19260.0,18234.0,106005.0,8641.0
2636,8507.0,17959.0,9903.0,9132.0,19076.0,92557.0,18219.0,18397.0,9374.0,116897.0,8739.0
2637,8628.0,17903.0,18197.0,9580.0,18692.0,100182.0,18105.0,17969.0,18204.0,126415.0,8783.0
2638,9209.0,8723.0,9716.0,19468.0,19260.0,94408.0,17827.0,8841.0,18955.0,115502.0,8204.0
2639,8058.0,18201.0,8999.0,18449.0,8664.0,90176.0,28082.0,8378.0,17849.0,106763.0,8518.0
2640,8764.0,18566.0,9970.0,9185.0,18832.0,93780.0,18973.0,8138.0,19158.0,117684.0,9351.0
2641,8544.0,18650.0,7979.0,29044.0,8291.0,110197.0,18456.0,8602.0,19417.0,86266.0,9042.0
2642,9419.0,8945.0,9056.0,18782.0,9252.0,102684.0,18530.0,8778.0,18524.0,136552.0,9790.0
2643,8790.0,18412.0,8805.0,17954.0,9191.0,102014.0,19703.0,19766.0,9500.0,109340.0,8961.0
2644,8931.0,18807.0,8864.0,17987.0,18533.0,110769.0,18149.0,8648.0,19020.0,125633.0,8497.0
2645,8658.0,18319.0,7405.0,18979.0,9322.0,91240.0,28882.0,9583.0,18127.0,106809.0,9104.0
2646,9113.0,18405.0,9297.0,9131.0,18102.0,91340.0,28333.0,17632.0,8216.0,108285.0,9332.0
2647,8755.0,18608.0,8376.0,17644.0,8368.0,90259.0,28279.0,18194.0,9017.0,127476.0,9017.0
2648,7998.0,18169.0,9570.0,19419.0,18100.0,100692.0,29469.0,18081.0,9132.0,95082.0,8391.0
2649,8709.0,17150.0,7644.0,18796.0,9138.0,98233.0,29196.0,18875.0,9273.0,143479.0,8814.0
2650,8082.0,17920.0,8805.0,17627.0,9139.0,88520.0,28691.0,8199.0,18007.0,94843.0,8415.0
2651,9289.0,8536.0,8451.0,17678.0,18656.0,89394.0,29051.0,9579.0,18730.0,107595.0,7805.0
2652,9015.0,18438.0,9259.0,18767.0,19344.0,101996.0,29551.0,8625.0,17800.0,96722.0,9173.0
2653,7889.0,17242.0,9459.0,18420.0,18630.0,98974.0,18546.0,18841.0,17830.0,96282.0,8194.0
2654,8646.0,18400.0,9267.0,18517.0,9067.0,101973.0,17881.0,9259.0,18828.0,117402.0,8783.0
2655,8756.0,18369.0,8977.0,17908.0,8911.0,100364.0,19329.0,9087.0,9117.0,116682.0,7833.0
2656,7608.0,9098.0,9234.0,18342.0,18641.0,99799.0,18853.0,18457.0,9184.0,98451.0,8461.0
2657,9019.0,18458.0,8712.0,17184.0,7734.0,86256.0,18905.0,18625.0,8826.0,116271.0,7711.0
2658,8474.0,18334.0,8275.0,8491.0,18979.0,99389.0,19166.0,18607.0,18364.0,105853.0,8752.0
2659,8880.0,18289.0,8912.0,19105.0,18406.0,100859.0,29271.0,18903.0,19021.0,108561.0,9078.0
2660,9130.0,18990.0,9134.0,18296.0,8518.0,100904.0,18252.0,18138.0,9481.0,99011.0,7572.0
2661,8905.0,19179.0,8825.0,18073.0,9036.0,92119.0,28386.0,9585.0,18796.0,107650.0,9063.0
2662,9116.0,8983.0,8044.0,29022.0,8972.0,109910.0,18881.0,18387.0,8345.0,96315.0,9422.0
2663,8766.0,18311.0,8800.0,18190.0,17392.0,98354.0,28172.0,18611.0,9134.0,98497.0,8744.0
2664,7578.0,18804.0,8877.0,18704.0,17408.0,100059.0,18507.0,19167.0,8332.0,117624.0,8593.0
2665,8401.0,18569.0,9484.0,18490.0,8859.0,101708.0,28270.0,17711.0,18254.0,87508.0,9182.0
2666,8577.0,9342.0,8877.0,19076.0,8826.0,100827.0,9275.0,18488.0,18189.0,99661.0,9427.0
2667,8736.0,18311.0,9093.0,18918.0,9185.0,101599.0,19578.0,19222.0,8364.0,95645.0,8950.0
2668,9320.0,18797.0,9408.0,18541.0,9476.0,102760.0,9728.0,17497.0,18152.0,86599.0,8251.0
2669,8954.0,18212.0,9101.0,17924.0,8800.0,100989.0,18834.0,8632.0,18345.0,88385.0,8813.0
2670,9223.0,18810.0,8156.0,18700.0,8949.0,99653.0,18779.0,18624.0,18236.0,88972.0,7598.0
2671,7693.0,9241.0,8339.0,17997.0,17811.0,78729.0,17483.0,7765.0,18117.0,115627.0,
2672,9120.0,18639.0,7871.0,18983.0,19090.0,109423.0,27813.0,19134.0,8498.0,99273.0,7821.0
2673,7363.0,18751.0,8476.0,7770.0,18434.0,98562.0,28239.0,9039.0,19210.0,97214.0,8269.0
2674,7924.0,19084.0,9024.0,18346.0,8235.0,88982.0,28515.0,8195.0,19265.0,117589.0,8131.0
2675,8164.0,17503.0,8002.0,18862.0,8989.0,98021.0,19408.0,8167.0,19619.0,108075.0,8433.0
2676,9152.0,19180.0,8169.0,19246.0,9326.0,92814.0,18557.0,18205.0,17408.0,98433.0,8143.0
2677,8078.0,17422.0,8936.0,17568.0,7771.0,96233.0,18783.0,18865.0,7779.0,106747.0,8509.0
2678,8825.0,18730.0,8758.0,18544.0,18607.0,100113.0,19003.0,19554.0,8693.0,86692.0,9038.0
2679,8705.0,17990.0,9051.0,8751.0,18427.0,100603.0,18968.0,18301.0,19258.0,98376.0,8898.0
2680,9254.0,18596.0,8808.0,18505.0,8528.0,100829.0,18458.0,19026.0,9237.0,78172.0,8415.0
2681,8956.0,18416.0,8334.0,17718.0,18037.0,97951.0,18997.0,18170.0,9121.0,66866.0,7372.0
2682,8429.0,8126.0,9711.0,28130.0,9129.0,90635.0,27445.0,19530.0,8908.0,59239.0,8277.0
2683,7432.0,9195.0,9008.0,18845.0,8721.0,89192.0,28193.0,9162.0,17251.0,97064.0,8059.0
2684,8322.0,27763.0,8670.0,18201.0,18281.0,107726.0,28418.0,8671.0,18290.0,57332.0,8992.0
2685,8119.0,18093.0,8947.0,18216.0,8502.0,97009.0,19404.0,19374.0,8860.0,68081.0,8876.0
2686,9115.0,18953.0,9135.0,8326.0,17849.0,90486.0,27553.0,7875.0,18653.0,47827.0,9451.0
2687,8844.0,17952.0,9134.0,18467.0,19145.0,100686.0,18616.0,9722.0,18076.0,67080.0,9021.0
2688,8201.0,18709.0,8644.0,17973.0,9225.0,100580.0,19927.0,19754.0,18560.0,78468.0,8368.0
2689,7629.0,18744.0,9168.0,18655.0,9230.0,101434.0,18880.0,17248.0,9051.0,76163.0,8242.0
2690,7176.0,18921.0,8976.0,18087.0,7938.0,107653.0,17200.0,17035.0,18741.0,77432.0,8344.0
2691,8917.0,18461.0,9256.0,8834.0,18556.0,101146.0,17961.0,17585.0,19355.0,68360.0,9259.0
2692,9396.0,19188.0,9094.0,18656.0,8417.0,102404.0,19022.0,18665.0,9124.0,76780.0,8129.0
2693,7965.0,28938.0,9414.0,18260.0,7908.0,109405.0,28294.0,18340.0,9747.0,77494.0,8292.0
2694,8734.0,18239.0,8710.0,17931.0,9298.0,100525.0,17987.0,19429.0,8381.0,67451.0,9028.0
2695,9084.0,18547.0,8765.0,18260.0,19310.0,100702.0,28175.0,9210.0,18234.0,47186.0,7836.0
2696,8614.0,8638.0,9177.0,18860.0,18001.0,98545.0,18482.0,19013.0,19469.0,39097.0,9195.0
2697,7180.0,8340.0,8164.0,18729.0,8784.0,86845.0,28942.0,9392.0,19203.0,67683.0,8521.0
2698,9272.0,17792.0,8411.0,7877.0,18416.0,89742.0,27978.0,18733.0,8674.0,38016.0,9227.0
2699,8719.0,18419.0,9241.0,18347.0,19002.0,100432.0,28189.0,7924.0,18931.0,37721.0,8738.0
2700,8665.0,8011.0,18226.0,8893.0,19055.0,90527.0,28238.0,8350.0,18360.0,56610.0,8721.0
2701,7319.0,18975.0,9478.0,18787.0,8933.0,90541.0,27148.0,8924.0,27660.0,70040.0,7685.0
2702,8800.0,19343.0,9434.0,8835.0,19416.0,102590.0,18495.0,18273.0,8890.0,58057.0,7669.0
2703,8765.0,18699.0,9107.0,18520.0,9387.0,102109.0,27967.0,19208.0,8349.0,57148.0,9123.0
2704,7906.0,9068.0,9083.0,28513.0,8773.0,90478.0,18531.0,18201.0,8368.0,88053.0,8156.0
2705,9177.0,18532.0,9046.0,17959.0,18005.0,109789.0,18612.0,18713.0,18454.0,68839.0,9383.0
2706,9628.0,19761.0,9092.0,18698.0,8735.0,93651.0,27851.0,19169.0,7856.0,47389.0,8424.0
2707,7785.0,18957.0,7992.0,19317.0,19134.0,101020.0,28422.0,18468.0,8114.0,18119.0,8931.0
2708,8766.0,8573.0,8710.0,18175.0,19174.0,91839.0,18137.0,18471.0,19197.0,7689.0,8935.0
2709,8494.0,18104.0,8700.0,18040.0,9215.0,99818.0,18240.0,8854.0,18992.0,18160.0,9203.0
2710,8887.0,18264.0,7992.0,19376.0,18880.0,101412.0,19088.0,18334.0,18387.0,27555.0,9018.0
2711,7372.0,19341.0,8507.0,19190.0,8611.0,99540.0,17886.0,17801.0,18802.0,37562.0,7856.0
2712,9131.0,17538.0,18835.0,18929.0,18201.0,119715.0,27370.0,17695.0,18513.0,47601.0,
2713,8937.0,18139.0,9163.0,18790.0,8338.0,98419.0,27991.0,18526.0,18224.0,67754.0,8999.0
2714,8321.0,19330.0,8479.0,17894.0,17861.0,117640.0,28194.0,9708.0,19092.0,48605.0,8566.0
2715,7462.0,19162.0,8160.0,18821.0,19209.0,100151.0,28772.0,9575.0,19093.0,67626.0,8036.0
2716,9243.0,9043.0,8661.0,9872.0,18222.0,90554.0,17564.0,18824.0,18697.0,77237.0,8505.0
2717,8474.0,17945.0,9333.0,9075.0,18294.0,89534.0,18611.0,18208.0,18312.0,67921.0,8491.0
2718,8479.0,8013.0,8348.0,17944.0,18652.0,87785.0,18275.0,18468.0,19109.0,76465.0,8566.0
2719,17986.0,9936.0,8667.0,17982.0,9122.0,100364.0,18711.0,8180.0,19543.0,77551.0,8914.0
2720,8134.0,17796.0,9118.0,18476.0,8596.0,88400.0,28112.0,9189.0,19603.0,78447.0,8498.0
2721,9145.0,18747.0,9582.0,19096.0,9265.0,91956.0,28293.0,18556.0,9353.0,127300.0,7526.0
2722,7770.0,19356.0,8862.0,18969.0,18766.0,100512.0,19013.0,18938.0,8064.0,98122.0,8125.0
2723,7993.0,18836.0,9186.0,18613.0,19343.0,100715.0,18953.0,18722.0,7406.0,107189.0,8027.0
2724,9028.0,18720.0,8761.0,18055.0,18817.0,99759.0,18851.0,19653.0,8505.0,96098.0,7546.0
2725,7908.0,17387.0,7783.0,18420.0,8590.0,87729.0,19382.0,18634.0,8915.0,9008.0,8255.0
2726,8428.0,8654.0,7911.0,28664.0,18248.0,99888.0,29199.0,18330.0,9432.0,8058.0,8888.0
2727,8892.0,18125.0,8879.0,17826.0,9001.0,98876.0,19162.0,19145.0,9540.0,27663.0,7566.0
2728,8920.0,8896.0,8461.0,18353.0,18733.0,89405.0,19128.0,19037.0,19396.0,18758.0,7136.0
2729,8998.0,18506.0,8754.0,18410.0,18260.0,100812.0,17944.0,17368.0,7961.0,18507.0,8849.0
2730,8593.0,18538.0,8988.0,18550.0,17659.0,97620.0,28657.0,7883.0,18745.0,9113.0,7792.0
2731,8248.0,17808.0,9199.0,18539.0,18774.0,100143.0,17981.0,9014.0,17919.0,9186.0,8395.0
2732,8201.0,8159.0,9507.0,18417.0,17158.0,88382.0,18897.0,17805.0,18174.0,8691.0,8675.0
2733,8638.0,17327.0,7927.0,19107.0,8103.0,98618.0,19224.0,19283.0,18059.0,8575.0,8673.0
2734,8678.0,8669.0,8074.0,19162.0,19120.0,91411.0,18814.0,18049.0,9461.0,9228.0,9323.0
2735,8858.0,8994.0,9577.0,8506.0,18089.0,88386.0,28645.0,9743.0,18897.0,8948.0,7815.0
2736,8805.0,18357.0,9041.0,18449.0,8290.0,99848.0,17155.0,18971.0,18969.0,9156.0,8910.0
2737,9010.0,18597.0,9054.0,18314.0,8003.0,98923.0,18529.0,8271.0,18713.0,7325.0,7319.0
2738,8653.0,8135.0,7939.0,18632.0,18392.0,89386.0,27292.0,18989.0,8990.0,18540.0,8713.0
2739,9100.0,18714.0,8952.0,8965.0,18637.0,90485.0,27371.0,7839.0,17594.0,17020.0,7934.0
2740,8340.0,17896.0,8569.0,18147.0,8833.0,98508.0,18045.0,7999.0,17764.0,9065.0,8657.0
2741,9204.0,18170.0,7512.0,8874.0,18071.0,88061.0,28626.0,8723.0,18180.0,18557.0,7675.0
2742,7825.0,18942.0,8581.0,18099.0,8029.0,88484.0,18844.0,27380.0,9148.0,38757.0,8503.0
2743,7226.0,18658.0,9102.0,18152.0,8977.0,108175.0,27900.0,8410.0,17944.0,48462.0,8427.0
2744,9099.0,18592.0,8026.0,18880.0,9158.0,101270.0,18582.0,19423.0,8646.0,37582.0,8405.0
2745,9084.0,18577.0,7792.0,16948.0,18924.0,118289.0,37605.0,17662.0,19132.0,57930.0,7795.0
2746,18046.0,9788.0,8687.0,28025.0,9298.0,111139.0,28520.0,9214.0,18452.0,58005.0,8454.0
2747,8539.0,17686.0,7754.0,17740.0,17829.0,96278.0,28213.0,8263.0,19372.0,18776.0,9043.0
2748,8636.0,8497.0,7971.0,28500.0,8683.0,89407.0,27890.0,18671.0,18109.0,29083.0,8667.0
2749,8511.0,18004.0,8025.0,18195.0,8141.0,97144.0,17986.0,17699.0,8511.0,28824.0,8536.0
2750,8200.0,17665.0,8861.0,18538.0,18105.0,98814.0,19014.0,18421.0,18373.0,26720.0,8416.0
2751,8647.0,17629.0,8758.0,18420.0,9119.0,89968.0,27860.0,19524.0,9578.0,27771.0,8594.0
2752,7551.0,16924.0,9204.0,18986.0,9174.0,99618.0,18817.0,18794.0,8017.0,49369.0,8931.0
2753,8520.0,17934.0,9255.0,17663.0,19096.0,89939.0,19331.0,19738.0,18736.0,18924.0,
2754,8462.0,8360.0,8314.0,27224.0,17866.0,97310.0,17688.0,18052.0,8772.0,37861.0,8618.0
2755,9125.0,18916.0,8257.0,18626.0,8005.0,98958.0,19024.0,19605.0,8100.0,106360.0,7710.0
2756,8872.0,8654.0,9326.0,18772.0,17590.0,98947.0,18976.0,28565.0,9142.0,87649.0,7363.0
2757,7856.0,18583.0,8976.0,17320.0,8783.0,87601.0,18679.0,17623.0,17186.0,95316.0,7942.0
2758,9097.0,18275.0,8439.0,18201.0,8364.0,98361.0,17985.0,17821.0,7970.0,98810.0,8063.0
2759,8906.0,8690.0,8946.0,27954.0,9434.0,91220.0,28576.0,8475.0,18132.0,95336.0,8976.0
2760,7331.0,18951.0,8190.0,18760.0,9145.0,89489.0,19792.0,28839.0,8426.0,96402.0,8008.0
2761,9309.0,18621.0,9112.0,8629.0,19347.0,91841.0,19133.0,18942.0,9235.0,106106.0,7160.0
2762,9036.0,18536.0,9273.0,18275.0,18698.0,100779.0,18254.0,19096.0,18821.0,97529.0,8155.0
2763,9031.0,17978.0,8185.0,17091.0,7935.0,95789.0,18852.0,18538.0,8330.0,117189.0,9076.0
2764,7867.0,7299.0,8356.0,17854.0,18970.0,87551.0,18851.0,18589.0,18372.0,125697.0,8396.0
2765,8677.0,17936.0,8195.0,17822.0,18340.0,107846.0,19159.0,18761.0,18460.0,107290.0,8627.0
2766,7470.0,18740.0,8151.0,19518.0,17699.0,108315.0,18254.0,18164.0,8555.0,105440.0,8194.0
2767,8714.0,18145.0,8712.0,17845.0,17770.0,97656.0,18069.0,19072.0,18637.0,125475.0,7521.0
2768,8733.0,8178.0,18125.0,19644.0,8629.0,90311.0,28124.0,18963.0,9357.0,126332.0,9093.0
2769,8948.0,17744.0,8477.0,18607.0,9229.0,101441.0,18766.0,18916.0,9641.0,115243.0,9220.0
2770,8644.0,17840.0,9482.0,18964.0,9265.0,91408.0,17784.0,18932.0,8418.0,124941.0,8710.0
2771,8031.0,8208.0,18169.0,18027.0,9155.0,88234.0,28210.0,18785.0,10051.0,115747.0,8266.0
2772,7881.0,17292.0,8859.0,18698.0,8463.0,88084.0,27646.0,18601.0,18066.0,136587.0,8244.0
2773,8695.0,8383.0,8082.0,18843.0,9202.0,81174.0,19013.0,17558.0,8962.0,136150.0,8914.0
2774,8268.0,18102.0,8267.0,17554.0,8170.0,87234.0,27801.0,9309.0,8399.0,136406.0,8532.0
2775,8982.0,18121.0,8776.0,8118.0,17948.0,88105.0,27484.0,9290.0,18383.0,122941.0,7226.0
2776,9124.0,19008.0,9222.0,8720.0,18303.0,91026.0,27312.0,8427.0,17797.0,106530.0,8591.0
2777,8695.0,18331.0,7335.0,17622.0,8149.0,87322.0,18791.0,18450.0,8151.0,143989.0,9082.0
2778,8965.0,18068.0,8640.0,8023.0,18229.0,87687.0,18427.0,18316.0,8098.0,137143.0,7748.0
2779,8937.0,18302.0,9141.0,18566.0,8824.0,98088.0,19311.0,8245.0,17919.0,116413.0,6720.0
2780,7641.0,19099.0,8603.0,17876.0,9471.0,89094.0,17697.0,17612.0,8385.0,134640.0,8203.0
2781,8488.0,18045.0,8662.0,17876.0,8162.0,98642.0,19181.0,17548.0,8556.0,123961.0,8518.0
2782,9098.0,18797.0,8955.0,18642.0,9269.0,111818.0,18927.0,18704.0,18701.0,134613.0,9788.0
2783,7621.0,19327.0,9617.0,18589.0,8771.0,90715.0,27869.0,9234.0,18553.0,125838.0,7886.0
2784,8598.0,18177.0,8783.0,18708.0,8696.0,100110.0,27737.0,9281.0,17720.0,115457.0,8756.0
2785,7751.0,19127.0,9399.0,19286.0,8856.0,92034.0,17967.0,18277.0,18726.0,173530.0,8190.0
2786,8260.0,18019.0,8285.0,17856.0,18312.0,108121.0,19417.0,18190.0,18216.0,186190.0,8325.0
2787,17686.0,9650.0,9313.0,18067.0,18843.0,99713.0,28371.0,8624.0,18163.0,146695.0,7843.0
2788,7469.0,8945.0,8851.0,18183.0,9343.0,89111.0,28072.0,8686.0,17346.0,136264.0,8850.0
2789,8588.0,18043.0,8666.0,18480.0,7965.0,98998.0,17344.0,8331.0,19236.0,143918.0,9141.0
2790,8902.0,17956.0,7754.0,18559.0,8737.0,98787.0,19017.0,8229.0,18542.0,137597.0,8223.0
2791,8829.0,8419.0,9248.0,18563.0,9052.0,100424.0,19252.0,17543.0,18198.0,173817.0,9762.0
2792,7896.0,18987.0,9408.0,19112.0,18614.0,110930.0,26859.0,18362.0,18605.0,187465.0,8554.0
2793,7974.0,18193.0,8445.0,18008.0,19273.0,108543.0,19179.0,8076.0,19310.0,135950.0,8238.0
2794,8937.0,18493.0,9299.0,18651.0,9183.0,93288.0,18416.0,18795.0,8816.0,9023.0,
2795,8112.0,17279.0,9465.0,18294.0,8444.0,97121.0,18427.0,18120.0,9577.0,8556.0,8571.0
2796,9125.0,9078.0,9551.0,18824.0,7975.0,90730.0,28310.0,18298.0,9049.0,17853.0,7807.0
2797,7678.0,8900.0,8517.0,17949.0,18066.0,86737.0,26864.0,8798.0,18698.0,8421.0,7744.0
2798,8002.0,7385.0,8465.0,9100.0,9882.0,95126.0,27920.0,18335.0,8589.0,9040.0,8257.0
2799,8391.0,17474.0,8149.0,18222.0,8851.0,88215.0,27945.0,9105.0,17488.0,28215.0,8799.0
2800,8303.0,17684.0,8445.0,17607.0,9117.0,106942.0,17630.0,18794.0,8697.0,27291.0,8373.0
2801,7528.0,18690.0,9884.0,8901.0,18517.0,90814.0,18313.0,17849.0,18961.0,8730.0,8174.0
2802,9065.0,19027.0,9233.0,18568.0,17893.0,108610.0,18332.0,8749.0,19161.0,18037.0,7606.0
2803,8692.0,18595.0,8795.0,18814.0,8382.0,99852.0,19488.0,8723.0,18393.0,28731.0,7497.0
2804,8175.0,18125.0,8352.0,18034.0,17781.0,107931.0,19372.0,18825.0,7404.0,18631.0,8910.0
2805,9541.0,19340.0,8550.0,17912.0,7995.0,109500.0,28761.0,18982.0,8728.0,18648.0,18267.0
2806,7913.0,19006.0,8879.0,18732.0,8456.0,100946.0,27586.0,18897.0,17944.0,9004.0,8621.0
2807,8891.0,8602.0,18194.0,18971.0,9070.0,101851.0,18900.0,17823.0,9959.0,8646.0,8913.0
2808,8771.0,8287.0,8925.0,18514.0,17703.0,99222.0,19250.0,9608.0,18531.0,9328.0,8911.0
2809,8409.0,18604.0,9530.0,8118.0,19323.0,90400.0,18255.0,19411.0,8784.0,8755.0,7996.0
2810,8814.0,18785.0,9345.0,18603.0,9010.0,101922.0,19479.0,18567.0,17945.0,8221.0,9221.0
2811,10143.0,9787.0,8688.0,18288.0,9427.0,102229.0,18528.0,9141.0,18917.0,8843.0,8286.0
2812,8881.0,8720.0,8976.0,18095.0,19384.0,92211.0,17992.0,28663.0,8163.0,18791.0,8985.0
2813,8609.0,19129.0,8416.0,17997.0,7258.0,98986.0,19411.0,18644.0,8611.0,19428.0,8576.0
2814,9289.0,9403.0,9638.0,19241.0,18708.0,94094.0,19161.0,19295.0,18893.0,8690.0,8167.0
2815,9218.0,18972.0,9197.0,18389.0,18867.0,102174.0,29031.0,9118.0,18983.0,8079.0,8159.0
2816,8654.0,18921.0,8863.0,18012.0,9351.0,90622.0,18576.0,18474.0,9040.0,8118.0,8694.0
2817,8430.0,17962.0,8187.0,19219.0,8933.0,89580.0,28048.0,19208.0,7937.0,18376.0,7371.0
2818,8170.0,17893.0,9313.0,18382.0,8542.0,89640.0,28786.0,7595.0,18769.0,7452.0,8220.0
2819,8595.0,18138.0,9514.0,18903.0,8319.0,100319.0,18260.0,8858.0,19083.0,9417.0,9005.0
2820,8479.0,19536.0,8935.0,18478.0,9254.0,91778.0,27944.0,8132.0,17820.0,38711.0,8433.0
2821,8360.0,8492.0,9337.0,18120.0,18058.0,90598.0,28392.0,18608.0,18373.0,38886.0,8983.0
2822,8166.0,18026.0,8753.0,18136.0,9320.0,99717.0,28255.0,18081.0,8701.0,27643.0,8586.0
2823,8662.0,18313.0,9229.0,18687.0,8242.0,100837.0,18311.0,18914.0,9247.0,28683.0,8906.0
2824,8023.0,18478.0,8432.0,16888.0,19096.0,98581.0,19217.0,18952.0,19098.0,27918.0,8861.0
2825,7857.0,17275.0,9232.0,28352.0,18476.0,107739.0,17841.0,18816.0,9064.0,18022.0,8243.0
2826,9231.0,8579.0,8766.0,17981.0,18754.0,89243.0,18844.0,18812.0,17969.0,9099.0,7558.0
2827,8368.0,18528.0,9166.0,18310.0,18728.0,99189.0,18208.0,18708.0,8350.0,18969.0,7691.0
2828,8608.0,18326.0,8147.0,17973.0,8639.0,89932.0,17732.0,18986.0,8879.0,18887.0,8738.0
2829,7836.0,18823.0,8778.0,18508.0,9228.0,89001.0,19384.0,18433.0,8258.0,18752.0,8053.0
2830,9011.0,19031.0,8092.0,18798.0,8047.0,98733.0,17144.0,19160.0,19089.0,28716.0,7413.0
2831,9320.0,19153.0,8935.0,18412.0,9274.0,101664.0,18055.0,17086.0,18844.0,18528.0,8107.0
2832,8570.0,28176.0,8929.0,18145.0,18214.0,119325.0,28917.0,19150.0,8940.0,28599.0,8888.0
2833,7641.0,18922.0,7270.0,18098.0,9548.0,98388.0,8834.0,19042.0,18042.0,9343.0,8104.0
2834,8261.0,8515.0,18415.0,9024.0,17747.0,81125.0,18782.0,19128.0,9324.0,28118.0,
2835,9121.0,8974.0,8159.0,17278.0,17781.0,97733.0,28360.0,18545.0,9505.0,85806.0,9679.0
2836,8378.0,17965.0,8411.0,18042.0,9193.0,98659.0,17483.0,7941.0,18384.0,96685.0,8473.0
2837,9244.0,19226.0,8650.0,18398.0,9174.0,90900.0,29089.0,8659.0,18893.0,87208.0,8052.0
2838,8066.0,7923.0,8333.0,18236.0,19297.0,89991.0,18619.0,18817.0,18318.0,67958.0,8756.0
2839,9518.0,18111.0,9285.0,18411.0,8610.0,99254.0,18951.0,18301.0,17831.0,118504.0,7747.0
2840,9364.0,9004.0,18367.0,9908.0,19656.0,94885.0,19747.0,18275.0,17760.0,79798.0,9182.0
2841,18111.0,9866.0,9234.0,18436.0,8126.0,101719.0,9309.0,18341.0,18547.0,57493.0,8893.0
2842,8453.0,17582.0,8230.0,18119.0,8948.0,99555.0,19288.0,18336.0,10051.0,47863.0,8641.0
2843,8306.0,8362.0,18353.0,9104.0,19088.0,90677.0,29528.0,9743.0,18162.0,38606.0,8634.0
2844,8077.0,17615.0,8774.0,18215.0,19614.0,99129.0,17920.0,18426.0,8573.0,29026.0,8307.0
2845,8562.0,19267.0,8720.0,17926.0,9211.0,101463.0,19013.0,18885.0,8910.0,19172.0,8917.0
2846,8531.0,17995.0,9351.0,18266.0,8208.0,89442.0,19415.0,17794.0,9067.0,19074.0,8650.0
2847,8739.0,18345.0,7885.0,19154.0,9501.0,111348.0,19025.0,8697.0,18039.0,8512.0,8921.0
2848,9275.0,8764.0,8392.0,18701.0,9067.0,90634.0,28390.0,7574.0,19704.0,8110.0,9717.0
2849,8590.0,18001.0,8407.0,17967.0,19254.0,100721.0,18642.0,19286.0,18401.0,9510.0,9262.0
2850,9503.0,18978.0,9624.0,18340.0,8305.0,92197.0,28414.0,9078.0,18586.0,8761.0,7826.0
2851,9130.0,18709.0,9661.0,9440.0,18842.0,101916.0,18926.0,7755.0,18857.0,9390.0,7589.0
2852,8989.0,18459.0,7397.0,18782.0,18530.0,109356.0,17984.0,28590.0,8100.0,8020.0,9182.0
2853,9175.0,18440.0,9644.0,18464.0,19020.0,102349.0,18498.0,17987.0,9007.0,8280.0,7612.0
2854,8817.0,8374.0,18114.0,9992.0,17882.0,100321.0,28861.0,17825.0,9575.0,8273.0,9422.0
2855,8902.0,27478.0,8419.0,19092.0,7954.0,109013.0,18366.0,18948.0,8451.0,17887.0,8535.0
2856,8949.0,28295.0,7919.0,18888.0,8878.0,119581.0,28715.0,8738.0,9912.0,18940.0,7558.0
2857,8495.0,18144.0,8704.0,19110.0,8821.0,90284.0,19344.0,18716.0,18469.0,8292.0,8986.0
2858,8431.0,18377.0,9440.0,18739.0,18954.0,101684.0,18805.0,8301.0,18026.0,9365.0,8908.0
2859,9160.0,19179.0,9144.0,9031.0,18221.0,91984.0,28383.0,9210.0,18435.0,9426.0,8258.0
2860,9524.0,19082.0,9468.0,18685.0,18902.0,102173.0,18564.0,18203.0,18948.0,9276.0,7880.0
2861,9860.0,8543.0,9263.0,18722.0,19198.0,103816.0,18394.0,17928.0,19389.0,8466.0,19101.0
2862,8881.0,18847.0,9127.0,18316.0,7921.0,100710.0,18594.0,18304.0,8930.0,9088.0,8741.0
2863,7489.0,18822.0,8558.0,17928.0,9020.0,108067.0,19515.0,18772.0,18265.0,8005.0,7931.0
2864,8386.0,9319.0,17819.0,19084.0,9438.0,91549.0,29299.0,9740.0,18213.0,9138.0,8837.0
2865,8206.0,8186.0,8387.0,18215.0,7537.0,88495.0,18228.0,19495.0,7543.0,18697.0,8728.0
2866,8589.0,18038.0,8087.0,19093.0,8472.0,89583.0,28578.0,18821.0,9667.0,28952.0,8750.0
2867,9376.0,19328.0,7728.0,19108.0,7940.0,100603.0,18906.0,19084.0,9447.0,29249.0,7726.0
2868,8338.0,17846.0,9996.0,9237.0,17900.0,80893.0,18261.0,17862.0,8441.0,18758.0,8317.0
2869,8647.0,8776.0,8076.0,18949.0,18172.0,89871.0,18819.0,19618.0,19027.0,19229.0,8814.0
2870,8657.0,18076.0,8363.0,17798.0,9894.0,89765.0,18791.0,18859.0,19158.0,28859.0,8492.0
2871,8982.0,18533.0,8576.0,8474.0,18566.0,108863.0,17712.0,18464.0,18731.0,19222.0,7586.0
2872,8978.0,18812.0,9843.0,18914.0,19677.0,104226.0,18911.0,18416.0,18402.0,19167.0,9528.0
2873,8835.0,18604.0,9462.0,8900.0,17700.0,91456.0,19446.0,17884.0,18567.0,29488.0,9114.0
2874,8616.0,18580.0,9340.0,8859.0,19567.0,83343.0,27493.0,8375.0,17127.0,19139.0,
2875,8709.0,18498.0,8890.0,18189.0,9365.0,101808.0,19103.0,9290.0,18919.0,8514.0,8700.0
2876,8487.0,18202.0,9208.0,18157.0,8008.0,99567.0,28745.0,8968.0,18432.0,10117.0,9143.0
2877,7508.0,19193.0,9272.0,18656.0,19261.0,111626.0,19661.0,8309.0,18242.0,9143.0,8229.0
2878,9282.0,19215.0,8667.0,8108.0,18674.0,91547.0,27311.0,18507.0,19461.0,8243.0,7997.0
2879,8338.0,18204.0,9357.0,18636.0,19652.0,112292.0,8892.0,18136.0,19193.0,9427.0,8794.0
2880,8368.0,17899.0,8004.0,17234.0,18039.0,95971.0,18968.0,19514.0,7707.0,19317.0,8501.0
2881,8218.0,8465.0,9093.0,18406.0,18495.0,90815.0,18274.0,18195.0,8971.0,19047.0,8689.0
2882,7581.0,19470.0,9707.0,18774.0,18377.0,101240.0,18536.0,19560.0,19087.0,8430.0,8159.0
2883,7996.0,8198.0,8463.0,17956.0,18592.0,88781.0,17612.0,19126.0,19000.0,8978.0,8570.0
2884,8895.0,18414.0,8322.0,19255.0,9369.0,100831.0,9168.0,18570.0,17868.0,18804.0,8813.0
2885,7969.0,18524.0,7372.0,18508.0,17548.0,96390.0,18841.0,18963.0,9386.0,18390.0,8109.0
2886,8692.0,18170.0,8523.0,17076.0,17401.0,96462.0,19280.0,18032.0,19406.0,9079.0,8976.0
2887,8891.0,18849.0,9252.0,18725.0,18710.0,111454.0,19344.0,18375.0,8164.0,8278.0,9100.0
2888,8778.0,18153.0,9247.0,18680.0,8078.0,100197.0,18907.0,8757.0,9750.0,18183.0,8937.0
2889,8808.0,18527.0,8229.0,19308.0,8458.0,98478.0,27556.0,9093.0,18079.0,18596.0,7254.0
2890,9214.0,8755.0,8399.0,19696.0,19840.0,115781.0,19370.0,19565.0,19491.0,18662.0,9186.0
2891,9411.0,19160.0,9485.0,18611.0,7969.0,101692.0,18887.0,19001.0,7437.0,29977.0,9184.0
2892,10141.0,19865.0,8832.0,8319.0,18178.0,100711.0,28507.0,9237.0,18508.0,58762.0,8482.0
2893,9925.0,19709.0,9440.0,18702.0,9211.0,111659.0,18425.0,18438.0,8942.0,59802.0,7986.0
2894,9202.0,18555.0,9118.0,18869.0,9200.0,112171.0,18624.0,19129.0,18784.0,99173.0,9735.0
2895,8147.0,8197.0,8609.0,28239.0,8408.0,99831.0,28371.0,17614.0,7334.0,59596.0,8780.0
2896,8993.0,8943.0,8645.0,18075.0,18844.0,101166.0,19137.0,9328.0,19597.0,48635.0,9081.0
2897,8785.0,8526.0,8505.0,17936.0,18227.0,89786.0,28159.0,9058.0,18517.0,38548.0,9242.0
2898,7845.0,19253.0,9206.0,18916.0,8028.0,100901.0,19163.0,18736.0,9104.0,39379.0,8373.0
2899,8206.0,18024.0,8854.0,18420.0,9285.0,89937.0,19153.0,18419.0,18446.0,28203.0,8300.0
2900,9318.0,19804.0,7812.0,18441.0,8311.0,101011.0,19263.0,19109.0,18126.0,27853.0,8061.0
2901,9650.0,9310.0,7866.0,19024.0,9545.0,103869.0,18593.0,18856.0,19090.0,18844.0,18661.0
2902,9988.0,19200.0,9051.0,18342.0,19483.0,121261.0,38056.0,19230.0,19388.0,18124.0,7003.0
2903,8945.0,18289.0,8782.0,8541.0,19418.0,89731.0,27807.0,8690.0,18819.0,8888.0,7469.0
2904,8084.0,17238.0,9512.0,19003.0,8561.0,100030.0,18599.0,17654.0,9945.0,18615.0,8279.0
2905,9579.0,9168.0,8556.0,17969.0,19459.0,102848.0,29064.0,19302.0,9230.0,27654.0,18400.0
2906,8504.0,8174.0,8345.0,18085.0,18957.0,97992.0,28188.0,17634.0,8238.0,38290.0,8549.0
2907,8869.0,18706.0,9553.0,18661.0,18833.0,101899.0,18196.0,19051.0,8675.0,18174.0,9178.0
2908,8538.0,18280.0,9332.0,19022.0,9174.0,102007.0,28484.0,9551.0,18551.0,29096.0,8852.0
2909,8400.0,18337.0,9495.0,18774.0,18585.0,102253.0,28347.0,18278.0,8962.0,29458.0,8813.0
2910,9851.0,9165.0,8616.0,18330.0,18014.0,102100.0,29116.0,8370.0,19313.0,29484.0,18727.0
2911,9265.0,18929.0,8754.0,18488.0,9142.0,93607.0,18429.0,18634.0,17110.0,28574.0,9440.0
2912,8089.0,18216.0,7958.0,19080.0,18538.0,99811.0,19034.0,18922.0,7412.0,28868.0,8570.0
2913,9896.0,9620.0,7950.0,18789.0,8033.0,91536.0,27249.0,19229.0,8847.0,18303.0,17926.0
2914,18422.0,18595.0,8643.0,18251.0,19672.0,110903.0,19022.0,18945.0,18105.0,8480.0,7983.0
2915,9384.0,8381.0,8239.0,19138.0,19237.0,83345.0,27636.0,9172.0,18805.0,97107.0,
2916,8896.0,28058.0,9278.0,18163.0,18342.0,117571.0,19116.0,18529.0,19193.0,58541.0,7202.0
2917,8040.0,27841.0,8642.0,17241.0,18643.0,119174.0,28538.0,17604.0,19112.0,28167.0,8864.0
2918,8042.0,18863.0,8813.0,7915.0,18331.0,89882.0,18438.0,19080.0,9122.0,18725.0,8734.0
2919,8675.0,8693.0,9265.0,18768.0,17682.0,101107.0,19390.0,9038.0,18046.0,8963.0,9106.0
2920,8183.0,19700.0,9182.0,18501.0,17535.0,109945.0,18040.0,18179.0,8076.0,18269.0,8240.0
2921,9527.0,8667.0,9205.0,18579.0,18734.0,111673.0,18483.0,9067.0,18182.0,8537.0,17961.0
2922,8532.0,8611.0,8105.0,19297.0,8594.0,91233.0,19104.0,17240.0,9170.0,9228.0,9603.0
2923,8932.0,8598.0,17982.0,19136.0,8290.0,100507.0,18827.0,18895.0,17641.0,9173.0,9206.0
2924,9338.0,8310.0,9492.0,18797.0,9363.0,101521.0,28328.0,18565.0,9037.0,18160.0,9331.0
2925,8135.0,19463.0,8863.0,18193.0,18877.0,100537.0,18818.0,17906.0,8955.0,29548.0,8428.0
2926,8708.0,8386.0,7725.0,19114.0,8486.0,89739.0,18438.0,18535.0,9496.0,29024.0,8697.0
2927,9477.0,19042.0,8139.0,17387.0,18659.0,98795.0,28457.0,7961.0,17633.0,27134.0,7506.0
2928,8346.0,17868.0,8690.0,17819.0,8957.0,87588.0,18142.0,18173.0,18670.0,47091.0,8345.0
2929,8368.0,18067.0,9023.0,19013.0,8904.0,91186.0,28855.0,8622.0,17777.0,48024.0,8556.0
2930,8178.0,17972.0,9049.0,18057.0,9496.0,100124.0,19005.0,8400.0,18095.0,57857.0,8422.0
2931,7640.0,18896.0,8830.0,18633.0,17548.0,98029.0,17545.0,18094.0,9318.0,78720.0,8550.0
2932,8773.0,8350.0,9097.0,18763.0,18088.0,91636.0,28432.0,8287.0,18245.0,87781.0,9073.0
2933,8435.0,18138.0,7993.0,18882.0,19001.0,110678.0,19233.0,18852.0,8626.0,87555.0,8766.0
2934,7586.0,19186.0,8008.0,19172.0,9043.0,100721.0,17901.0,19425.0,18965.0,78320.0,8161.0
2935,7940.0,19211.0,7853.0,19365.0,8192.0,99988.0,19147.0,19166.0,8239.0,68267.0,8125.0
2936,8681.0,28340.0,8910.0,18667.0,9231.0,99546.0,17731.0,18934.0,18963.0,58002.0,7707.0
2937,7934.0,17100.0,9200.0,18585.0,8450.0,98666.0,19282.0,18496.0,9253.0,67964.0,8551.0
2938,8780.0,29642.0,8995.0,17839.0,19376.0,122829.0,27640.0,18782.0,18252.0,58135.0,8805.0
2939,8729.0,18274.0,8537.0,18089.0,9469.0,100297.0,28240.0,18098.0,18277.0,67596.0,9239.0
2940,8545.0,18458.0,9577.0,18973.0,9400.0,92519.0,29034.0,8451.0,18491.0,107511.0,8065.0
2941,9086.0,19016.0,8646.0,18029.0,19368.0,121680.0,19381.0,17231.0,19248.0,166442.0,7819.0
2942,8627.0,8870.0,9558.0,18696.0,8671.0,92780.0,18759.0,19131.0,7726.0,119439.0,9232.0
2943,8513.0,18156.0,9250.0,18497.0,9073.0,101788.0,28652.0,9362.0,18825.0,128593.0,9182.0
2944,9156.0,8870.0,9604.0,18896.0,9363.0,92738.0,17435.0,17865.0,19412.0,68773.0,18141.0
2945,7828.0,18236.0,8547.0,18102.0,9313.0,98692.0,19622.0,9419.0,18258.0,70809.0,8500.0
2946,7613.0,19428.0,9055.0,18481.0,7654.0,99113.0,28821.0,17684.0,9555.0,57673.0,8092.0
2947,9295.0,8660.0,8570.0,18271.0,9165.0,100909.0,29949.0,9506.0,18800.0,57115.0,18163.0
2948,9575.0,18725.0,9418.0,17994.0,9301.0,102438.0,18733.0,9291.0,19298.0,127187.0,8258.0
2949,8845.0,19310.0,9719.0,18380.0,8483.0,101988.0,19907.0,9296.0,18505.0,49701.0,8788.0
2950,7492.0,19462.0,8637.0,18231.0,8314.0,97952.0,18874.0,19648.0,9738.0,98764.0,7843.0
2951,9181.0,19376.0,8147.0,19506.0,9141.0,102235.0,29098.0,8648.0,18614.0,98514.0,8679.0
2952,7964.0,16960.0,9673.0,19240.0,9320.0,100080.0,18197.0,8128.0,18303.0,95800.0,8149.0
2953,8451.0,8164.0,9652.0,18468.0,18207.0,89421.0,17918.0,18498.0,7720.0,107246.0,8539.0
2954,9199.0,18968.0,8821.0,18306.0,9186.0,90435.0,28227.0,20095.0,9144.0,68766.0,7383.0
2955,8541.0,18350.0,8208.0,16936.0,8703.0,89868.0,19702.0,18803.0,9075.0,58590.0,9054.0
2956,18286.0,9325.0,8853.0,18525.0,18162.0,92587.0,19082.0,17888.0,8158.0,38000.0,
2957,9166.0,18520.0,8138.0,17441.0,7942.0,88094.0,28624.0,19565.0,9676.0,108001.0,7374.0
2958,9113.0,18580.0,8893.0,18340.0,9285.0,100497.0,19688.0,19074.0,9123.0,58038.0,7409.0
2959,8743.0,18634.0,8937.0,8178.0,19090.0,92344.0,28961.0,8049.0,18387.0,68154.0,9331.0
2960,8897.0,19061.0,9012.0,18581.0,8406.0,90754.0,28819.0,9150.0,18058.0,89085.0,9119.0
2961,8684.0,17868.0,8934.0,19120.0,8370.0,99893.0,17147.0,7381.0,18932.0,87519.0,8681.0
2962,8787.0,18409.0,8509.0,19234.0,8917.0,102234.0,18178.0,18343.0,18563.0,116346.0,8778.0
2963,8611.0,18162.0,8044.0,18541.0,18779.0,99771.0,28933.0,18110.0,9764.0,117751.0,8867.0
2964,9037.0,18616.0,9045.0,18299.0,7649.0,90921.0,28245.0,9790.0,18652.0,157811.0,9066.0
2965,9793.0,9532.0,8097.0,19411.0,19056.0,102934.0,17995.0,18801.0,18524.0,165385.0,18271.0
2966,8815.0,17952.0,8926.0,8440.0,18879.0,91557.0,18391.0,9443.0,19005.0,164299.0,8891.0
2967,9247.0,9014.0,18203.0,8733.0,18061.0,100054.0,18631.0,9413.0,19287.0,177480.0,7626.0
2968,8049.0,17518.0,9305.0,18919.0,8966.0,100657.0,19832.0,18968.0,8229.0,164798.0,8634.0
2969,8498.0,18719.0,8145.0,19256.0,8063.0,91594.0,17478.0,18523.0,19311.0,176607.0,9273.0
2970,8786.0,18233.0,9388.0,18594.0,18503.0,100667.0,18468.0,18069.0,8280.0,195519.0,8758.0
2971,8453.0,18646.0,8815.0,18755.0,8788.0,90100.0,18891.0,18749.0,7946.0,196847.0,8699.0
2972,8487.0,18311.0,9080.0,18347.0,8025.0,99040.0,18977.0,8544.0,19142.0,214650.0,8350.0
2973,9243.0,18700.0,8529.0,18143.0,8335.0,98966.0,17970.0,18051.0,9134.0,224541.0,7650.0
2974,8290.0,8204.0,9451.0,19086.0,19827.0,101888.0,17440.0,18002.0,8376.0,174873.0,9004.0
2975,8776.0,18518.0,9057.0,18813.0,18891.0,101442.0,18562.0,18230.0,18856.0,194377.0,8756.0
2976,9507.0,18879.0,9056.0,18518.0,7714.0,100201.0,19028.0,19125.0,8722.0,205424.0,8040.0
2977,8623.0,8459.0,7803.0,18987.0,9258.0,79913.0,18501.0,17708.0,18994.0,194717.0,8968.0
2978,9070.0,18237.0,8425.0,18346.0,18808.0,101224.0,29366.0,8413.0,19461.0,217568.0,8645.0
2979,8799.0,18478.0,8652.0,18269.0,8651.0,99631.0,18409.0,16859.0,9202.0,236867.0,8809.0
2980,8332.0,9079.0,9046.0,17985.0,19130.0,91627.0,18992.0,17487.0,18742.0,192972.0,9051.0
2981,8338.0,18069.0,8805.0,17934.0,9212.0,88968.0,27651.0,19416.0,18578.0,282975.0,8418.0
2982,8931.0,18667.0,8263.0,18184.0,9460.0,90898.0,18888.0,18703.0,19731.0,197869.0,8679.0
2983,9094.0,18713.0,9230.0,18783.0,9389.0,102130.0,18818.0,19409.0,8434.0,208340.0,9015.0
2984,8513.0,17972.0,9273.0,28027.0,9339.0,120475.0,19013.0,19845.0,9248.0,215705.0,8514.0
2985,8930.0,19023.0,9185.0,8725.0,18235.0,90536.0,19703.0,18909.0,18813.0,235476.0,7355.0
2986,9195.0,28726.0,9207.0,8912.0,19332.0,102574.0,18906.0,7424.0,18272.0,228089.0,8243.0
2987,8513.0,17971.0,7921.0,19211.0,8825.0,87962.0,19711.0,8108.0,19536.0,206352.0,7459.0
2988,9910.0,9967.0,9197.0,18703.0,19330.0,103699.0,29008.0,18316.0,19459.0,207541.0,8459.0
2989,9320.0,8754.0,18362.0,18324.0,19110.0,120848.0,28458.0,19322.0,19119.0,285674.0,17719.0
2990,7816.0,17339.0,8470.0,28820.0,9798.0,118733.0,38100.0,19042.0,17420.0,204779.0,9251.0
2991,8983.0,7991.0,8085.0,19539.0,8288.0,89699.0,19183.0,18364.0,9165.0,216597.0,9266.0
2992,8599.0,8499.0,8189.0,19151.0,8511.0,90015.0,18852.0,8257.0,19060.0,205154.0,8766.0
2993,7756.0,19248.0,9801.0,9283.0,18922.0,91089.0,18913.0,19437.0,19049.0,178809.0,8113.0
2994,8878.0,18082.0,9019.0,18774.0,9407.0,101155.0,18965.0,19692.0,8873.0,207026.0,9052.0
2995,9233.0,18863.0,8017.0,19841.0,9581.0,94187.0,17803.0,19075.0,19254.0,187693.0,8690.0
2996,8020.0,17175.0,9637.0,18714.0,7468.0,100065.0,18018.0,18424.0,18873.0,116475.0,
2997,8869.0,18393.0,9309.0,8808.0,18036.0,90870.0,18295.0,19092.0,18930.0,174991.0,9009.0
2998,8654.0,17698.0,9233.0,19033.0,18863.0,101373.0,9225.0,18018.0,9102.0,173974.0,8610.0
2999,7814.0,19140.0,9259.0,18637.0,7923.0,108126.0,17403.0,7913.0,18112.0,195547.0,7773.0
3000,9079.0,8719.0,7905.0,19405.0,18919.0,101308.0,19285.0,17746.0,8263.0,247352.0,17854.0
3001,9557.0,18869.0,7764.0,18781.0,8311.0,90655.0,28843.0,9107.0,18008.0,189531.0,8119.0
3002,9092.0,8696.0,9254.0,19284.0,18878.0,93883.0,19309.0,18037.0,7916.0,186150.0,9267.0
3003,7741.0,18639.0,9095.0,18392.0,8754.0,88133.0,29033.0,19294.0,18055.0,186028.0,6749.0
3004,8130.0,17431.0,9240.0,18319.0,9513.0,99197.0,17846.0,18930.0,18979.0,205829.0,8263.0
3005,8254.0,9298.0,18251.0,9296.0,9808.0,101296.0,28582.0,18929.0,18502.0,236220.0,8889.0
3006,8718.0,8453.0,9098.0,18796.0,18913.0,92177.0,19531.0,9549.0,19514.0,227176.0,9468.0
3007,8244.0,8150.0,9079.0,28803.0,9212.0,90237.0,18678.0,19214.0,18860.0,195244.0,8376.0
3008,8907.0,18297.0,9349.0,8973.0,19598.0,93769.0,28216.0,17913.0,8710.0,216806.0,8957.0
3009,8868.0,8137.0,18006.0,9318.0,18208.0,100651.0,17541.0,19295.0,8923.0,246856.0,9308.0
3010,9012.0,8846.0,9337.0,18432.0,18700.0,101059.0,27680.0,19472.0,18910.0,235752.0,18035.0
3011,9892.0,9144.0,9183.0,18442.0,9664.0,104153.0,19334.0,18893.0,8200.0,197555.0,18213.0
3012,9263.0,19054.0,9382.0,18637.0,18690.0,113069.0,18820.0,18790.0,19665.0,246503.0,9029.0
3013,8324.0,18480.0,8948.0,8546.0,18601.0,90278.0,19532.0,19155.0,9191.0,198182.0,8655.0
3014,7912.0,18224.0,9225.0,19728.0,9335.0,100795.0,19025.0,29153.0,9098.0,197209.0,8223.0
3015,9384.0,19008.0,8083.0,18777.0,19737.0,101343.0,18263.0,18584.0,18151.0,225290.0,7480.0
3016,8818.0,18517.0,8980.0,18674.0,8933.0,90779.0,29405.0,7867.0,18380.0,215100.0,8956.0
3017,8817.0,18346.0,9404.0,18470.0,8883.0,90339.0,19005.0,18166.0,18829.0,216404.0,8753.0
3018,8389.0,18282.0,8341.0,19197.0,18510.0,100374.0,18820.0,18471.0,8770.0,217222.0,8836.0
3019,8793.0,18031.0,7599.0,18645.0,8068.0,96099.0,18908.0,17848.0,9032.0,217722.0,7687.0
3020,7930.0,18419.0,9120.0,18854.0,8780.0,100716.0,17804.0,18088.0,8626.0,176566.0,8352.0
3021,8948.0,9021.0,8186.0,19311.0,9130.0,91695.0,28549.0,9269.0,9958.0,157428.0,9220.0
3022,8388.0,8431.0,8307.0,28036.0,8848.0,89286.0,28906.0,19200.0,9303.0,147806.0,8611.0
3023,9902.0,9627.0,8761.0,18505.0,8492.0,100223.0,17125.0,18311.0,17708.0,98113.0,8341.0
3024,8461.0,19403.0,8657.0,17482.0,9355.0,100862.0,18972.0,8831.0,18067.0,98611.0,7806.0
3025,8727.0,8860.0,18238.0,9173.0,18616.0,88448.0,17862.0,18922.0,8511.0,117911.0,7611.0
3026,8214.0,18078.0,9282.0,18786.0,9166.0,100275.0,18033.0,17637.0,18962.0,88724.0,8287.0
3027,8203.0,17819.0,9253.0,19398.0,8418.0,91486.0,18476.0,19061.0,18463.0,59943.0,8907.0
3028,8920.0,18461.0,7881.0,9285.0,18617.0,91353.0,18827.0,18044.0,19334.0,37870.0,9087.0
3029,9044.0,18960.0,9386.0,8817.0,19183.0,91390.0,18807.0,19058.0,8412.0,17693.0,7943.0
3030,7546.0,18788.0,8641.0,18558.0,8089.0,98742.0,18439.0,18892.0,9019.0,18172.0,8038.0
3031,8956.0,18861.0,8961.0,18380.0,17613.0,98219.0,28701.0,8912.0,16965.0,8566.0,7172.0
3032,8698.0,18811.0,8775.0,18444.0,9062.0,91952.0,27821.0,18032.0,18216.0,18543.0,8822.0
3033,8775.0,18354.0,9436.0,18552.0,9022.0,102037.0,27620.0,9484.0,18298.0,9265.0,8939.0
3034,8537.0,7770.0,8667.0,18403.0,19446.0,90451.0,28874.0,18405.0,7899.0,47832.0,8712.0
3035,8975.0,18944.0,8479.0,17520.0,17985.0,119057.0,27669.0,8674.0,19268.0,57387.0,8593.0
3036,8021.0,17623.0,8759.0,18095.0,9226.0,80153.0,19064.0,17811.0,8660.0,18008.0,
3037,9256.0,19289.0,8920.0,18015.0,8550.0,99830.0,28167.0,19058.0,18215.0,37075.0,7803.0
3038,8995.0,18839.0,9045.0,18216.0,8641.0,100433.0,18813.0,19553.0,19611.0,49430.0,8359.0
3039,9689.0,18514.0,9126.0,18233.0,8677.0,111428.0,18453.0,8322.0,18068.0,65435.0,18269.0
3040,8700.0,18022.0,8398.0,17858.0,9586.0,100513.0,18578.0,18093.0,8919.0,59001.0,8883.0
3041,8607.0,8275.0,8939.0,18099.0,18654.0,100819.0,18787.0,18832.0,8876.0,48099.0,8612.0
3042,7784.0,8021.0,8700.0,18052.0,18154.0,97543.0,18346.0,19544.0,18520.0,38609.0,8181.0
3043,8499.0,18457.0,9145.0,18636.0,8815.0,101487.0,29213.0,8512.0,18720.0,8041.0,8697.0
3044,8928.0,17988.0,8062.0,18920.0,8692.0,98865.0,18306.0,18070.0,18584.0,8598.0,9180.0
3045,9890.0,9450.0,7398.0,18548.0,19262.0,100221.0,18982.0,17605.0,8677.0,18384.0,8188.0
3046,8240.0,7838.0,17489.0,9263.0,19036.0,99009.0,27532.0,18399.0,17802.0,7600.0,8828.0
3047,8247.0,18172.0,8305.0,17780.0,8356.0,97716.0,18814.0,19388.0,18811.0,7915.0,8797.0
3048,9186.0,18923.0,8358.0,17472.0,8308.0,89395.0,29463.0,18592.0,18315.0,17227.0,8008.0
3049,9653.0,9628.0,7803.0,18928.0,17933.0,101556.0,28163.0,8599.0,18608.0,19283.0,18401.0
3050,8355.0,8255.0,8012.0,19481.0,19458.0,99728.0,28564.0,18375.0,8191.0,38729.0,9707.0
3051,8838.0,18668.0,8588.0,17951.0,9341.0,91112.0,28113.0,19818.0,8697.0,59029.0,9241.0
3052,8774.0,18321.0,8324.0,17037.0,18081.0,98908.0,28725.0,9467.0,18436.0,59066.0,9050.0
3053,17790.0,9326.0,8647.0,17572.0,18424.0,98815.0,17814.0,18467.0,18466.0,77654.0,8489.0
3054,7897.0,19250.0,8318.0,19256.0,8968.0,100041.0,18763.0,18081.0,8033.0,77846.0,8958.0
3055,7843.0,17500.0,9213.0,9031.0,19285.0,90505.0,37902.0,17980.0,19088.0,79139.0,8421.0
3056,9061.0,8850.0,8737.0,18067.0,19420.0,90314.0,18235.0,19130.0,18961.0,88069.0,7664.0
3057,8531.0,17991.0,9187.0,19654.0,8249.0,91732.0,29074.0,9745.0,18128.0,77974.0,8966.0
3058,8506.0,8424.0,9718.0,19169.0,9425.0,102781.0,27692.0,8818.0,19287.0,67897.0,9989.0
3059,9803.0,9064.0,8663.0,17956.0,18091.0,100875.0,19276.0,8214.0,18402.0,78258.0,18682.0
3060,7634.0,18931.0,8175.0,17030.0,9086.0,98673.0,19242.0,17427.0,8865.0,58264.0,8528.0
3061,8883.0,18531.0,9007.0,17970.0,17865.0,98466.0,18817.0,19210.0,8937.0,48554.0,7848.0
3062,9051.0,18951.0,9494.0,19263.0,8627.0,93649.0,28827.0,19602.0,9137.0,27829.0,9338.0
3063,8451.0,18092.0,9412.0,17667.0,8086.0,89549.0,27986.0,9252.0,19118.0,19238.0,8760.0
3064,9691.0,9324.0,8488.0,17789.0,17860.0,98077.0,18546.0,18672.0,8921.0,17892.0,8255.0
3065,9079.0,18891.0,8244.0,18252.0,8832.0,88847.0,28631.0,8079.0,18475.0,28552.0,7541.0
3066,7669.0,19002.0,9473.0,8866.0,18251.0,99303.0,27154.0,18142.0,8431.0,39229.0,7628.0
3067,8437.0,18153.0,8943.0,8776.0,18798.0,101142.0,18275.0,9947.0,19448.0,59264.0,9427.0
3068,8981.0,18974.0,8181.0,18501.0,9039.0,91742.0,19001.0,18245.0,17931.0,78179.0,9153.0
3069,9374.0,19168.0,8582.0,17880.0,8458.0,101303.0,18665.0,18134.0,18128.0,105967.0,8390.0
3070,8885.0,18439.0,8222.0,19373.0,9400.0,99756.0,28543.0,19020.0,17977.0,77626.0,9226.0
3071,9187.0,8517.0,8052.0,17391.0,9354.0,88642.0,18399.0,9126.0,18115.0,57382.0,7997.0
3072,9363.0,18890.0,7743.0,18758.0,9477.0,90008.0,18211.0,18247.0,9544.0,58261.0,8041.0
3073,8359.0,8305.0,8029.0,19414.0,18221.0,89218.0,18984.0,18633.0,7749.0,67250.0,8591.0
3074,9159.0,18601.0,8790.0,17814.0,18784.0,100670.0,18221.0,17923.0,19038.0,77901.0,8684.0
3075,8700.0,17728.0,8702.0,18526.0,18650.0,99494.0,18908.0,17707.0,18943.0,77862.0,9113.0
3076,7628.0,19010.0,8317.0,19107.0,9140.0,91535.0,18798.0,18848.0,9231.0,17803.0,
3077,8290.0,8002.0,8638.0,18140.0,18882.0,89585.0,18499.0,18480.0,8058.0,18911.0,8546.0
3078,8337.0,7858.0,8178.0,17879.0,9142.0,88321.0,18312.0,17982.0,9681.0,28810.0,8399.0
3079,8722.0,18092.0,9023.0,17903.0,9047.0,99542.0,18811.0,18879.0,18261.0,58200.0,8951.0
3080,8799.0,17896.0,8341.0,17620.0,9113.0,88691.0,19512.0,19179.0,18046.0,56202.0,7372.0
3081,9063.0,18733.0,8257.0,17639.0,9008.0,98609.0,19122.0,18349.0,18526.0,59027.0,7967.0
3082,9564.0,9027.0,8543.0,17994.0,17046.0,98481.0,18810.0,18027.0,18410.0,68203.0,18049.0
3083,9620.0,8223.0,9463.0,28393.0,8707.0,110580.0,18503.0,19025.0,8852.0,78239.0,18395.0
3084,8746.0,8854.0,8289.0,19193.0,8708.0,91271.0,28452.0,8121.0,19108.0,78436.0,9166.0
3085,9411.0,17836.0,8288.0,8047.0,19561.0,89815.0,18066.0,18956.0,17033.0,78100.0,8134.0
3086,9353.0,19107.0,8562.0,18367.0,9440.0,101334.0,28071.0,18989.0,8793.0,98509.0,7758.0
3087,9343.0,18820.0,9189.0,8383.0,17807.0,89813.0,18108.0,18742.0,18522.0,58351.0,7489.0
3088,9164.0,8924.0,8558.0,17712.0,7864.0,98772.0,19463.0,19403.0,18061.0,77851.0,10074.0
3089,7509.0,7382.0,8673.0,18563.0,19029.0,87194.0,19649.0,18518.0,17517.0,78068.0,8318.0
3090,9070.0,19382.0,9212.0,17297.0,19581.0,100249.0,18648.0,18858.0,18526.0,77533.0,7474.0
3091,8248.0,18167.0,9141.0,18355.0,7417.0,98141.0,18434.0,18405.0,18875.0,88647.0,8366.0
3092,8064.0,18643.0,7456.0,8964.0,8818.0,87388.0,17679.0,18795.0,8343.0,154970.0,7949.0
3093,8262.0,18239.0,9013.0,18852.0,7858.0,89650.0,18633.0,17928.0,18118.0,116263.0,8480.0
3094,8462.0,17678.0,8867.0,8382.0,17869.0,88358.0,18163.0,18545.0,18908.0,115223.0,8359.0
3095,7601.0,17445.0,9276.0,19344.0,8581.0,88205.0,18236.0,18967.0,17651.0,144018.0,8194.0
3096,8369.0,27717.0,8910.0,18918.0,19016.0,119005.0,18219.0,17645.0,18926.0,106861.0,7869.0
3097,8135.0,27282.0,9203.0,8758.0,17843.0,98371.0,37460.0,9241.0,27164.0,119049.0,8596.0
3098,8976.0,8359.0,9400.0,18622.0,17708.0,91241.0,19196.0,18598.0,9083.0,87069.0,8725.0
3099,8516.0,18105.0,9341.0,17968.0,9119.0,89326.0,28615.0,9339.0,17995.0,76392.0,8543.0
3100,7652.0,18901.0,9529.0,18988.0,9027.0,90521.0,18402.0,17508.0,18496.0,68037.0,8099.0
3101,9136.0,18808.0,8959.0,18584.0,8689.0,91087.0,29139.0,9361.0,18455.0,49108.0,7609.0
3102,8420.0,18715.0,9488.0,18892.0,8750.0,91055.0,19032.0,19252.0,9277.0,57747.0,8429.0
3103,7861.0,8838.0,9065.0,18450.0,8099.0,88262.0,18040.0,18686.0,8981.0,57979.0,8370.0
3104,7805.0,7618.0,9785.0,8500.0,18233.0,85719.0,18552.0,18719.0,18934.0,56517.0,8237.0
3105,8885.0,8541.0,9199.0,18677.0,17544.0,90276.0,19333.0,18864.0,19325.0,48581.0,8911.0
3106,18188.0,18765.0,8596.0,26863.0,7691.0,116157.0,27919.0,18978.0,18548.0,47894.0,7715.0
3107,8158.0,17907.0,8286.0,17503.0,18945.0,107086.0,18646.0,9060.0,18129.0,46673.0,8192.0
3108,8000.0,17356.0,8441.0,17648.0,8715.0,95969.0,27213.0,9107.0,28052.0,97465.0,8190.0
3109,8818.0,18319.0,9841.0,18491.0,19347.0,120881.0,28854.0,8549.0,18302.0,57468.0,9432.0
3110,9394.0,18826.0,8598.0,18234.0,8495.0,100875.0,18861.0,9018.0,18038.0,56174.0,8075.0
3111,9027.0,8489.0,8767.0,17795.0,19368.0,101261.0,18682.0,19222.0,18889.0,47519.0,9180.0
3112,8010.0,8225.0,7220.0,18752.0,9068.0,78196.0,27369.0,8377.0,18889.0,47570.0,8662.0
3113,7898.0,17318.0,7954.0,19152.0,7714.0,97245.0,18421.0,18975.0,8239.0,57462.0,8224.0
3114,8898.0,8506.0,9190.0,18667.0,8755.0,91441.0,18315.0,8487.0,19843.0,67168.0,9069.0
3115,7650.0,19129.0,7835.0,18727.0,9322.0,98841.0,28148.0,8537.0,18471.0,77832.0,8068.0
3116,8688.0,9249.0,8120.0,17134.0,8720.0,80749.0,18937.0,18907.0,19070.0,166584.0,
3117,9433.0,19034.0,8351.0,18702.0,8751.0,101359.0,18308.0,8349.0,17854.0,136149.0,7532.0
3118,8197.0,8268.0,9064.0,18823.0,8073.0,79566.0,29481.0,18864.0,9531.0,145060.0,8800.0
3119,8519.0,18260.0,9278.0,8747.0,18269.0,91318.0,18949.0,18959.0,18823.0,127041.0,8683.0
3120,8607.0,18024.0,9322.0,17576.0,8514.0,88405.0,28290.0,8635.0,19207.0,148448.0,8543.0
3121,8824.0,18469.0,9014.0,18985.0,8797.0,98750.0,18587.0,18534.0,9240.0,175567.0,7454.0
3122,8523.0,8466.0,9019.0,28640.0,8994.0,92095.0,18467.0,16857.0,9277.0,175678.0,9174.0
3123,9206.0,18538.0,9278.0,8104.0,19050.0,91273.0,18671.0,18816.0,19014.0,168052.0,8020.0
3124,9006.0,9224.0,8912.0,18335.0,18654.0,89918.0,27562.0,18801.0,9339.0,194730.0,7545.0
3125,8932.0,18253.0,8888.0,8593.0,18206.0,89457.0,19054.0,17935.0,17320.0,136969.0,7252.0
3126,8315.0,17998.0,8084.0,7896.0,19419.0,89151.0,17506.0,8798.0,18156.0,145353.0,8437.0
3127,9326.0,19527.0,9455.0,18843.0,7580.0,101687.0,28705.0,8431.0,18259.0,173561.0,8282.0
3128,8996.0,18416.0,8622.0,18753.0,17394.0,108006.0,28123.0,18356.0,18829.0,211548.0,7236.0
3129,7836.0,9051.0,8979.0,18610.0,17968.0,99772.0,19069.0,17966.0,18025.0,166559.0,8141.0
3130,8092.0,7562.0,9352.0,19241.0,17471.0,88468.0,18912.0,18979.0,18632.0,128158.0,8604.0
3131,8858.0,18140.0,8540.0,17603.0,8949.0,99819.0,18848.0,18403.0,9174.0,156140.0,8943.0
3132,9273.0,18932.0,8841.0,18112.0,8358.0,100827.0,17288.0,18380.0,9168.0,147189.0,8167.0
3133,8656.0,8234.0,7541.0,18885.0,9327.0,80054.0,28248.0,8198.0,19092.0,126691.0,8792.0
3134,8115.0,8362.0,9433.0,18955.0,18173.0,90921.0,17962.0,19144.0,18712.0,138013.0,8774.0
3135,7848.0,18904.0,8057.0,9163.0,9824.0,89373.0,18568.0,18700.0,18923.0,115342.0,8264.0
3136,8721.0,18124.0,7914.0,9770.0,9890.0,89828.0,18988.0,17244.0,9361.0,117469.0,8961.0
3137,9059.0,9072.0,17913.0,19316.0,8802.0,90441.0,17754.0,19011.0,8667.0,125948.0,7604.0
3138,9521.0,8879.0,9449.0,18655.0,18652.0,91461.0,29035.0,9432.0,18873.0,86644.0,7938.0
3139,8785.0,18455.0,8461.0,8047.0,18452.0,90687.0,28539.0,7913.0,18858.0,87026.0,9053.0
3140,9223.0,19182.0,8515.0,17826.0,8517.0,88836.0,18533.0,19248.0,18166.0,118975.0,7936.0
3141,7990.0,17890.0,9275.0,8637.0,18805.0,89609.0,28110.0,18663.0,10026.0,116578.0,9017.0
3142,8388.0,17710.0,7873.0,19107.0,8295.0,98944.0,19133.0,18821.0,8502.0,105884.0,8754.0
3143,8141.0,7825.0,8258.0,18811.0,8560.0,89414.0,18690.0,18403.0,9184.0,97028.0,8888.0
3144,8066.0,9064.0,7225.0,19056.0,8911.0,78608.0,18930.0,18918.0,18669.0,47065.0,8405.0
3145,8866.0,8731.0,9285.0,18372.0,19139.0,101097.0,18743.0,18904.0,18342.0,39021.0,18143.0
3146,9040.0,19127.0,9034.0,18199.0,9465.0,90897.0,28824.0,9178.0,18943.0,28635.0,7862.0
3147,8327.0,18379.0,8819.0,17727.0,9250.0,90166.0,28305.0,19258.0,8580.0,29087.0,8465.0
3148,8831.0,18060.0,8860.0,8233.0,18173.0,90117.0,19100.0,19222.0,8555.0,27962.0,9284.0
3149,8838.0,9408.0,8565.0,17761.0,18828.0,91079.0,28995.0,8407.0,28664.0,19681.0,9234.0
3150,7561.0,8963.0,8184.0,17980.0,18733.0,88281.0,18259.0,18014.0,17838.0,8706.0,8580.0
3151,8673.0,8047.0,8765.0,18110.0,9125.0,90012.0,18287.0,19563.0,9270.0,18381.0,8944.0
3152,9454.0,18477.0,9553.0,8927.0,17820.0,89977.0,18205.0,19021.0,18276.0,28717.0,7943.0
3153,8880.0,18447.0,9014.0,8582.0,17996.0,90116.0,27809.0,9248.0,17641.0,19196.0,8810.0
3154,8359.0,17960.0,9260.0,18894.0,9443.0,91229.0,28129.0,8498.0,17859.0,18812.0,8431.0
3155,8536.0,18120.0,8940.0,18514.0,8507.0,99748.0,17476.0,8145.0,17970.0,17943.0,8595.0
3156,9011.0,18787.0,9520.0,18901.0,8689.0,83915.0,28913.0,8204.0,19301.0,7616.0,
3157,8206.0,7999.0,9020.0,18461.0,18786.0,89339.0,18384.0,18102.0,17742.0,7911.0,8744.0
3158,8638.0,18063.0,9263.0,8638.0,17927.0,88871.0,29268.0,18543.0,17651.0,8994.0,8709.0
3159,8580.0,18344.0,9670.0,18227.0,8783.0,101486.0,18441.0,19170.0,8694.0,7753.0,8835.0
3160,9209.0,19310.0,9516.0,18803.0,9277.0,102282.0,18930.0,19445.0,9260.0,19131.0,7827.0
3161,8075.0,18408.0,8405.0,18038.0,8875.0,98215.0,27934.0,18821.0,18359.0,8773.0,8012.0
3162,9089.0,18708.0,8652.0,8071.0,18130.0,89498.0,18442.0,18932.0,8939.0,17717.0,7727.0
3163,8655.0,8624.0,18424.0,9958.0,18579.0,102132.0,18481.0,18681.0,19057.0,9465.0,9029.0
3164,8839.0,8649.0,8782.0,18314.0,8379.0,89850.0,18827.0,28710.0,9136.0,8877.0,8963.0
3165,8866.0,17906.0,7998.0,17353.0,18097.0,107031.0,18841.0,19222.0,8662.0,8993.0,9035.0
3166,8962.0,18346.0,8898.0,18517.0,18162.0,110000.0,18952.0,8722.0,18700.0,7507.0,8136.0
3167,8006.0,17210.0,9107.0,18636.0,8757.0,97503.0,28377.0,18386.0,8780.0,17666.0,8239.0
3168,8131.0,7591.0,9170.0,18234.0,19256.0,89067.0,28900.0,18242.0,8934.0,8791.0,8162.0
3169,8692.0,18143.0,8917.0,18168.0,9164.0,90782.0,18927.0,10166.0,19457.0,9258.0,8762.0
3170,8532.0,8726.0,9252.0,17999.0,18993.0,90647.0,28292.0,8646.0,18533.0,9281.0,7478.0
3171,18026.0,9119.0,7414.0,17985.0,18647.0,105538.0,18885.0,18282.0,8213.0,9244.0,6645.0
3172,9264.0,9293.0,9372.0,19006.0,18469.0,92913.0,17951.0,18466.0,8936.0,9225.0,8426.0
3173,8641.0,18188.0,8061.0,9308.0,17846.0,108301.0,38133.0,18597.0,8925.0,8473.0,8696.0
3174,8088.0,17161.0,7967.0,18671.0,7843.0,87431.0,27970.0,18324.0,18052.0,8406.0,8682.0
3175,9072.0,8651.0,8359.0,17728.0,18136.0,105843.0,17948.0,9240.0,18042.0,8793.0,16064.0
3176,7894.0,17703.0,8090.0,19068.0,17571.0,97699.0,18840.0,19384.0,19240.0,8520.0,8521.0
3177,8141.0,17668.0,8277.0,18021.0,18542.0,108226.0,17567.0,19278.0,7479.0,8929.0,8509.0
3178,8059.0,19430.0,9369.0,8958.0,18367.0,91695.0,19082.0,8076.0,18521.0,8974.0,8582.0
3179,9007.0,18213.0,8271.0,17525.0,18938.0,98436.0,17316.0,18315.0,18671.0,18048.0,7676.0
3180,8571.0,18074.0,9210.0,8700.0,18328.0,89395.0,17996.0,19122.0,8789.0,48801.0,7877.0
3181,8728.0,18360.0,8291.0,17610.0,8847.0,99784.0,18495.0,8824.0,17766.0,38947.0,8943.0
3182,9093.0,18130.0,8175.0,18089.0,18648.0,109658.0,17456.0,18096.0,8041.0,48665.0,9247.0
3183,8741.0,18130.0,9002.0,18745.0,18412.0,101677.0,18439.0,17913.0,17907.0,57646.0,9008.0
3184,8170.0,17428.0,8746.0,17974.0,9292.0,98949.0,18691.0,19283.0,18474.0,77715.0,8182.0
3185,9074.0,18715.0,8796.0,8389.0,19155.0,91377.0,19028.0,18087.0,9339.0,76803.0,7721.0
3186,8777.0,18049.0,8953.0,8107.0,17424.0,88143.0,18330.0,18646.0,9647.0,76539.0,8993.0
3187,8191.0,18370.0,8946.0,17981.0,19323.0,90851.0,17983.0,17912.0,7717.0,105585.0,8366.0
3188,9488.0,18670.0,10318.0,9310.0,18840.0,112950.0,19398.0,18880.0,19297.0,78060.0,9727.0
3189,8304.0,8034.0,9360.0,18992.0,18453.0,90269.0,18628.0,19281.0,9469.0,68238.0,8574.0
3190,8399.0,18132.0,9985.0,9180.0,19554.0,93370.0,19474.0,9117.0,19245.0,97529.0,8756.0
3191,9350.0,19450.0,9345.0,19144.0,19407.0,113500.0,9145.0,18608.0,8295.0,85991.0,8181.0
3192,8439.0,18482.0,18272.0,9157.0,18395.0,100340.0,27744.0,17404.0,20314.0,108825.0,9015.0
3193,8242.0,9244.0,9607.0,18965.0,19123.0,92265.0,19495.0,18856.0,8897.0,98461.0,8585.0
3194,9338.0,18725.0,8028.0,19467.0,9431.0,91125.0,19765.0,18123.0,19023.0,80575.0,8106.0
3195,9075.0,8616.0,19009.0,9564.0,19135.0,103236.0,19290.0,8465.0,19107.0,78441.0,9274.0
3196,9181.0,18606.0,9348.0,8673.0,18495.0,83822.0,18743.0,19333.0,8862.0,37597.0,
3197,8564.0,8016.0,8512.0,17752.0,19004.0,89176.0,18189.0,18942.0,9315.0,38900.0,8701.0
3198,8670.0,18414.0,7425.0,18312.0,9348.0,97853.0,28578.0,9334.0,18127.0,38444.0,7701.0
3199,9141.0,8441.0,9117.0,18059.0,19044.0,91946.0,28668.0,8286.0,18711.0,57058.0,9255.0
3200,7958.0,17441.0,7983.0,19765.0,9082.0,98991.0,18913.0,8395.0,18827.0,48678.0,8303.0
3201,8569.0,8488.0,8200.0,19238.0,17308.0,89669.0,17899.0,9423.0,19005.0,58156.0,8914.0
3202,9468.0,19161.0,9405.0,19108.0,9373.0,94164.0,28798.0,19526.0,8992.0,68520.0,8610.0
3203,8884.0,18869.0,8684.0,18015.0,19256.0,100676.0,18472.0,18711.0,19794.0,59527.0,7683.0
3204,7979.0,8122.0,7615.0,28267.0,9259.0,98693.0,18129.0,18484.0,19409.0,56713.0,8610.0
3205,9122.0,7965.0,18648.0,9502.0,19103.0,92758.0,19692.0,20070.0,18386.0,58802.0,9281.0
3206,8804.0,18283.0,8386.0,18996.0,9128.0,90214.0,27728.0,9133.0,17939.0,68798.0,8611.0
3207,9220.0,8896.0,9406.0,18997.0,18567.0,101795.0,28024.0,18852.0,18982.0,29331.0,8725.0
3208,8133.0,19357.0,9062.0,18648.0,7849.0,89317.0,28241.0,9447.0,18063.0,28753.0,8343.0
3209,8666.0,8580.0,9520.0,18682.0,19102.0,102225.0,18688.0,9184.0,18263.0,29630.0,8796.0
3210,9281.0,8929.0,9307.0,28692.0,8039.0,123173.0,28751.0,19429.0,18533.0,18213.0,10068.0
3211,8583.0,28783.0,8961.0,18271.0,8448.0,110948.0,28299.0,19579.0,17825.0,18264.0,8275.0
3212,9357.0,19328.0,8524.0,8017.0,9814.0,89784.0,19954.0,9198.0,18274.0,9191.0,7808.0
3213,9438.0,9113.0,9291.0,18991.0,18078.0,102473.0,18976.0,9217.0,19206.0,9091.0,10193.0
3214,8616.0,18419.0,9177.0,19066.0,18743.0,100864.0,28831.0,8734.0,19793.0,8476.0,7933.0
3215,8745.0,8805.0,8375.0,28182.0,8782.0,89724.0,18680.0,17992.0,18334.0,18416.0,9072.0
3216,8187.0,17900.0,9113.0,18837.0,9057.0,99539.0,28948.0,7525.0,18388.0,28112.0,8309.0
3217,8717.0,18251.0,9301.0,18848.0,8392.0,101372.0,18082.0,19250.0,19295.0,38152.0,8735.0
3218,8324.0,18615.0,7246.0,18656.0,18843.0,98897.0,28747.0,9509.0,18072.0,49609.0,8757.0
3219,8940.0,8873.0,9064.0,18921.0,8333.0,80875.0,29242.0,19367.0,8555.0,58005.0,7298.0
3220,9006.0,18899.0,9030.0,18627.0,7887.0,100829.0,18125.0,18071.0,9714.0,59210.0,8948.0
3221,9181.0,8753.0,8793.0,18248.0,8805.0,102275.0,28566.0,8268.0,19355.0,48115.0,9525.0
3222,8656.0,18446.0,9288.0,8517.0,19043.0,92162.0,19021.0,19086.0,9384.0,68984.0,8988.0
3223,8856.0,8583.0,7409.0,18220.0,19377.0,90876.0,29500.0,9307.0,18954.0,58705.0,9043.0
3224,9085.0,8005.0,9278.0,18943.0,18738.0,92871.0,18242.0,18020.0,18110.0,48650.0,9305.0
3225,8394.0,17901.0,18427.0,9247.0,19112.0,111110.0,38659.0,19426.0,7418.0,48979.0,8737.0
3226,7981.0,18112.0,8288.0,7788.0,19967.0,89237.0,28980.0,8456.0,18526.0,38596.0,8566.0
3227,9458.0,18803.0,8352.0,19071.0,9135.0,102149.0,29213.0,19357.0,18481.0,18667.0,7955.0
3228,9457.0,18511.0,8614.0,18119.0,8790.0,89949.0,28756.0,8422.0,19519.0,19318.0,8005.0
3229,9437.0,19145.0,8280.0,18990.0,9218.0,102527.0,19576.0,9035.0,19012.0,9210.0,8103.0
3230,8987.0,8877.0,9798.0,9567.0,18828.0,100820.0,29440.0,9625.0,18273.0,9524.0,17778.0
3231,9046.0,18500.0,8208.0,17490.0,19331.0,101946.0,28149.0,8086.0,19194.0,7284.0,9415.0
3232,8995.0,18656.0,9346.0,19100.0,18880.0,102004.0,19405.0,18348.0,8102.0,8465.0,7695.0
3233,8530.0,18230.0,18032.0,8722.0,18971.0,100972.0,28551.0,9349.0,18167.0,9541.0,8865.0
3234,8880.0,18713.0,9122.0,18499.0,8540.0,101301.0,18103.0,9329.0,18362.0,8833.0,8772.0
3235,8823.0,17743.0,8399.0,18031.0,8142.0,89732.0,19289.0,19559.0,8578.0,19122.0,8662.0
3236,7846.0,17377.0,9713.0,18795.0,8514.0,91222.0,18836.0,9045.0,17529.0,8308.0,
3237,8722.0,19641.0,8785.0,18410.0,9274.0,110914.0,17796.0,19269.0,8211.0,18998.0,9776.0
3238,8977.0,18395.0,8681.0,17013.0,8978.0,98659.0,17911.0,18928.0,18753.0,9604.0,7400.0
3239,7753.0,18361.0,8768.0,17840.0,9318.0,99518.0,19033.0,18547.0,17344.0,8407.0,8412.0
3240,8985.0,18100.0,8608.0,18418.0,9008.0,98990.0,19112.0,9627.0,18764.0,9439.0,7615.0
3241,8905.0,18722.0,9134.0,18421.0,9422.0,100945.0,18786.0,18775.0,19334.0,9134.0,7508.0
3242,8630.0,18014.0,8535.0,18011.0,19109.0,99489.0,28144.0,27422.0,9198.0,18474.0,9211.0
3243,8290.0,17960.0,8766.0,8396.0,19585.0,90278.0,18681.0,18732.0,19193.0,8569.0,9113.0
3244,8228.0,17348.0,9114.0,18331.0,18982.0,99521.0,17949.0,18861.0,8637.0,8575.0,8181.0
3245,8635.0,18066.0,9038.0,18530.0,8505.0,100127.0,29246.0,8932.0,18371.0,18482.0,8829.0
3246,8293.0,17938.0,8632.0,8195.0,18462.0,89223.0,28615.0,8382.0,18856.0,29143.0,8793.0
3247,8601.0,18527.0,9531.0,8738.0,19374.0,92542.0,29010.0,8855.0,8938.0,18554.0,8766.0
3248,7433.0,18695.0,8588.0,17916.0,18643.0,107768.0,18393.0,18496.0,9671.0,8042.0,8765.0
3249,8666.0,8702.0,9539.0,18911.0,17727.0,92033.0,18923.0,19154.0,9087.0,8331.0,8939.0
3250,8743.0,18614.0,8746.0,8210.0,18266.0,98861.0,18736.0,17865.0,9227.0,18207.0,8831.0
3251,8970.0,18569.0,7428.0,18766.0,18433.0,100896.0,18569.0,18800.0,19098.0,9001.0,9420.0
3252,8571.0,17904.0,7666.0,18503.0,8895.0,100105.0,18359.0,18857.0,19192.0,8878.0,8803.0
3253,8827.0,17976.0,8111.0,18328.0,19575.0,99825.0,17752.0,19334.0,9062.0,18908.0,8355.0
3254,8586.0,18063.0,9278.0,18858.0,18445.0,101310.0,17804.0,18157.0,8670.0,18170.0,8903.0
3255,8193.0,18159.0,8882.0,19204.0,18626.0,99803.0,19830.0,17477.0,18315.0,9229.0,8493.0
3256,8481.0,18186.0,8832.0,18219.0,9331.0,100501.0,19132.0,19353.0,18964.0,9396.0,8588.0
3257,9291.0,8851.0,9476.0,18623.0,18953.0,103330.0,19307.0,19334.0,17672.0,8148.0,10132.0
3258,9039.0,19543.0,8325.0,17629.0,8635.0,101660.0,18638.0,8542.0,18359.0,9303.0,9206.0
3259,8698.0,18572.0,9439.0,18729.0,8540.0,101084.0,18872.0,18605.0,18762.0,7907.0,9036.0
3260,8369.0,18211.0,9051.0,8717.0,18962.0,90789.0,29478.0,9933.0,19372.0,8810.0,8313.0
3261,8280.0,7503.0,9287.0,18311.0,19001.0,89350.0,18958.0,18828.0,18551.0,8018.0,8594.0
3262,9108.0,19010.0,8755.0,18058.0,7995.0,88091.0,28708.0,8714.0,18701.0,8871.0,7496.0
3263,8636.0,18059.0,8957.0,18405.0,9232.0,99425.0,18959.0,7481.0,18682.0,17903.0,7964.0
3264,8610.0,28498.0,9971.0,8394.0,17814.0,100149.0,18622.0,19079.0,9159.0,19011.0,7608.0
3265,7842.0,19307.0,7582.0,19191.0,8386.0,99721.0,19001.0,19547.0,19222.0,18517.0,8348.0
3266,9208.0,18867.0,8732.0,18687.0,9937.0,103127.0,18637.0,19690.0,9752.0,19228.0,8394.0
3267,8784.0,8854.0,8373.0,17893.0,18683.0,90423.0,27398.0,19204.0,17509.0,19381.0,9040.0
3268,9432.0,18849.0,9233.0,8962.0,19056.0,92991.0,18775.0,17470.0,17955.0,8925.0,8289.0
3269,8211.0,18017.0,9356.0,18886.0,9135.0,99751.0,19165.0,8901.0,17739.0,19181.0,8476.0
3270,9151.0,19406.0,9705.0,18885.0,8135.0,91586.0,29379.0,9008.0,18532.0,9586.0,7836.0
3271,9885.0,9084.0,9210.0,18435.0,8731.0,91527.0,18753.0,18087.0,19398.0,9233.0,18117.0
3272,9137.0,9155.0,9253.0,18769.0,18379.0,90963.0,17658.0,18373.0,9185.0,18708.0,7968.0
3273,9336.0,18994.0,8839.0,17075.0,19221.0,100324.0,19215.0,17575.0,8613.0,9478.0,8121.0
3274,9342.0,9257.0,9386.0,18842.0,8762.0,99752.0,18836.0,18687.0,9232.0,9172.0,16074.0
3275,8934.0,18431.0,8931.0,18044.0,18660.0,99755.0,27943.0,18203.0,18863.0,9105.0,7493.0
3276,7283.0,19588.0,9281.0,18576.0,7540.0,91596.0,19194.0,17776.0,8510.0,8743.0,
3277,9253.0,18950.0,8893.0,17168.0,18583.0,99051.0,29059.0,9273.0,18179.0,8255.0,7673.0
3278,8319.0,8260.0,8680.0,18051.0,18856.0,90079.0,18048.0,18620.0,9209.0,8713.0,8721.0
3279,9118.0,8755.0,8096.0,17575.0,19328.0,100157.0,18800.0,18587.0,8007.0,8227.0,9854.0
3280,8901.0,18620.0,8653.0,17952.0,9178.0,100374.0,18577.0,19201.0,18580.0,8887.0,9062.0
3281,9552.0,8858.0,9303.0,18861.0,8448.0,91130.0,18224.0,8949.0,19125.0,8108.0,7741.0
3282,9431.0,19229.0,9265.0,18875.0,9441.0,103153.0,18777.0,9033.0,19412.0,8905.0,8085.0
3283,7924.0,17858.0,9087.0,8470.0,19185.0,90938.0,28718.0,17088.0,9733.0,17656.0,9218.0
3284,8211.0,8049.0,18169.0,9101.0,19043.0,98313.0,18043.0,17905.0,8329.0,8124.0,8527.0
3285,9509.0,19810.0,8189.0,17685.0,8584.0,91914.0,18605.0,18633.0,8428.0,9361.0,8455.0
3286,9269.0,19417.0,9339.0,18506.0,9445.0,103977.0,17674.0,19587.0,9051.0,18745.0,7899.0
3287,8626.0,8659.0,18686.0,9275.0,18009.0,91683.0,19018.0,18844.0,18463.0,9035.0,8816.0
3288,9425.0,20120.0,8365.0,19361.0,8610.0,93635.0,28293.0,19092.0,8009.0,8943.0,8226.0
3289,8674.0,19060.0,9493.0,8818.0,19283.0,93760.0,19070.0,19685.0,19219.0,9423.0,8969.0
3290,8948.0,18946.0,9253.0,19306.0,9476.0,102925.0,19105.0,18054.0,18660.0,9693.0,7813.0
3291,9217.0,18597.0,7930.0,18390.0,8254.0,89058.0,18561.0,19012.0,8992.0,9160.0,7843.0
3292,8225.0,8263.0,18250.0,9926.0,18067.0,90733.0,28440.0,8136.0,18457.0,18655.0,8314.0
3293,8904.0,8646.0,8123.0,19411.0,19068.0,91936.0,19303.0,18212.0,8353.0,8525.0,9046.0
3294,7821.0,19187.0,8031.0,19383.0,9003.0,101098.0,18054.0,19263.0,9298.0,18983.0,8589.0
3295,8362.0,18389.0,9627.0,18668.0,8278.0,99551.0,19936.0,8930.0,18088.0,8806.0,8406.0
3296,8259.0,19210.0,9381.0,18766.0,8329.0,101700.0,29431.0,9498.0,18209.0,8477.0,8666.0
3297,7990.0,19528.0,8642.0,18443.0,9214.0,101059.0,18264.0,19851.0,19138.0,9293.0,8291.0
3298,7918.0,18123.0,8122.0,18494.0,8791.0,89620.0,28951.0,8918.0,18268.0,8961.0,8548.0
3299,8560.0,8172.0,8974.0,18928.0,8800.0,98243.0,19593.0,9278.0,18591.0,8365.0,8869.0
3300,8748.0,18049.0,9381.0,18547.0,19471.0,111864.0,9262.0,18061.0,17392.0,8276.0,9382.0
3301,8984.0,8725.0,8415.0,18547.0,8239.0,90135.0,19235.0,9414.0,18525.0,18492.0,8997.0
3302,7582.0,18869.0,7983.0,19099.0,9230.0,100264.0,17726.0,18913.0,8340.0,18123.0,8138.0
3303,8398.0,10326.0,8109.0,18085.0,7933.0,88823.0,27693.0,8513.0,17925.0,9312.0,8568.0
3304,9257.0,19388.0,8615.0,17876.0,9209.0,100773.0,19712.0,19476.0,8590.0,9048.0,7851.0
3305,8140.0,17900.0,9459.0,9244.0,18195.0,90425.0,18555.0,30032.0,18066.0,9164.0,8421.0
3306,9038.0,19214.0,8538.0,18739.0,19326.0,122726.0,9980.0,18513.0,8129.0,18635.0,9037.0
3307,10101.0,10016.0,8871.0,18092.0,17925.0,100599.0,17413.0,19481.0,18285.0,8730.0,8623.0
3308,8776.0,18744.0,9298.0,8774.0,18565.0,91350.0,29066.0,18157.0,18803.0,9207.0,9204.0
3309,8476.0,18662.0,9390.0,9058.0,18654.0,92185.0,8339.0,17829.0,18644.0,8246.0,8541.0
3310,9071.0,8881.0,8482.0,17803.0,9670.0,92530.0,8559.0,18035.0,18847.0,9288.0,9469.0
3311,8324.0,28207.0,9906.0,19121.0,8420.0,110467.0,19521.0,19520.0,9422.0,19433.0,8255.0
3312,7368.0,19304.0,8740.0,18456.0,9275.0,100373.0,28240.0,19003.0,9336.0,18647.0,8217.0
3313,8502.0,18668.0,9775.0,19635.0,8449.0,91821.0,19438.0,9114.0,19238.0,8393.0,9033.0
3314,8884.0,18593.0,8488.0,18140.0,19293.0,100747.0,18334.0,18841.0,19844.0,9604.0,7783.0
3315,9101.0,18819.0,8772.0,18646.0,9178.0,101493.0,18859.0,8060.0,17805.0,17547.0,7627.0
3316,9355.0,9040.0,8332.0,19347.0,18843.0,111067.0,19217.0,19627.0,9390.0,8861.0,9641.0
3317,7926.0,17901.0,8389.0,17670.0,19198.0,89527.0,28341.0,18919.0,9365.0,38228.0,
3318,8526.0,8095.0,9162.0,18675.0,9233.0,82084.0,28296.0,18462.0,8879.0,18686.0,8893.0
3319,9640.0,19284.0,9139.0,17714.0,18134.0,100685.0,18232.0,17994.0,9321.0,29467.0,8244.0
3320,18462.0,9603.0,8970.0,17884.0,9416.0,101207.0,19258.0,9330.0,19352.0,19331.0,8566.0
3321,8986.0,18120.0,7703.0,19118.0,8982.0,91049.0,19495.0,19606.0,19280.0,8382.0,8177.0
3322,8365.0,18297.0,9460.0,19291.0,8042.0,89478.0,18900.0,18992.0,18348.0,19302.0,6906.0
3323,8411.0,18538.0,9711.0,18802.0,9103.0,102861.0,18146.0,8929.0,18130.0,7961.0,9078.0
3324,8604.0,18582.0,8633.0,17833.0,8839.0,100416.0,18961.0,18182.0,19066.0,8217.0,8958.0
3325,7454.0,19321.0,9616.0,8934.0,18813.0,91000.0,19370.0,19127.0,8819.0,18502.0,8507.0
3326,9413.0,18796.0,8270.0,19829.0,19495.0,102545.0,29178.0,9260.0,18292.0,8544.0,8106.0
3327,8320.0,19767.0,9562.0,18767.0,17378.0,101755.0,18542.0,17844.0,19400.0,9520.0,8833.0
3328,9119.0,18956.0,9545.0,19263.0,8589.0,102108.0,19603.0,18700.0,9066.0,8767.0,7534.0
3329,8810.0,19204.0,9883.0,8912.0,18963.0,94286.0,17379.0,19446.0,7999.0,9154.0,9178.0
3330,8769.0,18557.0,8139.0,18404.0,8875.0,90349.0,29171.0,19655.0,19381.0,9262.0,9124.0
3331,9147.0,8668.0,8610.0,19119.0,17818.0,90584.0,28926.0,9285.0,18425.0,8645.0,9073.0
3332,8431.0,10098.0,9327.0,19346.0,17791.0,100415.0,18210.0,8150.0,18508.0,9184.0,8560.0
3333,8057.0,18993.0,8256.0,18983.0,19569.0,102089.0,18167.0,18488.0,9212.0,8373.0,8599.0
3334,8218.0,17761.0,8845.0,8350.0,18281.0,97793.0,18504.0,17950.0,19459.0,8714.0,8505.0
3335,9102.0,18581.0,9550.0,19234.0,9611.0,102903.0,18628.0,18699.0,18041.0,9410.0,7428.0
3336,8787.0,8631.0,8492.0,17829.0,9639.0,90512.0,18251.0,7857.0,17904.0,19192.0,8993.0
3337,9612.0,9217.0,9305.0,18646.0,8917.0,102080.0,18395.0,19187.0,9220.0,9036.0,18452.0
3338,9512.0,8897.0,8681.0,27933.0,9425.0,101895.0,17852.0,18901.0,18171.0,8270.0,18441.0
3339,7818.0,19266.0,8338.0,18122.0,9410.0,89569.0,18861.0,17881.0,18295.0,8641.0,8484.0
3340,8676.0,8605.0,9511.0,19048.0,19104.0,93654.0,18832.0,19096.0,9512.0,9287.0,9214.0
3341,8096.0,19144.0,8311.0,19633.0,19321.0,101677.0,19082.0,9246.0,19532.0,8245.0,8405.0
3342,8893.0,19177.0,9024.0,18568.0,8180.0,100845.0,19254.0,8867.0,18271.0,8759.0,8158.0
3343,9050.0,18974.0,9408.0,18775.0,8719.0,103196.0,18969.0,18708.0,17615.0,8823.0,9227.0
3344,7965.0,17681.0,8678.0,18000.0,9045.0,88658.0,19425.0,19001.0,18296.0,8940.0,8029.0
3345,8831.0,18655.0,8405.0,18246.0,18475.0,100752.0,18641.0,17712.0,9430.0,19675.0,8913.0
3346,8715.0,18343.0,9046.0,19911.0,18982.0,102338.0,28080.0,17354.0,9561.0,18787.0,9051.0
3347,8196.0,18682.0,9500.0,18326.0,18654.0,101253.0,8718.0,18468.0,8115.0,28611.0,9313.0
3348,9180.0,18837.0,9141.0,18575.0,9374.0,91700.0,19496.0,19480.0,18478.0,28621.0,7653.0
3349,8374.0,8196.0,18300.0,9159.0,19125.0,98963.0,18849.0,19699.0,9207.0,68072.0,9214.0
3350,8893.0,18635.0,9449.0,9141.0,18925.0,92032.0,18810.0,19284.0,8987.0,57803.0,8927.0
3351,9422.0,19174.0,9531.0,8834.0,18228.0,101388.0,18944.0,9038.0,18466.0,57431.0,7920.0
3352,8921.0,18471.0,8450.0,18070.0,8960.0,100906.0,9254.0,19174.0,18145.0,48315.0,8791.0
3353,8738.0,8263.0,9193.0,18619.0,9097.0,91834.0,18262.0,17982.0,9023.0,68364.0,8896.0
3354,9280.0,8907.0,8049.0,19320.0,18886.0,92764.0,29477.0,9101.0,19131.0,70428.0,9180.0
3355,8595.0,18672.0,9577.0,9055.0,18698.0,93603.0,17841.0,19290.0,9227.0,76158.0,9278.0
3356,8150.0,29314.0,9225.0,9203.0,19268.0,101972.0,17871.0,18752.0,9638.0,48444.0,8227.0
3357,8455.0,8105.0,18023.0,9498.0,18404.0,81520.0,19925.0,19811.0,18328.0,8947.0,
3358,8155.0,18198.0,9225.0,18151.0,17940.0,99367.0,18254.0,18869.0,18393.0,9622.0,8840.0
3359,9283.0,18802.0,8201.0,9465.0,19491.0,102916.0,19029.0,17462.0,8407.0,9239.0,8351.0
3360,8805.0,18545.0,8178.0,17645.0,18349.0,99140.0,18806.0,8499.0,18136.0,9136.0,8433.0
3361,9297.0,18797.0,9055.0,18130.0,19104.0,101451.0,18456.0,17135.0,8037.0,9186.0,8043.0
3362,8243.0,20244.0,9561.0,8876.0,17689.0,99202.0,17479.0,8966.0,9346.0,9025.0,8613.0
3363,8682.0,18405.0,9012.0,17785.0,9245.0,98994.0,18847.0,18717.0,8709.0,8482.0,7561.0
3364,9011.0,18592.0,9032.0,18474.0,9266.0,91912.0,17893.0,18176.0,18694.0,8732.0,9246.0
3365,9164.0,19287.0,7673.0,19037.0,18960.0,100417.0,17994.0,18613.0,8247.0,8261.0,7774.0
3366,8232.0,8120.0,9208.0,18537.0,8098.0,79884.0,18354.0,18322.0,9659.0,9204.0,8489.0
3367,9268.0,9307.0,8832.0,18710.0,8411.0,92173.0,19256.0,27999.0,9415.0,8829.0,9759.0
3368,8284.0,18029.0,8445.0,16956.0,17693.0,115293.0,19328.0,18404.0,19378.0,9622.0,8548.0
3369,8640.0,18254.0,8673.0,18507.0,17872.0,109432.0,28066.0,8380.0,18674.0,8851.0,9002.0
3370,9022.0,18647.0,9569.0,18070.0,8317.0,90220.0,28043.0,9688.0,19272.0,9651.0,7962.0
3371,8200.0,18119.0,9204.0,19193.0,10189.0,91692.0,18230.0,19246.0,8775.0,17628.0,8773.0
3372,8791.0,8511.0,9082.0,17423.0,9560.0,90196.0,28669.0,7502.0,17662.0,7969.0,9155.0
3373,7859.0,18553.0,17872.0,9163.0,17971.0,99017.0,18576.0,17899.0,9246.0,19598.0,8143.0
3374,8925.0,8660.0,18098.0,19314.0,9083.0,99638.0,19223.0,7890.0,18832.0,9401.0,7369.0
3375,9895.0,9881.0,8736.0,19092.0,18323.0,111380.0,28275.0,19166.0,19762.0,7782.0,8418.0
3376,8694.0,18654.0,8809.0,17775.0,18454.0,99033.0,29296.0,18047.0,8027.0,9150.0,9144.0
3377,9501.0,19093.0,8926.0,9365.0,18695.0,92195.0,29291.0,9314.0,18539.0,9004.0,7947.0
3378,8711.0,18961.0,8962.0,17677.0,9081.0,101656.0,17901.0,8953.0,8865.0,18849.0,9037.0
3379,8833.0,18579.0,9460.0,19212.0,9152.0,93985.0,17933.0,9025.0,18525.0,9118.0,9356.0
3380,8775.0,18624.0,8829.0,18120.0,18655.0,99198.0,17865.0,19537.0,8268.0,18661.0,7631.0
3381,9099.0,18379.0,8366.0,17964.0,19197.0,102226.0,28645.0,9652.0,18671.0,8930.0,8984.0
3382,9287.0,19302.0,8825.0,18307.0,8246.0,90572.0,18884.0,18740.0,17647.0,8375.0,8375.0
3383,9477.0,18857.0,8081.0,19096.0,9541.0,91797.0,28167.0,9627.0,18132.0,8183.0,7447.0
3384,8185.0,17675.0,9119.0,18675.0,9515.0,90748.0,18454.0,18825.0,8140.0,8496.0,9114.0
3385,9588.0,9172.0,9470.0,18889.0,8978.0,83096.0,17946.0,18854.0,19166.0,7500.0,8271.0
3386,9737.0,9231.0,9318.0,18212.0,17817.0,102244.0,18967.0,18202.0,19442.0,8478.0,18199.0
3387,8334.0,9334.0,7377.0,18749.0,19380.0,91251.0,19323.0,9198.0,19362.0,18200.0,8867.0
3388,8569.0,18018.0,7406.0,18787.0,17677.0,107653.0,19249.0,8346.0,17727.0,8756.0,7806.0
3389,8995.0,18462.0,8179.0,17643.0,8218.0,99125.0,19284.0,18766.0,19545.0,9213.0,9142.0
3390,9303.0,19011.0,9246.0,18740.0,17688.0,101849.0,18411.0,19144.0,8830.0,18866.0,7805.0
3391,8520.0,18050.0,8918.0,18837.0,19477.0,101312.0,19139.0,8023.0,18181.0,7591.0,8718.0
3392,8443.0,7801.0,8033.0,19262.0,18708.0,100285.0,18225.0,19078.0,18285.0,8217.0,18853.0
3393,9311.0,18616.0,8761.0,7669.0,19136.0,100735.0,19873.0,19392.0,9022.0,8758.0,7721.0
3394,8599.0,8132.0,9261.0,18481.0,18727.0,91546.0,18925.0,9560.0,18958.0,9071.0,8566.0
3395,8766.0,18641.0,9635.0,18427.0,9266.0,102905.0,18394.0,18369.0,7355.0,18823.0,8890.0
3396,8577.0,18382.0,9213.0,18335.0,8688.0,101847.0,18851.0,9498.0,9899.0,17829.0,9469.0
3397,8248.0,18090.0,8074.0,7463.0,18747.0,89696.0,18203.0,19541.0,8646.0,17797.0,9407.0
3398,8554.0,19028.0,8967.0,18339.0,19152.0,92474.0,18680.0,9227.0,19077.0,48672.0,
3399,7872.0,19163.0,8097.0,19609.0,8803.0,89735.0,28290.0,8893.0,19010.0,9011.0,7988.0
3400,8858.0,18438.0,8240.0,19079.0,9215.0,101465.0,27657.0,9655.0,18648.0,8653.0,8081.0
3401,8778.0,18354.0,7892.0,19200.0,8441.0,97933.0,19451.0,18746.0,9150.0,8222.0,7370.0
3402,8016.0,9427.0,8032.0,28965.0,9589.0,101161.0,9334.0,18732.0,19516.0,9023.0,8451.0
3403,8092.0,9244.0,9272.0,18823.0,8709.0,81976.0,29155.0,9116.0,17786.0,18584.0,8744.0
3404,8952.0,18685.0,8817.0,18082.0,9154.0,100358.0,18498.0,18017.0,8795.0,8097.0,7632.0
3405,8061.0,19088.0,9443.0,18837.0,18531.0,101581.0,17768.0,17689.0,8430.0,9115.0,8189.0
3406,8484.0,17918.0,9292.0,18843.0,8913.0,90489.0,18408.0,18298.0,19249.0,10009.0,8658.0
3407,9081.0,8427.0,9550.0,18484.0,19328.0,92870.0,19204.0,8135.0,17581.0,7493.0,9183.0
3408,7483.0,18720.0,8550.0,18170.0,9328.0,89440.0,19033.0,19135.0,17710.0,8630.0,8049.0
3409,9871.0,8982.0,8802.0,18333.0,9538.0,102332.0,18230.0,18733.0,8919.0,8732.0,10077.0
3410,8957.0,18326.0,7901.0,9237.0,19237.0,90900.0,19109.0,19220.0,16989.0,7363.0,9133.0
3411,9366.0,19154.0,7860.0,17154.0,9314.0,100138.0,18504.0,19406.0,8116.0,8703.0,8190.0
3412,8593.0,8433.0,8638.0,19098.0,19359.0,92267.0,18843.0,7965.0,18095.0,8284.0,9016.0
3413,8337.0,17661.0,9084.0,18319.0,7824.0,88918.0,19092.0,19246.0,8586.0,19086.0,8481.0
3414,7934.0,17993.0,8034.0,18808.0,9162.0,88417.0,18056.0,18836.0,18730.0,7437.0,8663.0
3415,8922.0,17805.0,8776.0,8475.0,18755.0,109077.0,18373.0,9325.0,19227.0,8258.0,9425.0
3416,10303.0,8864.0,9471.0,18935.0,8386.0,102528.0,18349.0,8426.0,19136.0,8953.0,17884.0
3417,8757.0,8816.0,8727.0,9575.0,18726.0,90695.0,18019.0,19071.0,18167.0,8304.0,9353.0
3418,8026.0,19297.0,9555.0,19062.0,9010.0,101906.0,18347.0,7533.0,18655.0,9321.0,8665.0
3419,8895.0,18616.0,9227.0,18620.0,8842.0,90081.0,28432.0,8532.0,18220.0,7866.0,7372.0
3420,8855.0,8683.0,8396.0,17823.0,18792.0,108863.0,18377.0,19318.0,17950.0,9330.0,18257.0
3421,8555.0,17728.0,9323.0,19280.0,18115.0,100516.0,19149.0,18928.0,19328.0,8034.0,8314.0
3422,9781.0,9332.0,9542.0,18711.0,18669.0,103009.0,28675.0,18064.0,18903.0,8714.0,17880.0
3423,8990.0,18297.0,9047.0,18475.0,7691.0,98564.0,18477.0,18324.0,17580.0,8185.0,8438.0
3424,8528.0,8232.0,8776.0,18046.0,8488.0,89402.0,18700.0,18834.0,8836.0,9242.0,8324.0
3425,9171.0,9064.0,17888.0,18845.0,9855.0,91348.0,28656.0,8346.0,18926.0,9584.0,8136.0
3426,9202.0,18966.0,8799.0,8092.0,17404.0,88038.0,17889.0,9150.0,9207.0,16953.0,7971.0
3427,8562.0,18195.0,9155.0,17822.0,8325.0,89637.0,17969.0,8665.0,17777.0,8689.0,8933.0
3428,9434.0,18365.0,9132.0,18552.0,18459.0,101217.0,17897.0,18613.0,18134.0,8006.0,8003.0
3429,8785.0,7980.0,8833.0,18744.0,8894.0,91780.0,20179.0,9495.0,19305.0,9328.0,9229.0
3430,7939.0,17978.0,9183.0,18616.0,9523.0,89909.0,28669.0,9717.0,18820.0,9633.0,8360.0
3431,8798.0,18338.0,9282.0,8711.0,18012.0,101349.0,19611.0,9014.0,17218.0,9068.0,8981.0
3432,7973.0,17852.0,7435.0,18788.0,8584.0,88133.0,28986.0,19334.0,8971.0,9320.0,8684.0
3433,9367.0,9123.0,8697.0,18638.0,18375.0,102280.0,28262.0,9678.0,19212.0,19038.0,9792.0
3434,8102.0,17759.0,8968.0,8382.0,18381.0,89361.0,19325.0,18480.0,9105.0,18815.0,8541.0
3435,9934.0,9502.0,9492.0,18564.0,17585.0,100254.0,27494.0,9390.0,18153.0,8421.0,8719.0
3436,8176.0,17004.0,9618.0,8643.0,18306.0,89033.0,19125.0,18160.0,8928.0,19397.0,8105.0
3437,8920.0,18610.0,7866.0,19000.0,19163.0,100257.0,19377.0,19191.0,7904.0,18213.0,8945.0
3438,8830.0,16933.0,8943.0,18209.0,18262.0,101170.0,18928.0,19577.0,18499.0,8706.0,
3439,9029.0,9088.0,8983.0,18403.0,17745.0,89062.0,17960.0,18107.0,7750.0,8719.0,8078.0
3440,8733.0,18573.0,8389.0,17635.0,9147.0,90436.0,19426.0,19280.0,8864.0,9228.0,9227.0
3441,8373.0,17714.0,8334.0,17897.0,8411.0,88403.0,18524.0,18262.0,9366.0,17916.0,8381.0
3442,8710.0,18097.0,8107.0,17991.0,18602.0,100229.0,17897.0,19236.0,9975.0,9149.0,9293.0
3443,8919.0,8488.0,8037.0,18950.0,17878.0,88857.0,28515.0,8756.0,18481.0,9040.0,7354.0
3444,9127.0,18715.0,8974.0,18278.0,18164.0,99481.0,17789.0,19201.0,9185.0,9130.0,7193.0
3445,8133.0,17503.0,8502.0,17853.0,8777.0,88445.0,18676.0,19119.0,9003.0,9219.0,8562.0
3446,9127.0,19006.0,9027.0,18390.0,18055.0,100057.0,17614.0,7855.0,18272.0,8561.0,7504.0
3447,8633.0,18172.0,8817.0,18117.0,18070.0,108807.0,1758502.0,19236.0,19126.0,8421.0,18168.0
3448,8708.0,18500.0,7949.0,19657.0,19248.0,111964.0,28890.0,18582.0,18363.0,7907.0,8785.0
3449,9195.0,18997.0,7766.0,9231.0,18013.0,88834.0,19330.0,19606.0,8820.0,9075.0,7077.0
3450,8845.0,8031.0,9133.0,18361.0,18687.0,101614.0,18498.0,18985.0,18136.0,8111.0,9181.0
3451,8541.0,18512.0,9260.0,19032.0,19922.0,122016.0,18862.0,19199.0,18112.0,8133.0,8100.0
3452,8209.0,17863.0,9380.0,19013.0,18429.0,110620.0,18071.0,27789.0,8885.0,19714.0,8490.0
3453,8503.0,18065.0,8357.0,8153.0,18486.0,87091.0,19089.0,18525.0,7988.0,18485.0,7509.0
3454,8274.0,17263.0,9049.0,8432.0,18660.0,88585.0,29009.0,8691.0,18430.0,9328.0,8480.0
3455,8858.0,18640.0,9404.0,18573.0,19810.0,112959.0,8437.0,10027.0,8962.0,10150.0,9000.0
3456,8590.0,8348.0,8644.0,17908.0,19073.0,89056.0,18103.0,8059.0,18668.0,8053.0,8655.0
3457,9188.0,18810.0,9323.0,9424.0,17658.0,90378.0,19350.0,18018.0,17943.0,9333.0,7632.0
3458,18696.0,9671.0,9415.0,19129.0,18809.0,103420.0,18265.0,18132.0,18865.0,9207.0,9084.0
3459,8390.0,18260.0,7908.0,18896.0,8107.0,96743.0,19159.0,18297.0,8943.0,18654.0,7544.0
3460,8786.0,18410.0,9361.0,18475.0,17549.0,118845.0,18133.0,16388.0,19012.0,18077.0,8743.0
3461,8814.0,28058.0,9284.0,19016.0,18902.0,111295.0,18659.0,19370.0,17914.0,8710.0,8058.0
3462,9371.0,18287.0,8741.0,18018.0,8646.0,109029.0,28331.0,19595.0,18268.0,9096.0,8101.0
3463,8101.0,18047.0,9478.0,19089.0,18198.0,109769.0,28125.0,17415.0,18071.0,8724.0,8621.0
3464,8473.0,18099.0,9238.0,19424.0,8552.0,110555.0,28556.0,19633.0,19519.0,9248.0,8815.0
3465,8837.0,8783.0,9250.0,18323.0,17675.0,118867.0,28807.0,18974.0,8384.0,18037.0,9787.0
3466,9720.0,18782.0,9137.0,18048.0,27856.0,130097.0,28030.0,28680.0,19141.0,8716.0,9488.0
3467,9163.0,28554.0,8616.0,18141.0,18000.0,118305.0,19222.0,18087.0,9712.0,8464.0,8515.0
3468,8311.0,29676.0,9472.0,17674.0,19015.0,130550.0,17742.0,28899.0,8546.0,18655.0,8617.0
3469,7400.0,18944.0,8810.0,8851.0,18867.0,89956.0,39005.0,19303.0,18014.0,8849.0,8063.0
3470,8226.0,18278.0,7952.0,19356.0,18266.0,117445.0,18664.0,17852.0,18885.0,8383.0,8375.0
3471,9401.0,19562.0,8647.0,19210.0,7445.0,101543.0,19863.0,19171.0,17967.0,9452.0,7937.0
3472,8617.0,18787.0,9141.0,28329.0,8476.0,109197.0,29999.0,18853.0,19346.0,8296.0,7826.0
3473,7689.0,19379.0,9607.0,18909.0,9310.0,101308.0,18566.0,19229.0,19535.0,8751.0,7644.0
3474,8816.0,8721.0,9145.0,18822.0,17978.0,100180.0,18138.0,8147.0,17497.0,8392.0,7520.0
3475,8492.0,18702.0,8978.0,18446.0,8366.0,99479.0,18695.0,19359.0,17830.0,9208.0,7970.0
3476,8156.0,17837.0,8582.0,18889.0,18093.0,108733.0,18543.0,28700.0,9009.0,8075.0,8485.0
3477,8400.0,18020.0,8823.0,17808.0,17861.0,99099.0,19201.0,18175.0,17835.0,9350.0,8752.0
3478,8770.0,18890.0,9464.0,18493.0,17222.0,102230.0,28954.0,18541.0,17739.0,8585.0,
3479,8705.0,28285.0,8967.0,18053.0,8773.0,100521.0,19297.0,28065.0,18684.0,8027.0,8094.0
3480,8374.0,19151.0,9331.0,8811.0,18264.0,102452.0,19248.0,8280.0,19020.0,17987.0,9047.0
3481,7497.0,19142.0,8391.0,16964.0,8080.0,96421.0,26956.0,18544.0,18672.0,9221.0,8305.0
3482,9457.0,19188.0,9396.0,18952.0,17707.0,102358.0,18735.0,18977.0,8923.0,7582.0,8197.0
3483,8759.0,8453.0,8745.0,18226.0,18259.0,89724.0,18816.0,19478.0,18290.0,9659.0,8942.0
3484,8577.0,28225.0,8865.0,18361.0,19250.0,111523.0,29067.0,18387.0,18762.0,19481.0,8979.0
3485,8907.0,8580.0,8941.0,18228.0,18642.0,109602.0,29029.0,18368.0,18022.0,9444.0,8227.0
3486,7516.0,28558.0,8016.0,18490.0,9230.0,118116.0,28110.0,9186.0,19194.0,8709.0,8430.0
3487,9792.0,18580.0,8780.0,19691.0,8869.0,102550.0,19166.0,18178.0,28681.0,8720.0,18640.0
3488,9437.0,18449.0,8486.0,18029.0,8586.0,100348.0,18206.0,17968.0,19061.0,9218.0,8183.0
3489,7988.0,17736.0,8243.0,19547.0,18995.0,108303.0,29032.0,9291.0,18272.0,9269.0,9410.0
3490,8803.0,18619.0,8666.0,18159.0,8385.0,100243.0,18199.0,18637.0,18024.0,9320.0,9245.0
3491,8027.0,19250.0,8915.0,18557.0,18709.0,110018.0,18137.0,18075.0,29222.0,28586.0,8339.0
3492,8500.0,18214.0,9354.0,18784.0,17273.0,117352.0,18097.0,18316.0,18459.0,48294.0,8814.0
3493,8063.0,18314.0,9294.0,18155.0,18466.0,100443.0,18977.0,18623.0,17834.0,18854.0,8501.0
3494,8631.0,17987.0,9447.0,17980.0,7763.0,98101.0,19014.0,18818.0,17860.0,9167.0,6760.0
3495,9011.0,18809.0,8220.0,18437.0,19120.0,111037.0,27548.0,19662.0,19096.0,17498.0,7814.0
3496,8519.0,18433.0,9648.0,18633.0,8791.0,100142.0,27971.0,18708.0,9356.0,18874.0,7585.0
3497,9372.0,19342.0,9533.0,28571.0,9594.0,113513.0,29097.0,19200.0,18187.0,18621.0,9002.0
3498,8174.0,17447.0,8870.0,18473.0,19104.0,110374.0,27504.0,18143.0,19406.0,19192.0,8404.0
3499,8083.0,28016.0,8750.0,18334.0,18212.0,108306.0,29066.0,8365.0,19908.0,29045.0,8845.0
3500,7441.0,19340.0,7848.0,19334.0,18416.0,99763.0,28841.0,9186.0,18540.0,28566.0,8074.0
3501,8984.0,18355.0,8961.0,18143.0,17939.0,100649.0,18017.0,28337.0,18698.0,17959.0,8978.0
3502,8625.0,28149.0,7323.0,8632.0,18685.0,107564.0,27883.0,18024.0,17951.0,28764.0,8567.0
3503,8549.0,18188.0,9535.0,18182.0,19542.0,99468.0,28508.0,8804.0,19542.0,8061.0,6924.0
3504,8911.0,18381.0,9690.0,9280.0,18571.0,100633.0,27807.0,9246.0,17354.0,18709.0,7423.0
3505,8582.0,18235.0,9066.0,18385.0,8499.0,100219.0,17375.0,9145.0,18835.0,19447.0,8725.0
3506,8525.0,28227.0,8274.0,19208.0,19143.0,112268.0,28987.0,19616.0,17916.0,18289.0,8980.0
3507,9558.0,19625.0,9322.0,29069.0,9176.0,123114.0,18165.0,18622.0,17903.0,18143.0,8511.0
3508,9116.0,9195.0,9126.0,18489.0,17302.0,99883.0,17630.0,18119.0,8898.0,19222.0,7731.0
3509,8709.0,18500.0,9592.0,19579.0,18171.0,111262.0,28090.0,8698.0,18587.0,8609.0,8413.0
3510,8408.0,27965.0,8690.0,19641.0,18217.0,120156.0,27693.0,17961.0,18518.0,8189.0,8802.0
3511,8820.0,28240.0,8679.0,19007.0,17559.0,128817.0,27327.0,9212.0,17947.0,18616.0,7463.0
3512,8232.0,17564.0,9115.0,18068.0,9296.0,109506.0,29529.0,9782.0,18847.0,17940.0,8752.0
3513,8145.0,17858.0,9234.0,18620.0,9456.0,89712.0,28044.0,19444.0,18703.0,8400.0,8351.0
3514,8621.0,28144.0,8333.0,17545.0,18439.0,117072.0,27625.0,19096.0,18588.0,17092.0,6996.0
3515,8709.0,18271.0,8964.0,18229.0,19029.0,101183.0,28593.0,28231.0,28980.0,8426.0,9300.0
3516,7984.0,38030.0,8904.0,18116.0,18803.0,128480.0,27565.0,18329.0,28742.0,8307.0,8392.0
3517,9557.0,19097.0,8230.0,17346.0,9354.0,90715.0,19459.0,18806.0,18856.0,9466.0,8065.0
3518,9034.0,18707.0,17928.0,18810.0,19187.0,101848.0,28294.0,17336.0,18976.0,7439.0,
3519,8715.0,18673.0,8910.0,18269.0,18912.0,111133.0,28158.0,18731.0,18873.0,9028.0,9106.0
3520,9256.0,18785.0,9274.0,18295.0,17768.0,120764.0,18488.0,18709.0,17745.0,9017.0,9742.0
3521,9279.0,18917.0,8793.0,17982.0,18804.0,110196.0,19491.0,18270.0,8529.0,18141.0,18508.0
3522,9499.0,18508.0,9344.0,19451.0,18220.0,112949.0,18428.0,19312.0,18521.0,8374.0,10080.0
3523,9346.0,18602.0,8493.0,17477.0,19416.0,99690.0,28262.0,18826.0,18197.0,9338.0,8132.0
3524,8555.0,10104.0,9757.0,18156.0,18645.0,122191.0,28485.0,9755.0,18834.0,9505.0,8855.0
3525,8892.0,18458.0,8123.0,19091.0,9103.0,91347.0,19434.0,8651.0,18066.0,9067.0,9013.0
3526,9198.0,18984.0,9134.0,18601.0,18464.0,101564.0,18657.0,18607.0,8928.0,18626.0,8072.0
3527,7401.0,18013.0,9930.0,9307.0,17637.0,116888.0,18963.0,18913.0,19133.0,9184.0,8612.0
3528,8126.0,18661.0,9572.0,18326.0,18732.0,101030.0,28386.0,18838.0,8430.0,9607.0,8695.0
3529,8028.0,19323.0,9923.0,9125.0,18871.0,92176.0,19522.0,18783.0,19170.0,9429.0,8593.0
3530,8621.0,18520.0,7308.0,8906.0,19135.0,90620.0,17515.0,7881.0,28149.0,7212.0,9097.0
3531,9090.0,18965.0,9072.0,28033.0,8042.0,119804.0,18523.0,18286.0,18504.0,8853.0,7997.0
3532,8484.0,18203.0,9099.0,8744.0,18412.0,90385.0,17814.0,18147.0,18488.0,9103.0,9178.0
3533,9292.0,18970.0,9335.0,8753.0,9824.0,100178.0,18946.0,9188.0,18381.0,8166.0,8020.0
3534,8086.0,17658.0,8682.0,18019.0,8674.0,88825.0,29253.0,19289.0,18431.0,18011.0,8610.0
3535,8796.0,18289.0,8929.0,18268.0,18622.0,108263.0,28074.0,28007.0,18714.0,7862.0,7067.0
3536,9080.0,18147.0,8971.0,18595.0,18325.0,120118.0,28380.0,9254.0,19019.0,8850.0,7995.0
3537,8825.0,18262.0,8477.0,18897.0,9501.0,109703.0,18358.0,27919.0,9124.0,8348.0,7666.0
3538,9009.0,18586.0,8128.0,19379.0,9130.0,91174.0,28034.0,9129.0,18046.0,8238.0,9116.0
3539,8071.0,17660.0,8648.0,17801.0,19362.0,109820.0,19284.0,19135.0,17982.0,18671.0,8357.0
3540,7945.0,27057.0,9133.0,28315.0,8956.0,118803.0,18986.0,18755.0,17648.0,8499.0,8750.0
3541,9489.0,18974.0,8840.0,19055.0,9105.0,101929.0,18377.0,8307.0,18160.0,8162.0,7742.0
3542,8296.0,18064.0,8228.0,19246.0,18977.0,110608.0,18677.0,7915.0,27740.0,8012.0,8947.0
3543,7700.0,19288.0,9034.0,18269.0,8346.0,109033.0,28516.0,18972.0,19072.0,8850.0,8214.0
3544,9642.0,18661.0,8731.0,7964.0,17905.0,108601.0,18571.0,27915.0,18919.0,8328.0,8446.0
3545,8601.0,18143.0,9138.0,18594.0,18350.0,110510.0,27312.0,8127.0,18649.0,8306.0,8828.0
3546,8009.0,17332.0,8402.0,17411.0,8824.0,96933.0,28172.0,26880.0,19335.0,8446.0,8584.0
3547,8243.0,17733.0,8453.0,17261.0,18510.0,116875.0,19558.0,19424.0,18879.0,8499.0,17536.0
3548,8889.0,18483.0,8502.0,17445.0,18754.0,109063.0,29132.0,19359.0,17736.0,8646.0,7795.0
3549,8225.0,17498.0,9196.0,18910.0,18724.0,109478.0,28321.0,19282.0,19078.0,8286.0,8715.0
3550,7793.0,19034.0,8245.0,19308.0,18994.0,109003.0,28130.0,18347.0,17762.0,7947.0,8278.0
3551,9217.0,19395.0,9131.0,18834.0,18549.0,113574.0,18129.0,9101.0,18052.0,7957.0,9308.0
3552,8118.0,17766.0,9319.0,18758.0,8797.0,100452.0,28042.0,17469.0,9608.0,18723.0,8890.0
3553,7945.0,17656.0,8732.0,8420.0,18808.0,90041.0,18276.0,19482.0,9175.0,10044.0,8793.0
3554,8702.0,18405.0,8738.0,18155.0,8764.0,89854.0,28242.0,19493.0,9216.0,10242.0,9074.0
3555,7452.0,29110.0,9205.0,19162.0,18977.0,120780.0,19392.0,18631.0,9530.0,19146.0,8329.0
3556,8633.0,18811.0,8916.0,18642.0,19126.0,102378.0,28699.0,9187.0,18570.0,9264.0,8865.0
3557,8320.0,7944.0,9829.0,9168.0,18467.0,90046.0,20060.0,19000.0,9017.0,9270.0,8723.0
3558,8997.0,8933.0,9134.0,18574.0,18615.0,83569.0,18119.0,19039.0,8719.0,8841.0,
3559,7495.0,19004.0,8992.0,19120.0,8807.0,90718.0,28656.0,19693.0,9068.0,18709.0,8465.0
3560,8680.0,18327.0,8908.0,18135.0,17078.0,99105.0,27833.0,8780.0,17839.0,9218.0,8741.0
3561,8785.0,18614.0,8965.0,18605.0,8745.0,101338.0,28471.0,8326.0,19373.0,9319.0,9438.0
3562,8974.0,19045.0,9553.0,8490.0,18524.0,101140.0,18861.0,18042.0,19180.0,8843.0,7829.0
3563,8805.0,18571.0,8581.0,17840.0,8169.0,89910.0,18334.0,19257.0,7836.0,7659.0,9079.0
3564,8257.0,17508.0,8007.0,28087.0,18110.0,106997.0,19195.0,19882.0,9343.0,17445.0,8124.0
3565,8025.0,18861.0,7967.0,19211.0,8420.0,88326.0,18659.0,17345.0,7937.0,18908.0,8010.0
3566,9461.0,9386.0,8476.0,17819.0,17990.0,99428.0,18603.0,19348.0,19898.0,8829.0,7937.0
3567,8350.0,18425.0,9415.0,18978.0,18811.0,110775.0,17860.0,17977.0,19119.0,7414.0,8777.0
3568,9294.0,9067.0,8252.0,19115.0,19103.0,101212.0,19017.0,19144.0,18253.0,9371.0,9855.0
3569,8568.0,28151.0,9391.0,18707.0,9416.0,111172.0,19988.0,8540.0,19259.0,8267.0,8694.0
3570,9497.0,8922.0,8882.0,18119.0,18837.0,100675.0,19433.0,19113.0,18286.0,9001.0,9335.0
3571,9077.0,8782.0,8247.0,19067.0,19664.0,93414.0,19238.0,19007.0,8407.0,18811.0,9412.0
3572,9263.0,18755.0,8492.0,17968.0,18068.0,110130.0,19301.0,17662.0,17862.0,8945.0,8448.0
3573,9328.0,18711.0,9376.0,19083.0,8766.0,101533.0,18083.0,8050.0,17635.0,9135.0,8520.0
3574,8619.0,8001.0,18198.0,9363.0,18398.0,100624.0,18708.0,18088.0,9224.0,19278.0,8880.0
3575,7841.0,8171.0,9202.0,18109.0,17912.0,88778.0,19034.0,18296.0,18981.0,8707.0,8526.0
3576,7853.0,19399.0,9524.0,18951.0,18208.0,101305.0,18872.0,8813.0,18152.0,18751.0,8017.0
3577,7379.0,19444.0,8253.0,19590.0,18716.0,110389.0,18520.0,8429.0,18817.0,18950.0,8150.0
3578,8945.0,18744.0,7535.0,8957.0,18197.0,101353.0,18786.0,19258.0,8605.0,8648.0,9289.0
3579,9261.0,18801.0,9328.0,18481.0,8965.0,91080.0,19024.0,18139.0,18939.0,8397.0,8012.0
3580,8174.0,17726.0,9507.0,18588.0,9303.0,99878.0,17844.0,18132.0,18463.0,9082.0,8270.0
3581,8008.0,17723.0,9316.0,18710.0,7906.0,98765.0,28437.0,18520.0,18079.0,7994.0,9059.0
3582,8696.0,28358.0,9098.0,18451.0,8860.0,110249.0,18182.0,18056.0,18605.0,8427.0,7640.0
3583,7358.0,18212.0,8830.0,18656.0,18987.0,108848.0,28782.0,18325.0,18890.0,18267.0,8376.0
3584,8645.0,27508.0,7991.0,19366.0,18448.0,116459.0,18674.0,18320.0,18541.0,8093.0,7149.0
3585,8133.0,28031.0,8708.0,17866.0,8981.0,107923.0,17802.0,18798.0,8792.0,18456.0,8578.0
3586,8150.0,17320.0,18565.0,19795.0,8438.0,109650.0,19778.0,18767.0,18826.0,18475.0,8419.0
3587,9326.0,18766.0,9249.0,18695.0,8751.0,110680.0,28605.0,18428.0,9798.0,17579.0,7432.0
3588,8360.0,17987.0,9201.0,18411.0,27782.0,120422.0,17933.0,17953.0,8315.0,19164.0,9238.0
3589,7939.0,17772.0,8894.0,18001.0,19467.0,110179.0,17437.0,18861.0,18819.0,8540.0,8658.0
3590,8253.0,8342.0,8825.0,18229.0,19137.0,100004.0,19427.0,19238.0,18412.0,8726.0,8719.0
3591,9085.0,18710.0,9255.0,17682.0,17503.0,98245.0,27772.0,8698.0,18988.0,8574.0,7895.0
3592,8195.0,17608.0,7425.0,27792.0,9450.0,107873.0,18251.0,28068.0,9369.0,19531.0,8803.0
3593,8544.0,17875.0,8650.0,18085.0,9123.0,96681.0,28799.0,8317.0,19308.0,9452.0,8812.0
3594,8578.0,8383.0,8368.0,19148.0,7968.0,89934.0,18718.0,18745.0,18356.0,8287.0,8907.0
3595,8435.0,18554.0,8249.0,17566.0,8338.0,98612.0,28003.0,18218.0,9167.0,8490.0,9129.0
3596,8695.0,17956.0,9477.0,18774.0,18322.0,109819.0,17698.0,17938.0,18991.0,8678.0,7720.0
3597,8200.0,18148.0,9021.0,18550.0,9184.0,98621.0,19189.0,8518.0,18528.0,7743.0,8485.0
3598,7985.0,17057.0,8280.0,7507.0,18989.0,78814.0,18038.0,18454.0,19062.0,68035.0,
3599,8959.0,18453.0,7824.0,18741.0,8963.0,97612.0,18434.0,19456.0,9005.0,28898.0,7405.0
3600,8776.0,18115.0,8895.0,18024.0,17858.0,100111.0,28231.0,7855.0,18507.0,9270.0,8925.0
3601,8548.0,18288.0,9098.0,17962.0,19031.0,99469.0,19176.0,18657.0,17212.0,18890.0,8719.0
3602,8233.0,17817.0,9109.0,8763.0,19812.0,100242.0,38810.0,18460.0,18110.0,8520.0,8660.0
3603,8883.0,18375.0,9497.0,18733.0,18582.0,117151.0,28016.0,18521.0,18071.0,8778.0,7292.0
3604,9171.0,8682.0,8703.0,17954.0,18941.0,100596.0,29041.0,9143.0,18617.0,8441.0,18006.0
3605,8250.0,29526.0,9090.0,18072.0,7762.0,109816.0,19433.0,7914.0,18600.0,8741.0,8630.0
3606,8640.0,8252.0,8942.0,18447.0,18256.0,89641.0,18805.0,18404.0,18889.0,9266.0,8739.0
3607,9132.0,9153.0,17637.0,18417.0,9269.0,100406.0,17652.0,17385.0,9076.0,8606.0,7600.0
3608,8410.0,8555.0,9016.0,17929.0,18467.0,100176.0,18880.0,7940.0,18490.0,7992.0,9011.0
3609,8493.0,18081.0,8170.0,17423.0,9376.0,98611.0,17566.0,19102.0,17412.0,9336.0,8383.0
3610,9134.0,18481.0,7932.0,19011.0,17759.0,118547.0,19023.0,19076.0,19078.0,9334.0,7628.0
3611,7830.0,18717.0,9091.0,18122.0,18267.0,117775.0,18748.0,19504.0,19797.0,8812.0,8781.0
3612,8280.0,27286.0,8684.0,18114.0,19468.0,119966.0,28597.0,9321.0,18877.0,28306.0,8919.0
3613,8895.0,18557.0,8315.0,17755.0,18416.0,98248.0,27468.0,17772.0,18219.0,28305.0,8509.0
3614,7905.0,17247.0,8848.0,18616.0,9056.0,109788.0,18479.0,18692.0,28508.0,28346.0,8823.0
3615,8416.0,17522.0,8630.0,18646.0,8587.0,109239.0,28258.0,19282.0,18749.0,49439.0,8553.0
3616,8797.0,18054.0,9065.0,18138.0,19481.0,109801.0,28467.0,18768.0,9319.0,28321.0,7700.0
3617,8034.0,19146.0,8614.0,17864.0,18923.0,109145.0,19003.0,18898.0,18999.0,27210.0,8348.0
3618,8234.0,17628.0,8230.0,17834.0,8289.0,87314.0,29266.0,8480.0,17644.0,9365.0,8328.0
3619,8177.0,17731.0,8410.0,18519.0,18979.0,98987.0,28052.0,8902.0,17625.0,37392.0,8473.0
3620,8297.0,18187.0,9512.0,19073.0,8268.0,100869.0,19029.0,8953.0,18654.0,27157.0,8962.0
3621,8992.0,18548.0,8938.0,18434.0,8823.0,110426.0,28113.0,19070.0,18213.0,28769.0,9701.0
3622,9304.0,9363.0,8956.0,18456.0,8964.0,100770.0,18602.0,18830.0,18263.0,38439.0,9154.0
3623,8146.0,17748.0,9187.0,18528.0,18022.0,108653.0,17988.0,17662.0,9803.0,57258.0,8656.0
3624,9064.0,8574.0,8756.0,17998.0,16920.0,88513.0,28571.0,18287.0,18335.0,18895.0,9045.0
3625,9094.0,18865.0,7688.0,18241.0,18529.0,110947.0,28463.0,19447.0,18802.0,37931.0,9549.0
3626,18201.0,9512.0,8730.0,18494.0,18336.0,99943.0,37079.0,18608.0,18166.0,37481.0,8401.0
3627,8522.0,17682.0,9168.0,18493.0,18731.0,110637.0,28302.0,17870.0,8392.0,27811.0,8696.0
3628,8694.0,18205.0,8113.0,18570.0,7281.0,108913.0,28975.0,17545.0,9034.0,28560.0,9035.0
3629,9652.0,19142.0,8517.0,17315.0,8410.0,108176.0,18382.0,28396.0,8284.0,28029.0,8180.0
3630,18273.0,19866.0,8211.0,18608.0,17184.0,109103.0,18913.0,19153.0,17794.0,18667.0,8563.0
3631,8149.0,28674.0,9005.0,8783.0,18678.0,108739.0,18162.0,18694.0,8064.0,17623.0,8042.0
3632,8302.0,17691.0,8654.0,18167.0,19042.0,99672.0,27923.0,19032.0,7796.0,17702.0,8642.0
3633,8655.0,17844.0,9137.0,17768.0,17337.0,98772.0,27851.0,18205.0,19148.0,7999.0,9259.0
3634,9033.0,9111.0,7584.0,18280.0,18516.0,99689.0,18011.0,9804.0,17958.0,8330.0,9717.0
3635,8531.0,18310.0,9008.0,18900.0,9204.0,91006.0,27133.0,18817.0,17780.0,8211.0,8809.0
3636,8770.0,18580.0,9149.0,18845.0,18062.0,101009.0,18376.0,18313.0,8990.0,17634.0,8980.0
3637,8001.0,16710.0,8441.0,17176.0,8989.0,96035.0,28428.0,8092.0,19023.0,8052.0,8299.0
3638,8572.0,26968.0,8584.0,17866.0,7659.0,97869.0,38300.0,9167.0,18274.0,18543.0,
3639,8010.0,26527.0,8995.0,18443.0,17992.0,107188.0,17209.0,29550.0,17284.0,77847.0,8489.0
3640,8630.0,8598.0,8411.0,17408.0,17985.0,98813.0,18920.0,18888.0,18581.0,98067.0,8806.0
3641,8232.0,17417.0,8414.0,17998.0,8900.0,105836.0,17924.0,18598.0,9210.0,67148.0,8457.0
3642,8659.0,17730.0,8749.0,8085.0,18437.0,89965.0,18979.0,8996.0,18388.0,48519.0,9294.0
3643,9122.0,19067.0,9706.0,28572.0,7843.0,111657.0,38788.0,19361.0,18978.0,58139.0,8336.0
3644,8875.0,18740.0,7469.0,18606.0,8965.0,98677.0,28317.0,19040.0,18928.0,27848.0,7866.0
3645,8269.0,17566.0,8065.0,19136.0,18655.0,108896.0,18953.0,18846.0,18541.0,18472.0,8546.0
3646,8344.0,8243.0,8592.0,19138.0,17497.0,89472.0,19123.0,19100.0,8811.0,16812.0,8532.0
3647,9155.0,18408.0,8998.0,18485.0,7943.0,99712.0,18317.0,18364.0,18357.0,8227.0,7635.0
3648,8962.0,18134.0,8546.0,19270.0,7960.0,109481.0,18918.0,18718.0,18457.0,8613.0,9597.0
3649,8920.0,18904.0,8149.0,18784.0,19470.0,101489.0,27301.0,19639.0,19003.0,8894.0,7667.0
3650,9188.0,19462.0,9332.0,18881.0,9348.0,103802.0,19401.0,19935.0,19899.0,8923.0,8058.0
3651,9032.0,18426.0,9724.0,19488.0,9386.0,104138.0,19178.0,18378.0,17973.0,9582.0,9289.0
3652,17992.0,9883.0,9501.0,17968.0,18245.0,101910.0,19501.0,18741.0,19448.0,8444.0,9150.0
3653,8436.0,18357.0,10125.0,8583.0,19202.0,92896.0,19442.0,18223.0,9227.0,8183.0,8954.0
3654,7837.0,18378.0,7866.0,19400.0,8594.0,89822.0,18914.0,28685.0,17929.0,9811.0,8398.0
3655,9002.0,18512.0,9339.0,19241.0,19449.0,102690.0,28923.0,19734.0,8003.0,19175.0,7835.0
3656,8773.0,18740.0,8902.0,18054.0,8586.0,100990.0,18753.0,8818.0,17213.0,9243.0,8995.0
3657,8649.0,18017.0,8807.0,18461.0,9086.0,100855.0,19014.0,18196.0,8253.0,9798.0,8906.0
3658,9575.0,8829.0,9310.0,18638.0,19482.0,113840.0,29057.0,19052.0,18496.0,8877.0,17930.0
3659,8336.0,17892.0,8745.0,18118.0,19511.0,120061.0,20154.0,19160.0,18977.0,8925.0,8106.0
3660,8563.0,18200.0,9470.0,18688.0,18125.0,110094.0,19451.0,18895.0,19062.0,9220.0,8801.0
3661,9177.0,28743.0,18787.0,18657.0,19164.0,130873.0,28695.0,18856.0,8334.0,10081.0,8040.0
3662,8751.0,8013.0,9338.0,18953.0,9236.0,101196.0,18804.0,19454.0,19565.0,8102.0,9696.0
3663,8968.0,18316.0,7991.0,29499.0,18542.0,110297.0,38603.0,19041.0,18514.0,17712.0,9118.0
3664,9802.0,18255.0,9403.0,9405.0,18763.0,103246.0,19256.0,18935.0,9265.0,18454.0,18130.0
3665,8579.0,9019.0,8977.0,28484.0,8327.0,100480.0,29617.0,18894.0,18377.0,27034.0,9355.0
3666,8977.0,19268.0,7980.0,18914.0,9298.0,101542.0,18666.0,18741.0,9499.0,18416.0,7902.0
3667,8722.0,18447.0,8201.0,19616.0,19157.0,103314.0,19015.0,18711.0,9064.0,27957.0,9122.0
3668,9181.0,18637.0,8734.0,18684.0,18821.0,102031.0,29207.0,19108.0,8933.0,18764.0,9077.0
3669,8196.0,18500.0,9067.0,19477.0,8215.0,90656.0,27757.0,9719.0,18174.0,18125.0,8371.0
3670,8527.0,18463.0,8446.0,18237.0,8517.0,100132.0,28857.0,8689.0,18844.0,18278.0,8473.0
3671,8483.0,8751.0,9152.0,28527.0,8173.0,101957.0,20098.0,17365.0,8687.0,28267.0,9261.0
3672,8616.0,18509.0,8241.0,28053.0,9524.0,109860.0,18083.0,17897.0,9678.0,28275.0,8715.0
3673,8878.0,18630.0,9171.0,18513.0,8937.0,100137.0,19082.0,19639.0,9134.0,18624.0,7686.0
3674,8905.0,8713.0,9687.0,9259.0,19743.0,101720.0,19197.0,18270.0,19767.0,18165.0,19121.0
3675,8174.0,17350.0,8342.0,19718.0,19657.0,100840.0,19788.0,19117.0,19194.0,7598.0,8005.0
3676,8521.0,18301.0,9383.0,8542.0,18019.0,109997.0,17551.0,18195.0,19001.0,9231.0,8917.0
3677,8216.0,8029.0,18049.0,9208.0,18003.0,89283.0,18225.0,19390.0,19260.0,9319.0,8884.0
3678,9535.0,18984.0,8960.0,19013.0,18803.0,103041.0,18675.0,19483.0,8983.0,8241.0,8385.0
3679,8769.0,18351.0,9326.0,19049.0,18663.0,92461.0,19230.0,18163.0,18935.0,127627.0,
3680,8283.0,17930.0,8586.0,18115.0,18492.0,109594.0,19428.0,8496.0,19124.0,18881.0,8460.0
3681,8842.0,17975.0,9496.0,19189.0,9609.0,102100.0,28813.0,8851.0,18837.0,8408.0,8433.0
3682,18592.0,8260.0,8903.0,28439.0,8310.0,120592.0,29738.0,8911.0,19482.0,9033.0,8847.0
3683,8290.0,17580.0,9223.0,9018.0,18692.0,101225.0,19077.0,18125.0,18477.0,9415.0,9118.0
3684,8694.0,18756.0,18460.0,19344.0,8936.0,101689.0,37360.0,18494.0,18269.0,18698.0,9020.0
3685,7956.0,19331.0,8568.0,17905.0,18798.0,100060.0,29407.0,9023.0,19383.0,8868.0,8560.0
3686,8011.0,9345.0,8255.0,19426.0,18378.0,92480.0,18230.0,19079.0,19468.0,9104.0,9585.0
3687,8516.0,28598.0,9846.0,9133.0,19298.0,103144.0,19492.0,18667.0,7507.0,19213.0,8403.0
3688,9469.0,9234.0,8973.0,18431.0,7955.0,101109.0,18797.0,8168.0,19000.0,8954.0,18626.0
3689,9381.0,19329.0,9502.0,19027.0,19266.0,103862.0,19845.0,18453.0,18926.0,9389.0,8581.0
3690,8951.0,19239.0,8729.0,8364.0,19349.0,93132.0,28644.0,18711.0,9177.0,18226.0,9133.0
3691,8933.0,18452.0,7868.0,17814.0,19546.0,99918.0,19355.0,18916.0,18273.0,8687.0,9045.0
3692,8891.0,28691.0,9236.0,8984.0,18130.0,120930.0,18591.0,17929.0,18580.0,9188.0,9210.0
3693,8586.0,18467.0,8491.0,8419.0,18701.0,110228.0,29476.0,8378.0,19463.0,9688.0,8974.0
3694,8903.0,8385.0,19093.0,9100.0,18518.0,101317.0,19735.0,19581.0,19359.0,8129.0,9044.0
3695,9233.0,9109.0,9165.0,18527.0,8656.0,102180.0,18118.0,19501.0,18448.0,9628.0,9854.0
3696,8443.0,17983.0,8647.0,8079.0,18304.0,97999.0,18870.0,9493.0,19071.0,8619.0,8299.0
3697,18055.0,9863.0,8631.0,18653.0,8415.0,101927.0,19091.0,19458.0,8061.0,8293.0,9334.0
3698,8830.0,18555.0,9315.0,18630.0,18360.0,101910.0,28875.0,18914.0,9324.0,9001.0,9062.0
3699,8552.0,18205.0,9059.0,18361.0,18057.0,100345.0,29025.0,8994.0,17908.0,8245.0,9251.0
3700,8266.0,17586.0,9277.0,19001.0,8180.0,99732.0,18341.0,18872.0,8630.0,9244.0,8408.0
3701,8479.0,8467.0,18336.0,19046.0,9451.0,101401.0,18603.0,8575.0,19580.0,8009.0,8720.0
3702,8754.0,18526.0,8549.0,8050.0,18959.0,88323.0,19478.0,18802.0,18665.0,8920.0,7498.0
3703,8225.0,8068.0,8863.0,18267.0,18638.0,89155.0,19569.0,9355.0,9928.0,18843.0,8311.0
3704,8220.0,8124.0,18516.0,18706.0,9123.0,109261.0,29693.0,18475.0,9462.0,8971.0,9817.0
3705,8878.0,18774.0,8976.0,17970.0,8999.0,91988.0,18012.0,18701.0,18212.0,9570.0,9204.0
3706,9559.0,18894.0,9013.0,17927.0,9016.0,101936.0,18537.0,18303.0,17477.0,8089.0,7989.0
3707,8753.0,8759.0,8228.0,18112.0,19253.0,89532.0,29234.0,9458.0,18183.0,7609.0,8224.0
3708,8827.0,18636.0,8197.0,19263.0,18826.0,110616.0,29212.0,18731.0,18823.0,9612.0,7796.0
3709,8324.0,18366.0,9890.0,8568.0,18399.0,91286.0,18520.0,19370.0,8264.0,9438.0,8571.0
3710,7674.0,18793.0,9408.0,19668.0,8381.0,102022.0,19281.0,17915.0,9042.0,19171.0,8495.0
3711,9118.0,8968.0,9658.0,18828.0,8631.0,102234.0,19315.0,8709.0,19500.0,8952.0,9329.0
3712,18156.0,19354.0,9192.0,18577.0,8868.0,111087.0,28954.0,18296.0,9065.0,8540.0,8499.0
3713,8648.0,18264.0,9379.0,19438.0,8098.0,102382.0,19351.0,19565.0,18672.0,9438.0,9227.0
3714,8294.0,18107.0,9515.0,19495.0,9596.0,102934.0,18249.0,19332.0,9235.0,9560.0,8372.0
3715,9697.0,19086.0,9015.0,18774.0,9237.0,102870.0,18641.0,19389.0,8070.0,9241.0,8394.0
3716,8912.0,8583.0,9017.0,18646.0,8725.0,82975.0,19871.0,19138.0,9060.0,19166.0,9468.0
3717,9536.0,9578.0,9612.0,18752.0,9125.0,103620.0,18381.0,19718.0,9135.0,8214.0,18107.0
3718,7700.0,19181.0,9020.0,18843.0,19982.0,101393.0,19059.0,19133.0,8685.0,18801.0,8065.0
3719,9426.0,19504.0,8840.0,18196.0,8607.0,92341.0,29128.0,8390.0,18599.0,19087.0,8255.0
3720,7830.0,19114.0,8307.0,18363.0,9783.0,83031.0,18311.0,18737.0,9485.0,19316.0,
3721,8465.0,18338.0,8907.0,18195.0,7977.0,99624.0,18864.0,19343.0,9133.0,9918.0,8805.0
3722,7606.0,19456.0,9262.0,19140.0,9592.0,93417.0,19004.0,18943.0,18925.0,9029.0,8336.0
3723,9344.0,18402.0,8389.0,17665.0,18652.0,109927.0,19046.0,9242.0,17772.0,8289.0,7831.0
3724,8993.0,8908.0,9653.0,19825.0,8232.0,83053.0,28873.0,18907.0,9670.0,18676.0,9114.0
3725,8997.0,28770.0,8815.0,17814.0,8691.0,121538.0,29273.0,17810.0,18072.0,9412.0,8388.0
3726,8287.0,7579.0,8838.0,18478.0,17277.0,87452.0,17568.0,18373.0,19961.0,8920.0,8213.0
3727,8577.0,18292.0,7456.0,19683.0,19116.0,99743.0,17858.0,9422.0,18526.0,9282.0,7751.0
3728,9229.0,18889.0,8052.0,9063.0,18885.0,100706.0,19226.0,18773.0,9674.0,8563.0,7865.0
3729,8814.0,8811.0,18623.0,19686.0,7692.0,101754.0,19927.0,8162.0,19428.0,8016.0,9451.0
3730,8944.0,18628.0,8031.0,19342.0,8432.0,101674.0,29201.0,9677.0,19038.0,9235.0,9135.0
3731,8210.0,8208.0,9718.0,18842.0,18906.0,91466.0,18324.0,18846.0,19363.0,9197.0,8426.0
3732,8846.0,18177.0,8565.0,17972.0,18780.0,108499.0,18437.0,18443.0,18822.0,19289.0,7700.0
3733,8980.0,17987.0,8876.0,18148.0,19695.0,101353.0,28865.0,8707.0,19083.0,18459.0,8890.0
3734,8082.0,7863.0,8493.0,17957.0,18288.0,88460.0,19371.0,18427.0,8774.0,29606.0,8533.0
3735,8985.0,8257.0,18364.0,19167.0,8211.0,101191.0,28399.0,9528.0,18240.0,29738.0,9209.0
3736,8823.0,8900.0,18236.0,9959.0,18088.0,92288.0,28932.0,9325.0,19313.0,29039.0,9153.0
3737,8365.0,8332.0,9580.0,19064.0,7636.0,92038.0,19197.0,18769.0,19639.0,28770.0,9291.0
3738,8360.0,17861.0,8662.0,19415.0,8685.0,100398.0,19387.0,8905.0,17978.0,28649.0,7199.0
3739,8646.0,18396.0,9464.0,19253.0,9589.0,104139.0,29787.0,8416.0,18519.0,18331.0,9283.0
3740,8170.0,8379.0,9817.0,19625.0,18373.0,102327.0,18033.0,19556.0,9240.0,19261.0,8345.0
3741,8117.0,19326.0,9480.0,9067.0,19258.0,91749.0,28968.0,19598.0,8799.0,19589.0,7767.0
3742,9501.0,19336.0,8723.0,18317.0,8202.0,100625.0,19525.0,18271.0,8373.0,17943.0,7777.0
3743,8131.0,19457.0,8384.0,9335.0,19408.0,92986.0,18380.0,8765.0,17941.0,8056.0,8469.0
3744,8278.0,8040.0,9059.0,18801.0,17495.0,90274.0,19629.0,19031.0,8378.0,7586.0,8618.0
3745,8810.0,18598.0,9071.0,8655.0,18711.0,92454.0,18197.0,19358.0,7796.0,9543.0,9061.0
3746,9287.0,19451.0,9321.0,18842.0,9208.0,102866.0,18828.0,19175.0,9797.0,19077.0,7712.0
3747,9463.0,20003.0,8554.0,18392.0,8934.0,101434.0,28669.0,9505.0,19481.0,9516.0,18084.0
3748,8864.0,18815.0,9279.0,18645.0,8521.0,100298.0,18954.0,9160.0,19077.0,18571.0,7577.0
3749,9223.0,8980.0,9416.0,18687.0,17722.0,92365.0,28311.0,9125.0,19351.0,38389.0,9528.0
3750,9294.0,8766.0,8433.0,17933.0,9308.0,91025.0,19717.0,18105.0,18654.0,59082.0,17993.0
3751,8836.0,8658.0,9320.0,18993.0,19256.0,92099.0,19141.0,17234.0,7839.0,56640.0,9012.0
3752,9403.0,9299.0,9716.0,18656.0,8609.0,93519.0,19694.0,18517.0,19065.0,38546.0,8914.0
3753,8735.0,17779.0,8468.0,17526.0,18565.0,98582.0,19374.0,9663.0,18757.0,19118.0,8677.0
3754,9277.0,8942.0,18362.0,9349.0,9042.0,101186.0,18387.0,8179.0,18499.0,18029.0,18034.0
3755,7550.0,19159.0,8415.0,18432.0,8084.0,89047.0,18261.0,18629.0,9077.0,9287.0,8289.0
3756,9006.0,18384.0,8938.0,18191.0,19457.0,110909.0,28631.0,19260.0,18428.0,8796.0,8297.0
3757,8096.0,18502.0,9515.0,18561.0,18465.0,120932.0,29111.0,9171.0,29479.0,8205.0,19643.0
3758,8097.0,18294.0,9165.0,19345.0,9073.0,92181.0,19801.0,8323.0,19051.0,8004.0,8678.0
3759,19042.0,8874.0,8527.0,19010.0,19223.0,102122.0,17728.0,17689.0,8479.0,18514.0,9128.0
3760,7325.0,18704.0,8017.0,18606.0,19319.0,90692.0,17999.0,18503.0,9310.0,9389.0,
3761,8627.0,8582.0,8436.0,9620.0,18728.0,90591.0,18284.0,18592.0,9752.0,9388.0,9127.0
3762,9368.0,8786.0,9981.0,9582.0,19848.0,92071.0,19284.0,18711.0,19058.0,8678.0,8138.0
3763,8879.0,8207.0,8669.0,18196.0,17970.0,90176.0,28664.0,18986.0,9061.0,9068.0,9265.0
3764,9636.0,18555.0,8793.0,18658.0,7980.0,91550.0,28898.0,9016.0,18716.0,9387.0,8537.0
3765,9186.0,18826.0,9006.0,18564.0,18394.0,101108.0,19073.0,18423.0,19366.0,9303.0,8510.0
3766,8943.0,18927.0,8246.0,17682.0,8805.0,100720.0,20008.0,19535.0,19626.0,8445.0,8865.0
3767,8833.0,18414.0,8562.0,18468.0,9710.0,102612.0,19280.0,19850.0,19534.0,8544.0,9083.0
3768,8847.0,8661.0,18316.0,9858.0,18113.0,90944.0,19173.0,17470.0,8594.0,10273.0,7544.0
3769,9076.0,19185.0,8398.0,18171.0,9473.0,101067.0,18677.0,18491.0,9337.0,9408.0,7525.0
3770,7855.0,19000.0,8119.0,19094.0,8323.0,99733.0,18684.0,8971.0,19124.0,9224.0,8459.0
3771,9400.0,19076.0,8906.0,8482.0,9708.0,99550.0,17805.0,17212.0,18523.0,7682.0,8170.0
3772,9030.0,8736.0,8405.0,17490.0,18166.0,91240.0,28510.0,9268.0,18681.0,8269.0,9369.0
3773,8779.0,8533.0,8822.0,18355.0,9311.0,90975.0,18810.0,19485.0,8001.0,8548.0,8906.0
3774,8637.0,28580.0,8337.0,17008.0,17988.0,117073.0,29788.0,29188.0,9608.0,17962.0,7708.0
3775,9122.0,18312.0,8721.0,19412.0,18847.0,102265.0,28986.0,9332.0,18832.0,8613.0,9053.0
3776,8799.0,8494.0,8450.0,17596.0,17436.0,80286.0,28543.0,19217.0,9681.0,19053.0,9464.0
3777,7733.0,8054.0,8472.0,9232.0,18445.0,97783.0,28878.0,18027.0,19105.0,39109.0,8127.0
3778,8756.0,28556.0,8957.0,18687.0,19406.0,132974.0,18890.0,8738.0,19092.0,17957.0,9057.0
3779,7995.0,18023.0,8552.0,18798.0,8587.0,89840.0,28854.0,19316.0,8767.0,28334.0,8219.0
3780,8636.0,28612.0,9944.0,9121.0,19058.0,102214.0,18188.0,18344.0,7859.0,28438.0,8686.0
3781,8522.0,18607.0,17723.0,8967.0,18208.0,100413.0,18812.0,19108.0,18844.0,39558.0,9069.0
3782,8549.0,17955.0,9334.0,19168.0,8758.0,90076.0,29808.0,9284.0,18801.0,29366.0,8194.0
3783,8408.0,18073.0,9138.0,18965.0,9076.0,90375.0,19011.0,19632.0,18482.0,39133.0,8640.0
3784,8792.0,8153.0,9704.0,18992.0,9329.0,82889.0,19060.0,19377.0,19096.0,38825.0,9246.0
3785,8745.0,18239.0,9111.0,19206.0,8005.0,100598.0,18906.0,19669.0,9435.0,38577.0,7658.0
3786,9587.0,19672.0,18301.0,8595.0,18534.0,102117.0,18008.0,18024.0,8926.0,58035.0,8183.0
3787,8232.0,17953.0,8039.0,18159.0,9584.0,100029.0,18569.0,19256.0,8973.0,47807.0,8395.0
3788,9407.0,8860.0,8518.0,19395.0,8660.0,92875.0,19473.0,18239.0,19689.0,40159.0,9813.0
3789,8564.0,18429.0,9937.0,9359.0,19157.0,101989.0,28809.0,9718.0,19049.0,47088.0,8833.0
3790,9204.0,18643.0,8222.0,17233.0,8582.0,98873.0,18367.0,19021.0,19170.0,38117.0,7794.0
3791,9226.0,18857.0,9037.0,27867.0,8046.0,109713.0,27240.0,17914.0,8452.0,49410.0,8579.0
3792,9001.0,18458.0,9306.0,19054.0,9446.0,92901.0,28525.0,8484.0,8691.0,28943.0,9211.0
3793,9199.0,19263.0,9653.0,9201.0,18860.0,101738.0,18567.0,8300.0,18839.0,19169.0,7485.0
3794,8813.0,18871.0,9296.0,19286.0,9050.0,103915.0,28030.0,19338.0,18967.0,18199.0,9223.0
3795,8590.0,18030.0,8078.0,18998.0,18532.0,109692.0,29172.0,9428.0,18158.0,18746.0,8890.0
3796,9870.0,9079.0,9434.0,19077.0,18120.0,102735.0,28548.0,9271.0,18421.0,9145.0,18340.0
3797,8897.0,18917.0,9527.0,18889.0,7613.0,102213.0,18469.0,9340.0,18842.0,9457.0,8363.0
3798,9007.0,8763.0,8673.0,17703.0,18514.0,91126.0,18384.0,19109.0,9415.0,9392.0,9065.0
3799,7738.0,19143.0,8117.0,18821.0,8632.0,88269.0,29359.0,9273.0,18837.0,9133.0,7567.0
3800,8629.0,18164.0,9249.0,18494.0,8479.0,101003.0,17644.0,18723.0,17926.0,9118.0,8969.0
3801,9799.0,9502.0,9767.0,18989.0,8438.0,84143.0,18536.0,19362.0,8852.0,8078.0,
3802,9068.0,18570.0,8787.0,18619.0,18545.0,101425.0,18320.0,19072.0,8847.0,9965.0,9025.0
3803,7983.0,18131.0,9764.0,9295.0,18641.0,91143.0,18762.0,18961.0,8305.0,19107.0,8280.0
3804,9227.0,19272.0,8492.0,18286.0,7741.0,101149.0,18301.0,18976.0,9291.0,19337.0,8612.0
3805,18305.0,9187.0,18158.0,9990.0,18364.0,100705.0,28030.0,8273.0,19040.0,8913.0,8121.0
3806,9464.0,19423.0,9415.0,19313.0,9475.0,104577.0,18312.0,17781.0,18718.0,9509.0,7870.0
3807,8353.0,17769.0,8506.0,17110.0,7988.0,86967.0,28718.0,9284.0,19050.0,8813.0,8701.0
3808,9898.0,9095.0,9534.0,18961.0,9221.0,103604.0,19105.0,18237.0,18124.0,8916.0,18039.0
3809,8394.0,8154.0,18067.0,9348.0,19391.0,89121.0,19051.0,17905.0,8680.0,9413.0,6957.0
3810,8062.0,17940.0,8494.0,17920.0,9583.0,99706.0,19559.0,7420.0,18645.0,8960.0,8880.0
3811,9339.0,19406.0,8476.0,18011.0,9654.0,101837.0,27844.0,9766.0,9136.0,18754.0,8229.0
3812,8771.0,8706.0,8581.0,18219.0,19836.0,92134.0,18516.0,19013.0,9566.0,19384.0,9343.0
3813,9541.0,19305.0,8935.0,18392.0,9383.0,102472.0,18247.0,19039.0,8802.0,9735.0,7984.0
3814,8137.0,18614.0,8429.0,17125.0,18903.0,98971.0,18409.0,17968.0,19088.0,18059.0,8923.0
3815,8859.0,18725.0,8924.0,18267.0,18524.0,102138.0,19360.0,19498.0,8487.0,19159.0,9278.0
3816,9294.0,18926.0,9309.0,8787.0,17491.0,90647.0,28375.0,8479.0,18482.0,18371.0,7476.0
3817,7779.0,19005.0,8335.0,17599.0,7868.0,87361.0,18212.0,18057.0,9259.0,18502.0,8421.0
3818,8202.0,19658.0,8303.0,17903.0,18072.0,99741.0,28437.0,8518.0,18487.0,19638.0,9146.0
3819,9195.0,8850.0,8708.0,18066.0,17947.0,98873.0,19272.0,18867.0,9870.0,18403.0,9520.0
3820,8546.0,8306.0,8642.0,18644.0,19604.0,91847.0,28322.0,18897.0,8022.0,37787.0,8786.0
3821,9930.0,19713.0,8961.0,28102.0,17553.0,121248.0,28603.0,18630.0,9455.0,68496.0,18123.0
3822,8233.0,18227.0,7981.0,19839.0,8178.0,99218.0,18743.0,18085.0,8227.0,68205.0,8370.0
3823,8535.0,17757.0,8252.0,17463.0,8388.0,97126.0,18723.0,19426.0,17805.0,99097.0,8444.0
3824,9520.0,18922.0,9683.0,19023.0,9444.0,94213.0,29520.0,9147.0,17893.0,98425.0,8428.0
3825,7535.0,18950.0,8745.0,18701.0,8899.0,89299.0,19520.0,18728.0,8418.0,68153.0,8294.0
3826,8444.0,18461.0,8828.0,18332.0,8443.0,100233.0,18288.0,9462.0,19307.0,57869.0,8794.0
3827,8650.0,18525.0,9577.0,18691.0,18409.0,103015.0,18489.0,18250.0,19127.0,69722.0,9050.0
3828,8234.0,18195.0,9329.0,19126.0,18723.0,101098.0,29052.0,9192.0,17936.0,68740.0,8763.0
3829,8652.0,18656.0,9435.0,19023.0,8703.0,100718.0,8942.0,19409.0,8204.0,48697.0,7631.0
3830,8583.0,28611.0,8139.0,18584.0,19259.0,110675.0,18873.0,19231.0,10010.0,38854.0,8641.0
3831,8859.0,18031.0,8517.0,17919.0,7786.0,98401.0,19611.0,9551.0,18152.0,38182.0,8941.0
3832,8621.0,17866.0,8083.0,9319.0,18051.0,100206.0,8940.0,18752.0,18259.0,48063.0,8840.0
3833,8441.0,17919.0,8795.0,18330.0,8097.0,97208.0,9118.0,16995.0,7926.0,56625.0,8661.0
3834,8826.0,9284.0,8245.0,18905.0,9701.0,102720.0,19113.0,9417.0,18902.0,59577.0,10118.0
3835,8886.0,8688.0,9625.0,19462.0,8877.0,93723.0,18478.0,8967.0,18041.0,49412.0,8930.0
3836,9000.0,9104.0,8745.0,18141.0,8442.0,90558.0,19018.0,19086.0,9354.0,67214.0,7793.0
3837,7962.0,17400.0,8608.0,18252.0,18650.0,108923.0,19455.0,19053.0,18953.0,87427.0,8358.0
3838,8046.0,18533.0,9068.0,19976.0,18181.0,121438.0,18946.0,19322.0,19162.0,49344.0,9186.0
3839,9256.0,18842.0,8513.0,7971.0,18607.0,89302.0,18076.0,8978.0,18787.0,68070.0,8006.0
3840,8086.0,17403.0,9743.0,19000.0,9249.0,90492.0,28598.0,8104.0,19337.0,58032.0,8371.0
3841,18179.0,9823.0,8633.0,18525.0,17737.0,91637.0,18514.0,19561.0,18936.0,59290.0,
3842,9020.0,28105.0,7872.0,19232.0,9274.0,109546.0,19777.0,7322.0,18952.0,67153.0,8247.0
3843,9051.0,18426.0,8374.0,18175.0,8096.0,88832.0,17719.0,18313.0,9053.0,58385.0,7550.0
3844,8321.0,18824.0,8857.0,8422.0,18089.0,90042.0,19091.0,8441.0,17360.0,48370.0,8535.0
3845,9179.0,18622.0,8826.0,17917.0,9223.0,91030.0,19144.0,9587.0,18266.0,69282.0,8138.0
3846,8496.0,8396.0,9437.0,18635.0,19173.0,91509.0,18872.0,18696.0,18483.0,47488.0,8886.0
3847,8997.0,28700.0,9768.0,9296.0,18224.0,102789.0,18438.0,18248.0,18247.0,58925.0,8336.0
3848,9087.0,18513.0,8501.0,17920.0,9173.0,102096.0,17824.0,9400.0,19165.0,57974.0,9269.0
3849,8863.0,18248.0,9003.0,18191.0,18935.0,101019.0,18014.0,18678.0,9081.0,48872.0,9053.0
3850,8979.0,18781.0,8615.0,7991.0,9983.0,89383.0,19024.0,18419.0,18164.0,58090.0,7283.0
3851,8470.0,17849.0,8578.0,18453.0,9651.0,91541.0,19220.0,19096.0,8518.0,59287.0,8402.0
3852,8352.0,18172.0,8373.0,17732.0,8565.0,99300.0,27567.0,9100.0,18465.0,38379.0,8856.0
3853,8876.0,8883.0,8174.0,18997.0,8554.0,91403.0,27529.0,18755.0,19430.0,38782.0,9012.0
3854,8430.0,18558.0,8438.0,17876.0,18337.0,98253.0,28193.0,8992.0,18431.0,19286.0,7918.0
3855,8009.0,8171.0,8355.0,19212.0,8102.0,89100.0,18839.0,17683.0,18617.0,28678.0,8706.0
3856,8991.0,18541.0,8941.0,18360.0,9100.0,110387.0,18941.0,18802.0,19006.0,19251.0,9691.0
3857,8559.0,8344.0,18086.0,9840.0,17667.0,97741.0,27455.0,17488.0,8858.0,18669.0,16410.0
3858,8972.0,18012.0,8748.0,19021.0,8389.0,100118.0,18119.0,29417.0,19134.0,9808.0,8925.0
3859,8931.0,18274.0,8909.0,18193.0,8210.0,99816.0,29211.0,8785.0,19213.0,18841.0,8007.0
3860,9326.0,19269.0,8615.0,18190.0,9326.0,90928.0,18380.0,18024.0,19357.0,8447.0,8051.0
3861,8770.0,18418.0,9339.0,18248.0,8356.0,99942.0,18124.0,18115.0,8605.0,18433.0,9004.0
3862,8953.0,28870.0,8686.0,18537.0,8506.0,111467.0,18629.0,19316.0,8445.0,18614.0,9203.0
3863,8838.0,19256.0,8791.0,18511.0,8307.0,90097.0,27596.0,19620.0,8730.0,8963.0,7377.0
3864,9280.0,18758.0,8902.0,18170.0,18613.0,102164.0,29257.0,8938.0,19430.0,8392.0,9142.0
3865,8737.0,8801.0,8598.0,18164.0,8270.0,81460.0,20276.0,19076.0,9311.0,9720.0,9391.0
3866,7810.0,17553.0,8226.0,19666.0,17911.0,97881.0,18899.0,19072.0,8723.0,8122.0,8376.0
3867,9483.0,19676.0,7989.0,19140.0,8161.0,91749.0,28300.0,18812.0,9684.0,9346.0,7853.0
3868,9283.0,18796.0,9250.0,18950.0,9793.0,93471.0,28542.0,8151.0,17280.0,9765.0,8158.0
3869,8972.0,18451.0,8140.0,17670.0,19502.0,110554.0,28331.0,19027.0,8509.0,18496.0,9990.0
3870,8795.0,18562.0,9395.0,16969.0,18088.0,99364.0,18206.0,18894.0,9205.0,18077.0,8839.0
3871,9079.0,18968.0,9175.0,17939.0,9569.0,90694.0,38577.0,8953.0,19164.0,8751.0,8203.0
3872,8030.0,19345.0,8272.0,18729.0,8806.0,99941.0,18578.0,9191.0,18926.0,9216.0,9025.0
3873,7688.0,19046.0,8856.0,8379.0,9924.0,89871.0,29239.0,9436.0,19151.0,8748.0,8209.0
3874,8276.0,18170.0,7634.0,18608.0,9316.0,98626.0,17184.0,17101.0,8988.0,17742.0,8684.0
3875,9126.0,18577.0,9251.0,18633.0,18260.0,111267.0,18455.0,8713.0,19219.0,9605.0,8137.0
3876,9064.0,18958.0,9280.0,8970.0,18758.0,91715.0,28662.0,9456.0,19166.0,8832.0,7420.0
3877,9510.0,18403.0,7932.0,19546.0,8691.0,101111.0,18454.0,18305.0,8364.0,19068.0,7428.0
3878,8865.0,18885.0,9164.0,8616.0,19445.0,103745.0,19363.0,8397.0,18147.0,9419.0,9099.0
3879,8080.0,28371.0,8297.0,7735.0,19433.0,98603.0,17923.0,19258.0,8742.0,18865.0,8345.0
3880,8715.0,18076.0,9075.0,8919.0,18908.0,100451.0,19365.0,19922.0,9196.0,8702.0,8215.0
3881,7524.0,9265.0,8273.0,29145.0,9313.0,99622.0,28884.0,9172.0,18936.0,8904.0,9273.0
3882,8737.0,18316.0,16175.0,8720.0,18026.0,89226.0,18823.0,18708.0,7688.0,18982.0,
3883,9262.0,8751.0,8869.0,18848.0,19851.0,101751.0,19269.0,18762.0,8683.0,8660.0,18058.0
3884,9524.0,9129.0,8615.0,17525.0,19059.0,90403.0,29532.0,10067.0,17561.0,8405.0,7528.0
3885,8199.0,17222.0,8962.0,18661.0,9184.0,90003.0,29477.0,18791.0,7938.0,19767.0,8581.0
3886,7907.0,19414.0,8454.0,18113.0,8940.0,88799.0,18942.0,18792.0,9468.0,9482.0,8257.0
3887,9189.0,18889.0,8575.0,18454.0,7573.0,98518.0,28395.0,18704.0,8830.0,19035.0,7584.0
3888,8033.0,19600.0,8064.0,18817.0,8809.0,110465.0,29004.0,8947.0,18966.0,8921.0,8181.0
3889,7495.0,19028.0,9534.0,19125.0,8991.0,101680.0,17782.0,18155.0,19354.0,9379.0,8127.0
3890,8750.0,8712.0,8660.0,18271.0,18398.0,101717.0,18046.0,8796.0,19523.0,19598.0,9102.0
3891,8806.0,18402.0,8916.0,17757.0,8441.0,100690.0,18303.0,19410.0,18575.0,9735.0,9002.0
3892,8137.0,17652.0,8226.0,17689.0,7642.0,97089.0,28046.0,9050.0,19299.0,8234.0,8353.0
3893,9348.0,18658.0,8914.0,18768.0,8324.0,102180.0,17865.0,8832.0,18132.0,9589.0,8816.0
3894,7818.0,19163.0,8173.0,18729.0,8783.0,97012.0,18503.0,8733.0,17614.0,8775.0,6434.0
3895,8778.0,8671.0,18217.0,18448.0,9019.0,100702.0,28750.0,8186.0,18136.0,9324.0,9075.0
3896,8882.0,18528.0,9056.0,18436.0,9126.0,101892.0,19147.0,19433.0,9056.0,8866.0,9373.0
3897,8446.0,18175.0,9484.0,19204.0,19143.0,102369.0,19041.0,18634.0,9403.0,9415.0,8492.0
3898,8611.0,17954.0,8358.0,28971.0,7903.0,99970.0,20205.0,19079.0,8341.0,8393.0,9199.0
3899,8729.0,8702.0,9124.0,18527.0,8992.0,102063.0,19786.0,17370.0,8037.0,18839.0,8893.0
3900,8650.0,18605.0,9364.0,19320.0,19378.0,111757.0,19320.0,19149.0,8970.0,18416.0,7936.0
3901,8546.0,18125.0,8110.0,18770.0,18181.0,99788.0,27768.0,18890.0,9617.0,9269.0,8969.0
3902,8090.0,17571.0,7830.0,19303.0,9300.0,99411.0,18927.0,7881.0,19424.0,9380.0,8921.0
3903,9316.0,9028.0,8939.0,28248.0,8572.0,109824.0,8847.0,18243.0,19251.0,9169.0,9785.0
3904,8008.0,7480.0,9104.0,18461.0,19303.0,89197.0,28325.0,20174.0,9716.0,9754.0,8193.0
3905,8091.0,19361.0,9291.0,19060.0,9167.0,92310.0,28057.0,9294.0,18429.0,9026.0,7986.0
3906,8281.0,18044.0,7805.0,18955.0,9377.0,99170.0,19188.0,9118.0,18234.0,9594.0,8495.0
3907,8828.0,8619.0,8204.0,29161.0,9349.0,101781.0,18367.0,8658.0,18386.0,9606.0,9079.0
3908,8638.0,8112.0,8817.0,18249.0,18868.0,89573.0,19099.0,18308.0,18705.0,8427.0,9151.0
3909,9600.0,19554.0,8429.0,18866.0,9279.0,92927.0,28056.0,7811.0,17920.0,8287.0,7779.0
3910,9147.0,18704.0,9519.0,19606.0,19378.0,104572.0,16888.0,9109.0,18466.0,9252.0,9254.0
3911,8254.0,18132.0,9252.0,18481.0,18811.0,109546.0,29761.0,9005.0,28831.0,9443.0,7889.0
3912,8850.0,17964.0,9042.0,18274.0,7994.0,89446.0,29561.0,20133.0,7612.0,18358.0,9171.0
3913,8578.0,8053.0,9151.0,18667.0,18344.0,89673.0,19365.0,18354.0,19272.0,29331.0,8918.0
3914,8021.0,8129.0,18581.0,9598.0,18021.0,90309.0,17932.0,18066.0,8630.0,28926.0,8749.0
3915,8676.0,18026.0,8454.0,18246.0,19254.0,100776.0,29145.0,8758.0,19403.0,28617.0,9114.0
3916,8504.0,18425.0,9100.0,17741.0,8489.0,90286.0,28502.0,8801.0,17886.0,48959.0,8578.0
3917,8415.0,18372.0,8048.0,20001.0,8628.0,101373.0,18573.0,19660.0,9001.0,76536.0,8605.0
3918,18401.0,9100.0,9310.0,18662.0,17996.0,101330.0,27992.0,8923.0,19339.0,79262.0,8823.0
3919,9278.0,19616.0,7531.0,18419.0,18477.0,100952.0,28248.0,8510.0,18335.0,97446.0,8178.0
3920,9369.0,19215.0,8294.0,7755.0,19393.0,101162.0,19071.0,17348.0,9168.0,87891.0,8356.0
3921,7256.0,18953.0,9330.0,18925.0,8719.0,100122.0,19395.0,8205.0,19263.0,135660.0,8329.0
3922,9515.0,8626.0,9272.0,18749.0,18151.0,93387.0,19096.0,9039.0,19123.0,48188.0,
3923,8154.0,17906.0,8415.0,18119.0,16840.0,96780.0,29008.0,8380.0,18663.0,88837.0,8535.0
3924,9485.0,18954.0,8431.0,18486.0,8620.0,99981.0,27608.0,19090.0,18423.0,67796.0,8223.0
3925,9234.0,18798.0,8415.0,18170.0,18173.0,99496.0,18075.0,8134.0,18721.0,76975.0,7336.0
3926,8819.0,18241.0,9302.0,19051.0,9112.0,90310.0,28176.0,8186.0,19248.0,57894.0,7657.0
3927,9105.0,19180.0,8653.0,17856.0,9238.0,100941.0,18260.0,18083.0,7485.0,58959.0,8418.0
3928,7865.0,17459.0,7983.0,18749.0,8621.0,86762.0,28442.0,8708.0,18436.0,58216.0,8248.0
3929,8778.0,17999.0,8560.0,17692.0,9288.0,97086.0,18697.0,9122.0,17597.0,37723.0,7471.0
3930,8195.0,17981.0,9091.0,18702.0,8583.0,100038.0,27939.0,8981.0,9990.0,39568.0,8810.0
3931,8656.0,8573.0,9685.0,19363.0,8936.0,83261.0,29564.0,17607.0,9133.0,28578.0,9133.0
3932,9013.0,8959.0,8663.0,17533.0,18503.0,91094.0,17988.0,20032.0,19482.0,28951.0,8819.0
3933,9497.0,18977.0,8862.0,17760.0,9392.0,90396.0,28437.0,9033.0,18616.0,46773.0,7952.0
3934,8538.0,18416.0,7705.0,18985.0,18580.0,100010.0,27881.0,8921.0,18554.0,28569.0,9129.0
3935,8206.0,18560.0,9713.0,8509.0,18360.0,91311.0,17990.0,18545.0,9350.0,28692.0,8849.0
3936,9130.0,18145.0,8386.0,18197.0,17689.0,98021.0,28716.0,8455.0,19190.0,9371.0,8109.0
3937,8814.0,9451.0,8930.0,18369.0,18564.0,91709.0,28787.0,8652.0,18698.0,9042.0,9002.0
3938,9229.0,19031.0,8380.0,17716.0,9205.0,98569.0,19220.0,16847.0,17941.0,9250.0,7421.0
3939,9679.0,9030.0,18165.0,19191.0,7742.0,110784.0,27367.0,8451.0,19076.0,8983.0,18068.0
3940,7859.0,17389.0,7639.0,18174.0,9335.0,96518.0,18910.0,17466.0,19055.0,9127.0,8133.0
3941,8215.0,18064.0,8533.0,18336.0,19012.0,100044.0,18361.0,8236.0,18319.0,9290.0,8546.0
3942,9357.0,19144.0,9384.0,18930.0,8505.0,91781.0,27536.0,19271.0,18867.0,18497.0,8045.0
3943,8625.0,18056.0,7914.0,19157.0,9424.0,100742.0,18561.0,19249.0,18433.0,7790.0,8927.0
3944,8274.0,17536.0,8128.0,18808.0,17598.0,96820.0,19051.0,9275.0,17988.0,8528.0,8424.0
3945,8915.0,18312.0,9204.0,18622.0,8037.0,100787.0,18793.0,18717.0,17671.0,8242.0,8934.0
3946,8696.0,8603.0,8028.0,18763.0,17238.0,99271.0,18728.0,17875.0,18643.0,9152.0,9100.0
3947,8125.0,19053.0,9015.0,8779.0,18331.0,90612.0,19092.0,18589.0,8843.0,18697.0,8233.0
3948,8263.0,17604.0,8924.0,18398.0,8590.0,97295.0,19156.0,18153.0,8585.0,37885.0,8392.0
3949,8477.0,18272.0,8262.0,17584.0,18223.0,106767.0,18660.0,18549.0,18642.0,29381.0,8678.0
3950,8503.0,18113.0,9317.0,18645.0,18791.0,100410.0,28431.0,8395.0,18490.0,28609.0,7537.0
3951,8208.0,8260.0,9207.0,18466.0,18447.0,99486.0,18228.0,18025.0,18699.0,38303.0,9452.0
3952,9283.0,18766.0,9394.0,18694.0,9208.0,102221.0,17873.0,18942.0,18075.0,48412.0,7946.0
3953,8735.0,8609.0,8526.0,18322.0,19340.0,90887.0,19056.0,19485.0,9338.0,48708.0,9036.0
3954,8626.0,18591.0,9112.0,18599.0,19049.0,111220.0,18319.0,9311.0,18118.0,47542.0,8759.0
3955,8464.0,18302.0,8467.0,17244.0,9225.0,89311.0,19790.0,9847.0,19056.0,57324.0,8761.0
3956,8125.0,17790.0,9420.0,8708.0,18855.0,90629.0,26941.0,8591.0,19231.0,78529.0,8537.0
3957,8555.0,8096.0,8401.0,17742.0,8461.0,89509.0,18629.0,18533.0,9109.0,68404.0,8898.0
3958,8963.0,18511.0,8620.0,18440.0,8728.0,101035.0,18114.0,19383.0,9339.0,78600.0,9016.0
3959,8940.0,8735.0,18186.0,18598.0,8718.0,91005.0,29423.0,19249.0,8052.0,49140.0,9155.0
3960,8521.0,18503.0,8747.0,18255.0,18152.0,90652.0,19296.0,19269.0,8566.0,30002.0,8924.0
3961,8978.0,19582.0,9319.0,8822.0,20027.0,95564.0,9352.0,19594.0,9491.0,30925.0,9188.0
3962,9037.0,9075.0,9380.0,18527.0,9050.0,74559.0,19528.0,9907.0,10138.0,40625.0,
3963,8918.0,8935.0,9873.0,20688.0,10172.0,88386.0,19522.0,20849.0,8835.0,18914.0,9637.0
3964,8376.0,18624.0,9215.0,18135.0,9116.0,99937.0,19214.0,17842.0,8939.0,8172.0,8740.0
3965,8838.0,18457.0,7853.0,18110.0,18357.0,98328.0,19453.0,18975.0,16861.0,9018.0,7562.0
3966,9213.0,18987.0,8444.0,17901.0,9076.0,99210.0,17714.0,18573.0,8535.0,19035.0,8015.0
3967,8872.0,18339.0,9453.0,9015.0,18072.0,102226.0,27712.0,8233.0,19189.0,18848.0,10190.0
3968,8050.0,7537.0,18129.0,9734.0,9565.0,90110.0,18627.0,8912.0,18888.0,29492.0,8341.0
3969,9289.0,8917.0,9100.0,18662.0,8465.0,102466.0,18643.0,18885.0,18927.0,28733.0,18257.0
3970,8311.0,17523.0,8819.0,18384.0,18279.0,97955.0,18285.0,18655.0,8642.0,47953.0,8466.0
3971,8404.0,18069.0,9001.0,18994.0,18202.0,110919.0,18554.0,9231.0,10173.0,58477.0,9126.0
3972,8429.0,8373.0,18706.0,19207.0,9318.0,100915.0,19443.0,19116.0,9018.0,38201.0,8702.0
3973,9265.0,19058.0,9394.0,18929.0,9189.0,93244.0,28465.0,9126.0,18672.0,49741.0,8062.0
3974,9057.0,18616.0,8439.0,17808.0,9260.0,89566.0,18936.0,19390.0,7572.0,48366.0,8779.0
3975,7925.0,9324.0,8887.0,18640.0,18418.0,89947.0,18141.0,19041.0,18754.0,37914.0,8557.0
3976,8685.0,18504.0,7995.0,19121.0,7982.0,101627.0,18909.0,19696.0,9234.0,37997.0,9319.0
3977,8848.0,18591.0,9666.0,9145.0,19125.0,93213.0,17041.0,18377.0,8720.0,27688.0,8910.0
3978,8482.0,18327.0,9109.0,18753.0,9828.0,91777.0,18264.0,19317.0,8767.0,27714.0,7656.0
3979,8720.0,8485.0,18655.0,8967.0,18668.0,90889.0,19160.0,18382.0,18821.0,7913.0,9342.0
3980,9357.0,9445.0,10053.0,9348.0,18585.0,91600.0,19185.0,19031.0,18862.0,7280.0,7927.0
3981,8787.0,18639.0,9314.0,18634.0,7905.0,91012.0,17790.0,18654.0,17880.0,8963.0,8865.0
3982,9242.0,19188.0,8567.0,17472.0,18764.0,100769.0,17814.0,18297.0,9276.0,9939.0,8324.0
3983,9107.0,19073.0,9434.0,18702.0,9314.0,101319.0,18918.0,17747.0,8107.0,18415.0,7936.0
3984,8817.0,18562.0,9255.0,18810.0,9250.0,93493.0,28883.0,8805.0,19251.0,8250.0,9270.0
3985,8143.0,18260.0,8432.0,17327.0,8731.0,87130.0,18460.0,18350.0,18584.0,18734.0,8407.0
3986,8736.0,17790.0,9211.0,18610.0,8243.0,99702.0,18098.0,17999.0,18306.0,18647.0,8591.0
3987,8462.0,18294.0,8584.0,18369.0,8113.0,89707.0,28993.0,8803.0,19386.0,28231.0,8428.0
3988,8792.0,18984.0,9175.0,8875.0,18558.0,90919.0,18694.0,19592.0,7955.0,29535.0,7372.0
3989,9213.0,18910.0,8510.0,17133.0,18253.0,99050.0,18868.0,8664.0,19369.0,29299.0,8251.0
3990,8593.0,8584.0,9154.0,18709.0,8209.0,81971.0,28722.0,9323.0,18851.0,47737.0,9145.0
3991,7629.0,19298.0,9261.0,19096.0,8748.0,100887.0,18077.0,18624.0,8078.0,28450.0,8135.0
3992,9114.0,18625.0,9315.0,8754.0,18356.0,92646.0,27874.0,7433.0,18988.0,17302.0,9219.0
3993,18391.0,9895.0,9309.0,17909.0,9042.0,102582.0,19296.0,9530.0,18842.0,29025.0,9043.0
3994,9127.0,19187.0,8028.0,18930.0,7871.0,99974.0,28662.0,9128.0,18250.0,28629.0,9253.0
3995,8544.0,17953.0,8994.0,18749.0,8192.0,99712.0,19219.0,18838.0,9247.0,38670.0,8590.0
3996,8629.0,9299.0,9276.0,18751.0,19522.0,103149.0,18014.0,20159.0,9114.0,37695.0,9657.0
3997,18143.0,9728.0,9020.0,18848.0,18678.0,102186.0,18783.0,19003.0,19554.0,48115.0,8236.0
3998,9151.0,9004.0,8710.0,28162.0,9668.0,90585.0,28027.0,18306.0,18858.0,28819.0,7560.0
3999,8166.0,18248.0,8661.0,8206.0,18363.0,89431.0,28256.0,9332.0,18799.0,28017.0,8858.0
4000,9199.0,18670.0,9307.0,18961.0,8709.0,102835.0,18953.0,18200.0,18744.0,28814.0,9747.0
4001,8526.0,17991.0,8416.0,18364.0,8931.0,98818.0,19155.0,18519.0,18748.0,28580.0,8555.0
4002,8369.0,18131.0,8513.0,18054.0,8985.0,80782.0,19835.0,17446.0,8443.0,18973.0,
4003,7806.0,18567.0,8038.0,17311.0,19172.0,98950.0,18383.0,19267.0,8081.0,48733.0,8313.0
4004,9360.0,19406.0,9306.0,18428.0,18610.0,101980.0,27239.0,8119.0,18842.0,18083.0,8037.0
4005,7285.0,9413.0,8960.0,18567.0,19268.0,90769.0,28850.0,8865.0,17832.0,8020.0,8280.0
4006,8975.0,8891.0,9195.0,18445.0,8829.0,100768.0,17482.0,7660.0,27516.0,17721.0,9377.0
4007,8745.0,8861.0,9163.0,18935.0,19465.0,112492.0,18838.0,18909.0,19174.0,8222.0,18819.0
4008,9730.0,9163.0,8983.0,18302.0,9088.0,102833.0,18495.0,18745.0,9086.0,8429.0,17812.0
4009,8503.0,17992.0,9559.0,9105.0,18314.0,90311.0,18047.0,8916.0,18836.0,8140.0,8880.0
4010,8687.0,8645.0,9069.0,18430.0,18424.0,101283.0,37993.0,9746.0,18326.0,18533.0,8853.0
4011,9034.0,8997.0,9035.0,18744.0,18163.0,89725.0,17841.0,19112.0,19281.0,8344.0,7391.0
4012,8729.0,18391.0,9146.0,18991.0,8684.0,101173.0,18308.0,18182.0,18910.0,8933.0,9056.0
4013,8809.0,8584.0,8410.0,17897.0,8489.0,90524.0,19485.0,19402.0,9340.0,19573.0,9011.0
4014,9065.0,8844.0,8806.0,18145.0,9131.0,82586.0,27204.0,8373.0,18229.0,8512.0,9370.0
4015,8821.0,18592.0,7921.0,18834.0,8283.0,99766.0,19347.0,19179.0,9229.0,18238.0,9117.0
4016,8398.0,18338.0,9743.0,9430.0,19036.0,92173.0,18549.0,18676.0,18737.0,19186.0,8918.0
4017,10179.0,8973.0,9566.0,18977.0,9156.0,102503.0,19767.0,9328.0,19232.0,8763.0,8619.0
4018,9045.0,28370.0,8759.0,18822.0,17698.0,118826.0,18044.0,19680.0,17945.0,18444.0,7693.0
4019,18197.0,19662.0,9309.0,9127.0,18935.0,102051.0,17743.0,18575.0,8349.0,9502.0,8584.0
4020,8402.0,17934.0,8418.0,18068.0,9257.0,99278.0,18454.0,19003.0,9156.0,19183.0,9053.0
4021,8891.0,18758.0,8967.0,18693.0,8393.0,98840.0,18975.0,28912.0,9028.0,9180.0,7625.0
4022,9263.0,19247.0,9007.0,18270.0,8762.0,100856.0,29007.0,19118.0,9735.0,7901.0,8162.0
4023,8459.0,18800.0,9241.0,8428.0,18065.0,91912.0,17665.0,18835.0,18416.0,8952.0,9024.0
4024,8402.0,18149.0,9379.0,18431.0,8279.0,90356.0,19181.0,17823.0,9208.0,8600.0,8533.0
4025,10111.0,8704.0,8766.0,18627.0,8018.0,100660.0,18597.0,9481.0,18246.0,9391.0,8647.0
4026,7789.0,19030.0,9454.0,19159.0,8564.0,91582.0,27509.0,7829.0,18439.0,9236.0,8431.0
4027,7539.0,17951.0,8719.0,18418.0,7997.0,107476.0,28199.0,9059.0,18114.0,18170.0,8305.0
4028,7997.0,18574.0,8266.0,18103.0,8772.0,99370.0,18382.0,18349.0,19979.0,8397.0,8491.0
4029,8673.0,18044.0,8757.0,18612.0,9240.0,99728.0,18683.0,8216.0,19021.0,8809.0,9033.0
4030,9551.0,19221.0,8094.0,18831.0,17317.0,100766.0,19203.0,7751.0,18447.0,9408.0,7935.0
4031,9425.0,18978.0,8304.0,17647.0,9423.0,101430.0,17951.0,18966.0,18046.0,9144.0,9017.0
4032,7993.0,7443.0,9198.0,17942.0,19097.0,89559.0,18997.0,18255.0,9054.0,8630.0,8304.0
4033,9302.0,8669.0,9368.0,18637.0,18744.0,92119.0,19524.0,18189.0,9305.0,18756.0,9154.0
4034,8284.0,7698.0,8552.0,18462.0,18124.0,97386.0,19150.0,18592.0,18235.0,9015.0,8129.0
4035,8424.0,18275.0,8027.0,19165.0,9008.0,99671.0,19118.0,18315.0,8494.0,19052.0,8908.0
4036,9096.0,18726.0,9242.0,9087.0,18850.0,91308.0,28921.0,8603.0,18428.0,18966.0,7303.0
4037,8633.0,19623.0,7779.0,19242.0,8124.0,100286.0,18868.0,8391.0,17768.0,9596.0,8523.0
4038,8911.0,18204.0,9432.0,18521.0,18766.0,101159.0,27706.0,20023.0,9738.0,8752.0,7902.0
4039,9259.0,9121.0,8465.0,18945.0,18619.0,90800.0,17857.0,8891.0,17829.0,8262.0,7999.0
4040,8780.0,18470.0,9104.0,18360.0,8757.0,100947.0,17387.0,17694.0,18954.0,17998.0,9079.0
4041,8681.0,8304.0,18196.0,9678.0,7958.0,89955.0,18660.0,9195.0,17841.0,17913.0,8736.0
4042,8515.0,8215.0,9046.0,18740.0,8421.0,81967.0,17782.0,18216.0,9422.0,7963.0,
4043,8436.0,18086.0,8491.0,18218.0,18587.0,100168.0,18114.0,17717.0,19157.0,7614.0,8888.0
4044,9006.0,18676.0,9088.0,8541.0,19142.0,92565.0,19075.0,18788.0,18204.0,8307.0,9302.0
4045,7957.0,19121.0,8996.0,8398.0,19123.0,90189.0,18461.0,18555.0,19034.0,9350.0,8289.0
4046,9090.0,19336.0,9532.0,8751.0,18480.0,93482.0,19461.0,9355.0,8625.0,19094.0,9082.0
4047,8330.0,17841.0,8768.0,18082.0,8847.0,89496.0,18382.0,28383.0,18935.0,8980.0,8557.0
4048,8268.0,8147.0,8612.0,18206.0,18229.0,89326.0,17859.0,16970.0,9331.0,7441.0,9142.0
4049,9046.0,18534.0,8447.0,17661.0,8680.0,101064.0,18040.0,9231.0,10048.0,9736.0,9250.0
4050,7889.0,18148.0,8213.0,18985.0,9574.0,90269.0,18199.0,18629.0,18602.0,9666.0,8470.0
4051,8277.0,17839.0,7894.0,7888.0,17946.0,87700.0,19008.0,18428.0,19004.0,7999.0,8951.0
4052,8693.0,18286.0,8879.0,18042.0,7270.0,87586.0,28741.0,8879.0,17576.0,19159.0,7320.0
4053,9728.0,9624.0,9270.0,18393.0,19121.0,103862.0,18383.0,19299.0,18959.0,8637.0,18354.0
4054,7436.0,9245.0,9238.0,18331.0,19168.0,90516.0,18897.0,19465.0,8689.0,29063.0,8231.0
4055,9484.0,8967.0,8725.0,10005.0,9369.0,99314.0,18159.0,18302.0,18493.0,8246.0,8189.0
4056,8754.0,8726.0,18209.0,18905.0,8176.0,90038.0,19117.0,19150.0,17817.0,9382.0,9067.0
4057,8596.0,17834.0,7772.0,17272.0,9125.0,98415.0,9407.0,28508.0,8483.0,18551.0,8875.0
4058,8251.0,17818.0,8227.0,18884.0,9087.0,88799.0,19160.0,18497.0,18415.0,9014.0,8500.0
4059,8339.0,27321.0,8874.0,8196.0,18063.0,98196.0,19105.0,8065.0,18826.0,9061.0,8493.0
4060,8926.0,18858.0,7788.0,18518.0,8774.0,109611.0,18430.0,7678.0,18727.0,8175.0,9647.0
4061,8815.0,17880.0,9424.0,8266.0,18721.0,91594.0,17981.0,18443.0,17838.0,9046.0,9292.0
4062,9910.0,9049.0,9450.0,19038.0,7835.0,101609.0,17427.0,18364.0,9268.0,9112.0,18084.0
4063,8794.0,18795.0,8039.0,19152.0,9257.0,91788.0,18731.0,18127.0,18866.0,8660.0,9038.0
4064,8802.0,18384.0,8806.0,17976.0,18822.0,99359.0,18678.0,19340.0,8951.0,9092.0,8055.0
4065,9346.0,19246.0,8889.0,18726.0,8779.0,91071.0,18710.0,18288.0,18250.0,9229.0,8101.0
4066,8426.0,18208.0,8058.0,19396.0,9053.0,101181.0,19425.0,9603.0,18706.0,9528.0,9024.0
4067,8754.0,18769.0,8337.0,17763.0,8827.0,88324.0,17847.0,19004.0,19033.0,9149.0,7727.0
4068,9388.0,9074.0,8290.0,18057.0,8691.0,98757.0,9028.0,18096.0,18353.0,8705.0,9586.0
4069,9433.0,19122.0,8849.0,18277.0,9076.0,101251.0,18352.0,18230.0,8023.0,18533.0,8466.0
4070,9250.0,8542.0,8041.0,19205.0,8867.0,89367.0,28308.0,18807.0,17446.0,9223.0,9612.0
4071,8410.0,7950.0,18835.0,9602.0,17967.0,98534.0,18673.0,18112.0,9819.0,9624.0,7261.0
4072,9310.0,19043.0,8762.0,17942.0,8816.0,100888.0,19312.0,18466.0,10068.0,8870.0,7971.0
4073,9478.0,9177.0,8929.0,18368.0,8350.0,100771.0,19214.0,18223.0,18798.0,8755.0,9745.0
4074,8213.0,18372.0,9180.0,9093.0,18915.0,101161.0,17143.0,8126.0,18069.0,8639.0,8576.0
4075,9304.0,19007.0,8846.0,10082.0,18169.0,99593.0,18343.0,17897.0,9211.0,9217.0,7921.0
4076,8522.0,18135.0,7891.0,19111.0,8942.0,98642.0,19009.0,18606.0,17645.0,8533.0,8659.0
4077,8720.0,18875.0,8922.0,18420.0,9083.0,92052.0,18447.0,18177.0,8812.0,9179.0,8669.0
4078,9436.0,8837.0,8843.0,19103.0,8166.0,102243.0,18576.0,19104.0,9468.0,9304.0,9689.0
4079,9596.0,18504.0,8603.0,7944.0,18226.0,99744.0,18803.0,18093.0,8588.0,9379.0,17425.0
4080,7953.0,18615.0,8947.0,18409.0,8298.0,89749.0,18181.0,19248.0,10259.0,9427.0,8406.0
4081,8360.0,18075.0,9167.0,18815.0,8934.0,91340.0,19227.0,19433.0,7434.0,8912.0,8601.0
4082,17292.0,9352.0,9102.0,18538.0,19278.0,92706.0,18065.0,17160.0,8707.0,9287.0,
4083,8599.0,8328.0,18756.0,9788.0,18458.0,91573.0,18802.0,18172.0,19460.0,8296.0,9020.0
4084,9139.0,18872.0,9654.0,9084.0,19003.0,92971.0,18922.0,18837.0,8013.0,7986.0,9090.0
4085,9126.0,9000.0,7963.0,18351.0,8277.0,79839.0,28552.0,9426.0,18820.0,9047.0,7764.0
4086,9009.0,18715.0,8488.0,17645.0,8671.0,90163.0,18450.0,18314.0,9269.0,19148.0,9082.0
4087,8406.0,8441.0,9024.0,18463.0,9410.0,89585.0,18523.0,19214.0,8454.0,9726.0,7525.0
4088,7789.0,19045.0,9308.0,8667.0,18140.0,89366.0,29031.0,8247.0,18991.0,8410.0,8605.0
4089,8529.0,8068.0,9479.0,18662.0,8834.0,90875.0,18826.0,18386.0,8172.0,9373.0,8625.0
4090,9586.0,19487.0,8137.0,19510.0,9268.0,101798.0,18390.0,9062.0,18870.0,9838.0,7159.0
4091,8646.0,18472.0,8690.0,8336.0,17963.0,99774.0,8879.0,18844.0,8731.0,18360.0,8899.0
4092,9453.0,18843.0,8118.0,17169.0,18036.0,99184.0,19471.0,19512.0,9119.0,19368.0,8765.0
4093,9159.0,18419.0,8458.0,18176.0,9240.0,99410.0,18609.0,19486.0,19211.0,28150.0,7625.0
4094,8563.0,8370.0,9334.0,18950.0,8584.0,91101.0,8675.0,18112.0,17424.0,48174.0,8369.0
4095,17933.0,9820.0,8270.0,16926.0,7986.0,98616.0,19025.0,9739.0,19139.0,59141.0,8840.0
4096,8725.0,18099.0,8919.0,18028.0,8209.0,99599.0,18195.0,9239.0,18077.0,66862.0,8802.0
4097,8166.0,18275.0,8251.0,17797.0,8734.0,88264.0,28293.0,18760.0,7881.0,88459.0,7766.0
4098,8723.0,18654.0,8899.0,18094.0,19016.0,101501.0,17784.0,18879.0,7828.0,87848.0,8541.0
4099,8915.0,17998.0,8713.0,18489.0,18961.0,100948.0,19330.0,19311.0,8515.0,78537.0,9022.0
4100,9625.0,9252.0,7655.0,19197.0,8697.0,81855.0,27476.0,8715.0,18508.0,78071.0,8397.0
4101,8683.0,17584.0,9501.0,18537.0,9190.0,100441.0,17843.0,18968.0,8582.0,117726.0,8907.0
4102,8701.0,18178.0,8306.0,8057.0,18076.0,87577.0,18974.0,19211.0,17088.0,87043.0,7699.0
4103,7851.0,9142.0,9177.0,19325.0,18180.0,90215.0,18615.0,9030.0,18633.0,127215.0,8180.0
4104,18545.0,10147.0,8723.0,17189.0,18403.0,100761.0,27997.0,9363.0,19263.0,77663.0,8376.0
4105,9611.0,8634.0,7909.0,19311.0,9389.0,101020.0,19424.0,18876.0,8986.0,87337.0,17479.0
4106,9120.0,18863.0,8637.0,8138.0,19225.0,89431.0,18070.0,18413.0,8168.0,47832.0,7941.0
4107,8451.0,18138.0,9649.0,17757.0,18448.0,99132.0,19108.0,19435.0,18430.0,28195.0,8777.0
4108,9141.0,8662.0,9227.0,18332.0,9012.0,102412.0,19126.0,18584.0,8695.0,28604.0,18156.0
4109,8696.0,18290.0,7845.0,9470.0,17998.0,88991.0,17609.0,18535.0,8143.0,26499.0,8906.0
4110,9427.0,18640.0,8716.0,18272.0,9015.0,100070.0,18444.0,7859.0,18687.0,9208.0,8065.0
4111,8688.0,18277.0,8711.0,18562.0,9269.0,100699.0,17776.0,17566.0,8567.0,18267.0,8984.0
4112,8702.0,8499.0,9090.0,18691.0,19002.0,91007.0,18224.0,19300.0,18275.0,8310.0,8918.0
4113,8092.0,17939.0,8415.0,17642.0,8373.0,97446.0,19008.0,8489.0,18368.0,18746.0,8494.0
4114,8368.0,18872.0,8994.0,8629.0,18640.0,91336.0,18700.0,17792.0,9019.0,17648.0,8758.0
4115,9251.0,18534.0,9011.0,8830.0,18177.0,90177.0,18891.0,18789.0,17567.0,37748.0,7420.0
4116,8672.0,18324.0,8892.0,19135.0,9348.0,101421.0,18504.0,19158.0,8629.0,67763.0,9724.0
4117,7640.0,18814.0,8555.0,18296.0,8821.0,89775.0,19112.0,18294.0,9387.0,77076.0,8256.0
4118,8376.0,18123.0,8843.0,7973.0,19186.0,89090.0,19469.0,8947.0,17829.0,68682.0,8697.0
4119,9002.0,18288.0,8237.0,7891.0,18298.0,88852.0,29022.0,8789.0,19290.0,56721.0,9085.0
4120,9224.0,19236.0,8803.0,18614.0,9108.0,92611.0,28469.0,18572.0,8004.0,97945.0,8686.0
4121,8271.0,8269.0,17595.0,8201.0,19304.0,88716.0,18156.0,19310.0,19078.0,107957.0,8297.0
4122,9477.0,8943.0,9078.0,18605.0,19214.0,93983.0,17848.0,18287.0,7563.0,88564.0,9613.0
4123,8997.0,19093.0,9162.0,18733.0,9295.0,83922.0,19005.0,18384.0,18339.0,18552.0,
4124,9312.0,18695.0,8657.0,18190.0,8380.0,99841.0,19446.0,18232.0,18562.0,26839.0,7779.0
4125,7935.0,17870.0,9715.0,19301.0,8454.0,91206.0,19121.0,18791.0,19828.0,28068.0,8565.0
4126,9199.0,18705.0,8031.0,19106.0,9225.0,91538.0,19084.0,18500.0,8377.0,49539.0,7914.0
4127,9573.0,9007.0,8458.0,9898.0,18851.0,110654.0,18025.0,18919.0,8988.0,87651.0,17999.0
4128,8564.0,8456.0,9442.0,18567.0,9227.0,91990.0,17870.0,9188.0,18441.0,136563.0,8901.0
4129,8226.0,17875.0,9549.0,18906.0,7980.0,89976.0,29613.0,8299.0,19216.0,138974.0,8535.0
4130,8647.0,8511.0,8656.0,18069.0,7600.0,89158.0,18746.0,19485.0,9581.0,197618.0,8863.0
4131,9073.0,9087.0,9321.0,18773.0,19172.0,93367.0,18927.0,19061.0,8584.0,147575.0,7906.0
4132,8460.0,18355.0,8886.0,18556.0,9331.0,91515.0,18073.0,19547.0,8063.0,108908.0,8573.0
4133,9299.0,19611.0,18213.0,9757.0,18783.0,101865.0,19543.0,18588.0,18489.0,108530.0,7475.0
4134,9740.0,9225.0,9473.0,18713.0,8312.0,100668.0,18769.0,17867.0,8401.0,97898.0,8276.0
4135,8280.0,8587.0,8902.0,9716.0,18076.0,99769.0,18767.0,8516.0,19437.0,79104.0,8656.0
4136,8416.0,18242.0,8305.0,19563.0,8452.0,89972.0,19286.0,8484.0,19346.0,68172.0,7796.0
4137,10074.0,9945.0,9040.0,17980.0,17533.0,101647.0,18412.0,19453.0,8253.0,58026.0,8998.0
4138,8579.0,18445.0,8779.0,8787.0,18548.0,90731.0,28864.0,9258.0,19578.0,39621.0,8809.0
4139,8567.0,8580.0,18531.0,9700.0,19248.0,93204.0,19675.0,18651.0,9309.0,39043.0,9084.0
4140,8692.0,8422.0,8468.0,17786.0,19442.0,89866.0,29436.0,19611.0,20409.0,29233.0,8915.0
4141,8616.0,18321.0,8576.0,18402.0,8948.0,90001.0,18141.0,18658.0,8891.0,28921.0,8757.0
4142,8413.0,8026.0,18600.0,9657.0,17884.0,89188.0,28341.0,18725.0,9515.0,29738.0,8412.0
4143,8685.0,9615.0,8242.0,19746.0,19718.0,104078.0,19368.0,18957.0,19929.0,9680.0,9809.0
4144,8009.0,18598.0,9456.0,18582.0,9398.0,101255.0,19594.0,19126.0,9801.0,8647.0,8702.0
4145,8635.0,18974.0,9733.0,19047.0,19095.0,105008.0,19594.0,19539.0,8990.0,80840.0,9079.0
4146,8621.0,8525.0,8565.0,19201.0,18953.0,92722.0,19588.0,18437.0,8605.0,69278.0,8884.0
4147,8725.0,18648.0,8818.0,18331.0,9611.0,92800.0,18630.0,19454.0,8781.0,89989.0,9618.0
4148,8703.0,8463.0,9664.0,18787.0,18644.0,93079.0,18219.0,19516.0,19422.0,88764.0,9082.0
4149,9505.0,19719.0,9292.0,29440.0,9424.0,103582.0,28315.0,18329.0,9088.0,98975.0,7724.0
4150,8082.0,28434.0,8994.0,18663.0,18793.0,119933.0,39664.0,19103.0,19155.0,68552.0,8368.0
4151,8994.0,8316.0,9251.0,18230.0,18798.0,90954.0,28747.0,8443.0,17641.0,39047.0,8892.0
4152,8531.0,8306.0,8544.0,18079.0,8138.0,79219.0,28655.0,17987.0,8903.0,39251.0,9288.0
4153,8597.0,18424.0,9463.0,19246.0,9202.0,92859.0,18279.0,19631.0,9066.0,39868.0,8902.0
4154,9095.0,19097.0,9642.0,19433.0,8372.0,93003.0,28556.0,18807.0,8767.0,29364.0,9266.0
4155,8826.0,8547.0,9422.0,18845.0,19275.0,92187.0,18656.0,18417.0,9029.0,19808.0,9548.0
4156,9437.0,18802.0,9757.0,19095.0,8534.0,91363.0,37065.0,9121.0,19242.0,17985.0,7941.0
4157,7871.0,8577.0,9320.0,19290.0,19454.0,91480.0,19114.0,19381.0,18898.0,29532.0,8429.0
4158,9782.0,8870.0,8537.0,19065.0,8850.0,103490.0,19258.0,9104.0,18444.0,47912.0,18809.0
4159,8304.0,19034.0,9668.0,18826.0,19607.0,122468.0,19704.0,19772.0,18694.0,110863.0,8749.0
4160,9103.0,19047.0,9901.0,19519.0,9494.0,94250.0,18536.0,18310.0,18120.0,78389.0,9099.0
4161,8520.0,18523.0,9112.0,8863.0,19437.0,91676.0,19975.0,18778.0,9663.0,130406.0,8512.0
4162,8794.0,28518.0,9212.0,19086.0,17715.0,110792.0,27325.0,8847.0,18594.0,77986.0,8558.0
4163,8762.0,18808.0,9458.0,8963.0,19534.0,103923.0,19623.0,19365.0,18907.0,50504.0,8960.0
4164,8102.0,19198.0,8157.0,19008.0,18018.0,90639.0,29715.0,19118.0,18919.0,28746.0,
4165,8925.0,18750.0,9457.0,19063.0,8267.0,101461.0,19330.0,19687.0,9267.0,19154.0,9099.0
4166,8667.0,8717.0,9570.0,19407.0,19479.0,103019.0,18620.0,19670.0,18857.0,7348.0,9283.0
4167,8706.0,8616.0,8644.0,18777.0,18508.0,100610.0,17304.0,9038.0,18611.0,8905.0,9831.0
4168,8407.0,17843.0,9195.0,18796.0,18787.0,100422.0,18598.0,8855.0,17844.0,8453.0,8508.0
4169,8417.0,18267.0,9506.0,9006.0,19196.0,91843.0,17307.0,18701.0,19132.0,9243.0,8546.0
4170,9470.0,28307.0,9180.0,8885.0,19327.0,100677.0,28775.0,8859.0,19378.0,9184.0,7539.0
4171,9650.0,18173.0,8303.0,8224.0,18676.0,100445.0,18011.0,18959.0,8301.0,8559.0,18478.0
4172,9653.0,19207.0,7757.0,18387.0,9276.0,99427.0,19205.0,8853.0,19141.0,9247.0,6895.0
4173,8402.0,18229.0,9481.0,18507.0,8746.0,101664.0,19178.0,9576.0,18587.0,8187.0,8654.0
4174,8872.0,18314.0,8822.0,19097.0,8468.0,110819.0,29088.0,19026.0,18947.0,8548.0,9617.0
4175,9151.0,19008.0,8990.0,18845.0,18070.0,101523.0,18723.0,18061.0,8957.0,7931.0,8191.0
4176,7991.0,19511.0,8876.0,19650.0,9399.0,93045.0,18599.0,19070.0,8238.0,18986.0,8467.0
4177,9301.0,8995.0,8825.0,18557.0,19038.0,92169.0,18193.0,18322.0,8638.0,18682.0,8202.0
4178,8792.0,17263.0,8083.0,19090.0,8752.0,90097.0,19809.0,18700.0,9793.0,8034.0,9085.0
4179,8354.0,8087.0,8499.0,17848.0,18226.0,88397.0,18473.0,18613.0,8677.0,9550.0,8488.0
4180,8067.0,18277.0,9714.0,19454.0,9224.0,101336.0,19308.0,18772.0,9427.0,19210.0,8378.0
4181,8758.0,18603.0,8526.0,17719.0,8400.0,87855.0,28620.0,17905.0,8440.0,18754.0,6899.0
4182,9712.0,9104.0,9428.0,18746.0,9275.0,92416.0,19560.0,19177.0,8016.0,7491.0,18174.0
4183,8969.0,19098.0,8717.0,18983.0,9210.0,90588.0,18948.0,17943.0,19007.0,9021.0,7477.0
4184,7200.0,18389.0,9049.0,18563.0,8566.0,87710.0,19172.0,18963.0,19136.0,9477.0,8119.0
4185,9278.0,9020.0,8358.0,19416.0,18004.0,101230.0,18677.0,19644.0,8319.0,9151.0,7976.0
4186,8897.0,18823.0,9374.0,9130.0,19429.0,94695.0,19135.0,19448.0,7911.0,9022.0,9360.0
4187,9494.0,19284.0,9107.0,18850.0,17674.0,100996.0,18642.0,18099.0,19056.0,9718.0,7542.0
4188,9004.0,9009.0,8479.0,18189.0,18555.0,90683.0,19327.0,9994.0,19784.0,9283.0,9155.0
4189,8338.0,17607.0,8907.0,8416.0,18977.0,88501.0,17926.0,19132.0,18301.0,8387.0,8764.0
4190,9366.0,18929.0,9031.0,8312.0,18643.0,90464.0,19489.0,17825.0,7866.0,7539.0,8066.0
4191,9238.0,18697.0,8690.0,17986.0,17991.0,111050.0,19254.0,9399.0,18382.0,8940.0,18965.0
4192,8076.0,17905.0,8335.0,17916.0,8779.0,88248.0,28838.0,8956.0,17587.0,8943.0,8267.0
4193,8544.0,7864.0,9350.0,18914.0,18630.0,90207.0,18771.0,18833.0,9629.0,9492.0,8386.0
4194,8576.0,17980.0,9298.0,18812.0,8408.0,90174.0,29290.0,17436.0,17781.0,9127.0,8955.0
4195,8517.0,8494.0,9195.0,18418.0,8090.0,89729.0,27859.0,17512.0,9573.0,9255.0,9035.0
4196,7997.0,18317.0,8938.0,18715.0,8052.0,98522.0,9615.0,17999.0,18432.0,8826.0,8469.0
4197,7766.0,17300.0,8650.0,18753.0,17784.0,97408.0,27813.0,8713.0,19105.0,8988.0,8028.0
4198,7905.0,18670.0,9438.0,18768.0,19212.0,110205.0,17728.0,18834.0,18047.0,8316.0,8836.0
4199,8200.0,9790.0,8639.0,28273.0,9203.0,109288.0,18280.0,18982.0,19203.0,8640.0,8479.0
4200,9044.0,8532.0,9455.0,19630.0,18855.0,93584.0,29036.0,8664.0,18947.0,9276.0,9235.0
4201,9001.0,18030.0,8318.0,19180.0,9220.0,102299.0,18916.0,18435.0,28546.0,8940.0,9296.0
4202,8251.0,17692.0,9803.0,9386.0,17150.0,109388.0,28654.0,17768.0,8772.0,9289.0,9730.0
4203,9113.0,18718.0,8640.0,18125.0,9318.0,101547.0,18739.0,19550.0,8729.0,8521.0,8289.0
4204,8083.0,19111.0,8428.0,9252.0,18180.0,90209.0,18025.0,18223.0,9548.0,18599.0,9046.0
4205,9058.0,18357.0,9249.0,18012.0,19521.0,103428.0,9370.0,29023.0,19006.0,8869.0,
4206,8839.0,28077.0,8707.0,7938.0,18607.0,97931.0,27860.0,18827.0,9237.0,8148.0,7553.0
4207,8871.0,18715.0,8427.0,19811.0,8826.0,102302.0,18288.0,8621.0,18498.0,8107.0,9061.0
4208,9235.0,19065.0,9403.0,19890.0,17244.0,101216.0,17434.0,9659.0,19147.0,8173.0,7531.0
4209,9432.0,18996.0,8871.0,8436.0,19007.0,92130.0,19950.0,19483.0,9619.0,17727.0,7603.0
4210,8558.0,8252.0,8969.0,18402.0,8641.0,91007.0,19203.0,19286.0,18212.0,9338.0,9219.0
4211,9475.0,19089.0,8055.0,19687.0,16951.0,99824.0,18452.0,18700.0,9563.0,18558.0,8385.0
4212,9545.0,19018.0,8651.0,8049.0,19331.0,91791.0,19309.0,19001.0,19913.0,9818.0,8192.0
4213,8586.0,18506.0,9179.0,18840.0,7697.0,100444.0,19759.0,9418.0,18670.0,9296.0,9072.0
4214,9170.0,9054.0,9089.0,29036.0,8850.0,92506.0,28541.0,9434.0,19647.0,9430.0,9011.0
4215,8330.0,18139.0,9045.0,8592.0,18787.0,90400.0,28465.0,8757.0,18182.0,8234.0,8803.0
4216,8523.0,18193.0,8833.0,19323.0,19441.0,101564.0,28082.0,8639.0,18150.0,9202.0,8752.0
4217,8753.0,18405.0,8687.0,18287.0,8477.0,100597.0,28291.0,9333.0,18108.0,9637.0,8823.0
4218,8342.0,27678.0,9113.0,8403.0,19349.0,101248.0,19122.0,18015.0,9214.0,19306.0,8707.0
4219,8117.0,17829.0,9625.0,19529.0,8572.0,101538.0,29109.0,8134.0,18791.0,8728.0,8476.0
4220,8552.0,18378.0,7613.0,18923.0,8553.0,99475.0,18773.0,9370.0,9920.0,7646.0,8799.0
4221,8748.0,19045.0,9054.0,18730.0,18677.0,112504.0,18249.0,19302.0,8634.0,8503.0,9034.0
4222,8706.0,17990.0,9464.0,18944.0,8539.0,100423.0,19349.0,19211.0,18400.0,9188.0,9009.0
4223,8869.0,28720.0,8461.0,18768.0,18646.0,121904.0,19240.0,18425.0,8761.0,7607.0,8990.0
4224,8885.0,7622.0,8974.0,17962.0,18963.0,89682.0,28286.0,8778.0,18642.0,9923.0,8552.0
4225,9179.0,8976.0,8772.0,18642.0,19093.0,91835.0,19070.0,19153.0,8303.0,9531.0,9542.0
4226,9227.0,18811.0,8415.0,17071.0,19582.0,99439.0,17856.0,9389.0,18480.0,8749.0,7763.0
4227,8282.0,18918.0,8962.0,8248.0,18151.0,99618.0,28447.0,9699.0,19592.0,8393.0,8747.0
4228,8380.0,16983.0,7193.0,19451.0,9282.0,88483.0,19183.0,8701.0,19064.0,9086.0,8313.0
4229,9124.0,18860.0,8876.0,18186.0,9209.0,92891.0,18366.0,17443.0,18286.0,8970.0,9243.0
4230,8205.0,19413.0,8708.0,18627.0,17036.0,107544.0,18410.0,18336.0,19519.0,7617.0,8415.0
4231,8663.0,17754.0,9300.0,17988.0,9097.0,99402.0,19142.0,7965.0,19075.0,7974.0,8558.0
4232,9247.0,8884.0,18363.0,18762.0,8244.0,91428.0,27798.0,18545.0,8305.0,7787.0,8408.0
4233,8574.0,18486.0,9283.0,18647.0,8876.0,91151.0,29205.0,8445.0,18011.0,8119.0,7829.0
4234,9209.0,8973.0,18198.0,9258.0,18430.0,91747.0,19049.0,18325.0,9563.0,9511.0,8322.0
4235,8858.0,18041.0,8165.0,7533.0,19298.0,89259.0,19144.0,19550.0,19507.0,9172.0,8955.0
4236,8450.0,8147.0,8801.0,18432.0,19211.0,100872.0,17788.0,18661.0,7819.0,9137.0,8929.0
4237,8609.0,18457.0,8267.0,18664.0,8511.0,99036.0,28633.0,8461.0,18632.0,8023.0,7054.0
4238,8082.0,27919.0,8461.0,8140.0,9819.0,98080.0,27938.0,18347.0,8838.0,18408.0,8277.0
4239,8613.0,18253.0,9454.0,9105.0,18360.0,90850.0,18079.0,17679.0,8657.0,18260.0,8979.0
4240,8882.0,8516.0,9489.0,19022.0,8344.0,91140.0,19183.0,19394.0,8235.0,19289.0,9300.0
4241,9226.0,18125.0,9161.0,18520.0,18303.0,109697.0,19227.0,19161.0,8599.0,18617.0,9199.0
4242,8833.0,19236.0,9184.0,18717.0,9430.0,92379.0,17974.0,18527.0,18663.0,9259.0,9007.0
4243,8560.0,8547.0,8343.0,18126.0,19476.0,91353.0,18276.0,19322.0,8320.0,7982.0,8776.0
4244,9279.0,18871.0,8683.0,17430.0,9102.0,99035.0,19672.0,8460.0,19090.0,18981.0,8198.0
4245,8605.0,8016.0,9028.0,18881.0,7442.0,70654.0,29781.0,19193.0,8248.0,37593.0,
4246,9061.0,19044.0,8734.0,8465.0,19592.0,101499.0,18702.0,18572.0,8811.0,39308.0,9950.0
4247,8088.0,18926.0,8088.0,19123.0,8320.0,97830.0,19191.0,19520.0,9169.0,48331.0,7233.0
4248,8186.0,19094.0,9276.0,18036.0,9049.0,90916.0,17680.0,19272.0,17441.0,69232.0,7988.0
4249,9132.0,8958.0,8847.0,18063.0,19168.0,91120.0,18668.0,18459.0,8206.0,58446.0,7606.0
4250,8851.0,18405.0,8655.0,8400.0,17962.0,90854.0,18414.0,8841.0,9797.0,67346.0,9486.0
4251,9123.0,18939.0,9268.0,8025.0,19104.0,91535.0,19481.0,18066.0,9143.0,79134.0,7666.0
4252,8015.0,18023.0,9109.0,18631.0,9122.0,89439.0,19292.0,18882.0,18450.0,68972.0,8479.0
4253,9311.0,18846.0,8277.0,17806.0,9244.0,101006.0,19297.0,19171.0,8022.0,68870.0,7739.0
4254,9181.0,9249.0,8426.0,18554.0,18450.0,88859.0,18916.0,17404.0,8124.0,77768.0,7436.0
4255,9261.0,18791.0,9300.0,8926.0,17837.0,91172.0,19114.0,8908.0,17064.0,87124.0,8810.0
4256,8626.0,18331.0,9522.0,18504.0,9212.0,101685.0,18465.0,8905.0,18543.0,67982.0,8648.0
4257,8122.0,9629.0,9106.0,18758.0,17887.0,108262.0,18672.0,19118.0,9211.0,49033.0,8563.0
4258,8745.0,18855.0,8121.0,18714.0,7397.0,88035.0,18573.0,18933.0,9215.0,38858.0,7738.0
4259,8624.0,8278.0,18166.0,9753.0,19088.0,90296.0,27732.0,18053.0,8949.0,60031.0,8952.0
4260,8768.0,18340.0,8668.0,18445.0,17484.0,118401.0,27432.0,17877.0,18117.0,67759.0,8720.0
4261,18036.0,9944.0,9365.0,18834.0,7288.0,100442.0,18322.0,19519.0,19356.0,49047.0,8449.0
4262,8846.0,18843.0,9106.0,8557.0,17955.0,89314.0,17923.0,19072.0,18170.0,67420.0,8175.0
4263,9178.0,18221.0,9250.0,18457.0,19361.0,101856.0,18757.0,8708.0,18521.0,77203.0,7948.0
4264,8631.0,18576.0,8508.0,18655.0,9007.0,100994.0,9172.0,17932.0,18215.0,67692.0,8731.0
4265,9332.0,8615.0,8967.0,18718.0,9393.0,100491.0,18194.0,8523.0,18937.0,77672.0,9793.0
4266,9082.0,17773.0,8581.0,17412.0,9552.0,98322.0,19091.0,8276.0,17933.0,66053.0,7813.0
4267,7906.0,7549.0,17851.0,8832.0,18790.0,87925.0,17981.0,9276.0,19046.0,48950.0,8382.0
4268,8298.0,17892.0,9100.0,19266.0,8721.0,99754.0,18259.0,19156.0,19263.0,39437.0,8656.0
4269,9240.0,19218.0,8955.0,18488.0,18164.0,100284.0,18542.0,19830.0,8212.0,28285.0,7845.0
4270,8337.0,18363.0,8895.0,18078.0,8746.0,99136.0,18106.0,8962.0,19035.0,18928.0,8076.0
4271,8695.0,18838.0,9351.0,19053.0,9062.0,92348.0,17287.0,17940.0,9144.0,19233.0,8801.0
4272,7792.0,9065.0,18453.0,9713.0,18476.0,101375.0,19063.0,8894.0,19156.0,9224.0,8434.0
4273,9170.0,18519.0,8299.0,18168.0,8809.0,88837.0,18942.0,19204.0,8253.0,9246.0,8093.0
4274,8567.0,7904.0,9057.0,18616.0,18461.0,90358.0,19336.0,18179.0,8918.0,18289.0,8958.0
4275,8707.0,17790.0,7378.0,18981.0,7988.0,107044.0,18682.0,8787.0,19427.0,8469.0,8665.0
4276,8705.0,8396.0,9003.0,18291.0,8325.0,91030.0,18468.0,19205.0,9362.0,28017.0,9139.0
4277,9360.0,18797.0,8486.0,7986.0,18283.0,99856.0,18015.0,9212.0,18519.0,27813.0,8061.0
4278,8026.0,19244.0,8972.0,18657.0,8312.0,90317.0,19055.0,18192.0,19370.0,9653.0,8642.0
4279,8565.0,17952.0,8922.0,17948.0,8628.0,99985.0,19042.0,8622.0,18862.0,18734.0,8948.0
4280,8699.0,17936.0,8702.0,18446.0,8932.0,100459.0,19026.0,17721.0,9153.0,18024.0,9031.0
4281,8836.0,18625.0,8424.0,18683.0,8652.0,89741.0,28058.0,9202.0,17941.0,9409.0,7420.0
4282,9396.0,8859.0,8838.0,18064.0,18103.0,97933.0,18830.0,17735.0,8071.0,7770.0,8053.0
4283,9109.0,9011.0,8562.0,18358.0,8647.0,82138.0,28094.0,9248.0,19131.0,9229.0,9456.0
4284,8717.0,18059.0,8698.0,18625.0,8410.0,90288.0,17412.0,19579.0,8500.0,9188.0,8668.0
4285,8733.0,18217.0,8948.0,18518.0,7925.0,100068.0,9368.0,28463.0,17993.0,7357.0,8911.0
4286,9099.0,8914.0,9382.0,19041.0,9239.0,82557.0,19466.0,17321.0,8771.0,8079.0,
4287,8864.0,18554.0,9653.0,18002.0,19176.0,100623.0,18693.0,19148.0,18347.0,9043.0,8960.0
4288,8267.0,8296.0,8934.0,18391.0,7592.0,79509.0,18667.0,18217.0,8495.0,7965.0,8734.0
4289,8164.0,18063.0,9214.0,8617.0,18343.0,89067.0,19170.0,19423.0,8393.0,18224.0,8294.0
4290,8383.0,8062.0,9193.0,18459.0,7997.0,89276.0,9028.0,18218.0,18475.0,8424.0,8466.0
4291,8979.0,8732.0,9516.0,18856.0,18972.0,92911.0,19323.0,9076.0,18657.0,8148.0,8988.0
4292,9106.0,18966.0,8895.0,18328.0,7843.0,90056.0,28327.0,8086.0,18209.0,8226.0,7754.0
4293,9100.0,18929.0,8803.0,18178.0,8505.0,91048.0,28527.0,18112.0,8555.0,8390.0,8238.0
4294,9438.0,9080.0,9211.0,18687.0,18068.0,102319.0,18720.0,17960.0,8596.0,17872.0,18560.0
4295,8561.0,18064.0,9623.0,18962.0,18359.0,100044.0,28193.0,8717.0,19629.0,8562.0,8891.0
4296,8741.0,18412.0,8269.0,17737.0,9077.0,100532.0,19077.0,20331.0,8535.0,18407.0,9293.0
4297,8637.0,18077.0,9345.0,18809.0,9392.0,91848.0,27461.0,9754.0,19374.0,19446.0,9271.0
4298,9958.0,8037.0,9214.0,18610.0,8635.0,92113.0,18890.0,17848.0,8546.0,18058.0,18437.0
4299,7742.0,17907.0,8784.0,18101.0,7178.0,96922.0,18823.0,9134.0,18582.0,18635.0,8263.0
4300,7518.0,18803.0,9016.0,18481.0,19548.0,99591.0,28318.0,9226.0,18244.0,7742.0,8045.0
4301,8293.0,8148.0,8917.0,18436.0,18874.0,90618.0,19190.0,7253.0,19351.0,8342.0,9219.0
4302,8352.0,8118.0,9612.0,18400.0,19245.0,91585.0,18192.0,18505.0,19181.0,9212.0,8636.0
4303,8905.0,18576.0,9145.0,18591.0,8618.0,91794.0,19477.0,18104.0,8224.0,19245.0,9017.0
4304,8967.0,28503.0,8766.0,18170.0,8860.0,111699.0,18293.0,18386.0,19321.0,18726.0,9077.0
4305,7404.0,19138.0,8715.0,18191.0,18265.0,99043.0,18299.0,8640.0,9892.0,9649.0,8286.0
4306,8708.0,8917.0,9113.0,18518.0,7921.0,91745.0,18558.0,18685.0,8243.0,18968.0,9148.0
4307,8785.0,8603.0,9318.0,19003.0,9001.0,92954.0,19047.0,9432.0,18230.0,8145.0,9271.0
4308,9143.0,8803.0,9126.0,18340.0,19249.0,90215.0,17907.0,8175.0,18847.0,9427.0,7522.0
4309,8996.0,8697.0,18272.0,9917.0,9483.0,101729.0,19390.0,8834.0,18166.0,8197.0,17863.0
4310,8984.0,18514.0,8989.0,8478.0,18810.0,91265.0,19372.0,18766.0,9320.0,9491.0,9055.0
4311,7908.0,19500.0,9044.0,18792.0,19059.0,101441.0,17411.0,19270.0,7898.0,9067.0,8171.0
4312,8899.0,9042.0,9368.0,18673.0,18512.0,100948.0,17962.0,19200.0,18460.0,9285.0,9825.0
4313,8410.0,19477.0,8526.0,7879.0,18366.0,90011.0,19243.0,18055.0,18388.0,9106.0,8567.0
4314,9633.0,18942.0,9227.0,18738.0,18992.0,113245.0,19106.0,18041.0,17534.0,9351.0,8216.0
4315,8053.0,8314.0,9310.0,18299.0,18819.0,91374.0,19050.0,9329.0,8885.0,17974.0,9215.0
4316,8472.0,18722.0,9543.0,8879.0,18409.0,91052.0,18590.0,18406.0,17810.0,8929.0,8834.0
4317,8911.0,8645.0,8434.0,17368.0,9217.0,90914.0,18704.0,8632.0,18027.0,7933.0,9252.0
4318,8164.0,17907.0,9457.0,9153.0,18888.0,90528.0,29009.0,9341.0,17344.0,9369.0,8518.0
4319,8179.0,18659.0,8992.0,18693.0,19307.0,101715.0,19219.0,9048.0,18339.0,9304.0,9010.0
4320,8692.0,18125.0,9379.0,9019.0,9827.0,91300.0,19270.0,18600.0,19152.0,8794.0,8772.0
4321,8580.0,8291.0,9281.0,18531.0,8426.0,81312.0,28550.0,8435.0,18745.0,9306.0,8697.0
4322,9300.0,9095.0,7943.0,18972.0,19254.0,90609.0,18632.0,19380.0,17340.0,9666.0,7680.0
4323,8424.0,8345.0,7786.0,19247.0,8251.0,89826.0,18771.0,7988.0,18146.0,9407.0,8895.0
4324,9238.0,19142.0,9395.0,18220.0,9207.0,102051.0,19088.0,19867.0,8738.0,8885.0,8120.0
4325,8282.0,19663.0,8155.0,18910.0,8973.0,101085.0,19647.0,8496.0,19296.0,8120.0,8940.0
4326,9113.0,18751.0,8279.0,9648.0,10233.0,91457.0,18772.0,18225.0,8783.0,18746.0,7940.0
4327,8680.0,19096.0,8649.0,17959.0,7496.0,90176.0,19027.0,18166.0,8758.0,18896.0,
4328,8743.0,18840.0,8136.0,17957.0,8779.0,99628.0,18573.0,8192.0,19246.0,19048.0,9086.0
4329,8443.0,18970.0,8376.0,17992.0,9361.0,91352.0,19013.0,18827.0,8028.0,18686.0,9068.0
4330,7498.0,19344.0,9154.0,17955.0,19072.0,100024.0,19284.0,19029.0,8837.0,18893.0,7940.0
4331,8979.0,18269.0,8453.0,8472.0,19225.0,92469.0,19677.0,19409.0,9039.0,18612.0,9747.0
4332,9226.0,19109.0,9416.0,18653.0,8303.0,92347.0,18328.0,19343.0,9619.0,29017.0,9156.0
4333,7865.0,17540.0,7903.0,9288.0,19221.0,89473.0,18127.0,9964.0,19576.0,28902.0,8204.0
4334,9246.0,9130.0,9499.0,18743.0,9358.0,103033.0,18280.0,8231.0,18925.0,28409.0,18073.0
4335,8634.0,18412.0,9308.0,8522.0,18324.0,91129.0,18316.0,8781.0,19061.0,26914.0,9003.0
4336,8605.0,18368.0,9029.0,18048.0,8726.0,89917.0,19233.0,19476.0,9559.0,48854.0,8503.0
4337,18508.0,9132.0,9706.0,18386.0,18830.0,112238.0,18947.0,19009.0,19602.0,29914.0,8571.0
4338,8204.0,8243.0,9268.0,18991.0,8044.0,79780.0,28315.0,19021.0,18640.0,8461.0,8502.0
4339,8573.0,27941.0,9710.0,19405.0,18112.0,132161.0,17753.0,18192.0,18349.0,8157.0,9464.0
4340,7680.0,9170.0,18357.0,8670.0,17994.0,79976.0,19135.0,18767.0,8646.0,8204.0,8386.0
4341,8563.0,18490.0,8384.0,18607.0,8467.0,99050.0,9141.0,18853.0,19834.0,8700.0,8560.0
4342,8476.0,18707.0,8636.0,7441.0,19374.0,89443.0,19348.0,18679.0,9023.0,9072.0,8400.0
4343,8923.0,8690.0,8370.0,17107.0,7968.0,88892.0,18864.0,8238.0,18983.0,9348.0,9115.0
4344,8007.0,19466.0,9433.0,18104.0,8755.0,100117.0,19396.0,7498.0,18312.0,8298.0,8214.0
4345,8431.0,7999.0,18036.0,9328.0,19096.0,90067.0,18171.0,18218.0,8992.0,7934.0,8529.0
4346,8784.0,18382.0,8787.0,8488.0,18277.0,99906.0,19192.0,18643.0,8653.0,18889.0,9005.0
4347,9766.0,9883.0,9084.0,18359.0,17784.0,102500.0,18610.0,7358.0,17211.0,7958.0,18264.0
4348,8824.0,18763.0,8213.0,17710.0,8655.0,89478.0,18509.0,18500.0,9096.0,19307.0,9351.0
4349,8211.0,17925.0,8474.0,18123.0,9345.0,89049.0,18419.0,18165.0,8110.0,28559.0,8684.0
4350,8854.0,18563.0,8787.0,18736.0,18993.0,100859.0,18571.0,19271.0,9137.0,59063.0,8834.0
4351,8681.0,18402.0,8735.0,18467.0,18417.0,101615.0,19864.0,20129.0,8988.0,38471.0,8951.0
4352,9065.0,18784.0,9597.0,9188.0,19249.0,91109.0,17964.0,18693.0,19068.0,28813.0,7443.0
4353,9014.0,18687.0,9362.0,18990.0,9132.0,90830.0,17345.0,18424.0,8137.0,29479.0,7528.0
4354,18728.0,9174.0,8206.0,17183.0,9347.0,90616.0,18336.0,19158.0,8874.0,28793.0,9157.0
4355,7935.0,19234.0,9220.0,8026.0,9940.0,89268.0,18423.0,9105.0,19222.0,7464.0,8361.0
4356,7296.0,19186.0,8439.0,17902.0,9332.0,88228.0,17697.0,17888.0,9226.0,18344.0,8022.0
4357,7885.0,17006.0,8481.0,17888.0,18775.0,96510.0,17725.0,7991.0,18342.0,18844.0,8409.0
4358,18241.0,9746.0,9213.0,18957.0,8121.0,102680.0,8578.0,18450.0,18814.0,8537.0,8785.0
4359,8924.0,18636.0,9188.0,18072.0,9508.0,91706.0,17816.0,18251.0,18908.0,9063.0,8045.0
4360,9096.0,18940.0,8411.0,19085.0,9791.0,91571.0,18965.0,17942.0,8206.0,7986.0,7540.0
4361,9014.0,18627.0,9413.0,9027.0,18864.0,91951.0,19063.0,18477.0,8733.0,19070.0,7828.0
4362,8419.0,18284.0,8430.0,18780.0,19381.0,99013.0,19039.0,18018.0,9330.0,18805.0,8046.0
4363,8308.0,17453.0,9218.0,18718.0,9838.0,90170.0,18521.0,8764.0,18988.0,9363.0,8700.0
4364,8595.0,18225.0,8130.0,8484.0,17908.0,89551.0,27937.0,18605.0,9594.0,8631.0,9024.0
4365,9140.0,18942.0,8462.0,18139.0,8836.0,100143.0,18619.0,19379.0,18325.0,8809.0,8639.0
4366,8884.0,18577.0,8405.0,19051.0,8677.0,91193.0,18172.0,18888.0,9257.0,9619.0,8012.0
4367,8001.0,19410.0,8896.0,27970.0,9451.0,100524.0,28567.0,18939.0,8383.0,7958.0,8100.0
4368,9069.0,18430.0,8084.0,17413.0,8880.0,79939.0,19281.0,9132.0,18939.0,28350.0,
4369,8800.0,18467.0,9080.0,8895.0,18015.0,90832.0,18171.0,19173.0,19120.0,9414.0,8882.0
4370,8387.0,8595.0,8509.0,19191.0,18275.0,89223.0,17814.0,18664.0,17802.0,8795.0,8123.0
4371,9288.0,19238.0,8256.0,27594.0,9257.0,100376.0,27824.0,8674.0,18536.0,27563.0,8607.0
4372,8748.0,18452.0,9423.0,18893.0,9315.0,102432.0,18609.0,18827.0,9176.0,38431.0,8908.0
4373,9025.0,18030.0,7350.0,18653.0,8987.0,98557.0,19448.0,9068.0,18589.0,29056.0,8954.0
4374,8379.0,18522.0,9376.0,18956.0,8877.0,90257.0,18712.0,18494.0,19008.0,48471.0,8559.0
4375,8807.0,18921.0,8663.0,18411.0,9374.0,100582.0,18714.0,9133.0,18741.0,67130.0,7303.0
4376,8582.0,8381.0,8279.0,18006.0,18419.0,89980.0,19023.0,17780.0,18497.0,67737.0,9081.0
4377,9031.0,18606.0,9561.0,8395.0,18571.0,91903.0,17766.0,19302.0,19242.0,59160.0,9439.0
4378,8659.0,18452.0,9267.0,19092.0,19096.0,101471.0,18444.0,19018.0,9160.0,38588.0,9203.0
4379,8203.0,17506.0,8882.0,18467.0,8879.0,90016.0,18531.0,18965.0,19790.0,38878.0,9137.0
4380,8469.0,18120.0,9110.0,18814.0,8920.0,91171.0,18796.0,19011.0,8931.0,28040.0,8618.0
4381,9056.0,8026.0,8451.0,17537.0,17782.0,96367.0,28017.0,17910.0,9101.0,17874.0,9545.0
4382,8968.0,8545.0,7813.0,18952.0,8870.0,91570.0,18687.0,8872.0,18130.0,8353.0,9042.0
4383,8372.0,8122.0,8015.0,19119.0,19397.0,91073.0,17568.0,18907.0,19058.0,19286.0,8712.0
4384,9071.0,18476.0,8900.0,8477.0,18315.0,91831.0,19202.0,18288.0,8889.0,18328.0,9127.0
4385,8726.0,7928.0,9205.0,19019.0,18952.0,100153.0,18132.0,8971.0,19362.0,19583.0,9189.0
4386,9502.0,18262.0,9347.0,8810.0,19405.0,92348.0,18955.0,9498.0,19272.0,28706.0,7834.0
4387,8727.0,18748.0,9241.0,8522.0,18588.0,92168.0,19167.0,17725.0,18986.0,19622.0,8888.0
4388,8296.0,8067.0,9111.0,18329.0,17998.0,88987.0,18270.0,9756.0,18561.0,19013.0,8366.0
4389,8728.0,18326.0,7640.0,18423.0,18138.0,98857.0,19179.0,9137.0,18475.0,9442.0,9047.0
4390,9023.0,19464.0,8867.0,18185.0,18671.0,120760.0,29312.0,27606.0,18200.0,9380.0,9586.0
4391,8002.0,17749.0,9259.0,9027.0,18798.0,89545.0,19653.0,8665.0,18025.0,28922.0,8560.0
4392,9149.0,19053.0,9433.0,18894.0,19534.0,100985.0,18534.0,19762.0,8948.0,48649.0,7582.0
4393,8965.0,8792.0,9351.0,19359.0,19629.0,91962.0,18897.0,18679.0,18217.0,57062.0,7551.0
4394,8334.0,18382.0,8362.0,17503.0,8557.0,98792.0,10119.0,17954.0,9147.0,59082.0,9192.0
4395,8815.0,8944.0,18040.0,18502.0,8633.0,100106.0,18169.0,9052.0,19181.0,77313.0,8985.0
4396,8847.0,18263.0,9307.0,18705.0,19186.0,103160.0,17948.0,18237.0,8490.0,57967.0,9303.0
4397,9787.0,18736.0,9303.0,9087.0,19918.0,93415.0,18491.0,18283.0,18672.0,38251.0,8086.0
4398,8682.0,18636.0,9131.0,9252.0,19331.0,93330.0,18396.0,18738.0,8624.0,38730.0,9076.0
4399,8708.0,17958.0,8824.0,18424.0,17256.0,98387.0,28058.0,8488.0,17761.0,28666.0,8729.0
4400,9256.0,18198.0,9565.0,18844.0,7215.0,100564.0,29232.0,19108.0,9297.0,28657.0,8111.0
4401,8936.0,18595.0,9006.0,17995.0,8361.0,99012.0,19145.0,8305.0,18734.0,18719.0,7455.0
4402,8601.0,18423.0,7849.0,19473.0,9307.0,92042.0,28667.0,9742.0,18131.0,8654.0,8963.0
4403,8618.0,8798.0,8513.0,18905.0,19207.0,93023.0,19247.0,7764.0,17580.0,9320.0,9057.0
4404,8869.0,19003.0,8981.0,8557.0,18586.0,92218.0,19019.0,18305.0,17668.0,9154.0,9053.0
4405,8399.0,18278.0,9020.0,8652.0,18107.0,89036.0,18597.0,18085.0,19154.0,9016.0,7619.0
4406,8403.0,7474.0,8731.0,18148.0,8773.0,88226.0,18195.0,17859.0,8049.0,9195.0,8170.0
4407,8742.0,18334.0,8627.0,17909.0,8762.0,100866.0,19412.0,18946.0,8416.0,19647.0,9268.0
4408,8784.0,18693.0,7832.0,19128.0,8742.0,93023.0,18769.0,7993.0,18998.0,38197.0,
4409,8839.0,18093.0,8798.0,18458.0,17601.0,99636.0,18367.0,18071.0,8913.0,28335.0,8949.0
4410,8167.0,17846.0,9250.0,8587.0,9868.0,89861.0,18325.0,18997.0,8450.0,47397.0,8514.0
4411,9135.0,8972.0,9519.0,18503.0,8641.0,90438.0,28944.0,19048.0,8811.0,18127.0,9283.0
4412,8952.0,8685.0,8199.0,19238.0,19293.0,92444.0,19224.0,8403.0,19265.0,9085.0,8884.0
4413,8566.0,8433.0,8262.0,19136.0,8260.0,90297.0,9271.0,18589.0,18902.0,9265.0,8984.0
4414,7894.0,17946.0,8015.0,17447.0,8981.0,97553.0,19101.0,8501.0,19361.0,9075.0,8047.0
4415,9663.0,19024.0,9067.0,18835.0,9178.0,101596.0,18766.0,8009.0,18387.0,8050.0,8006.0
4416,9194.0,8700.0,8086.0,17764.0,8462.0,79425.0,18821.0,18945.0,8825.0,9290.0,9184.0
4417,8260.0,7952.0,9428.0,28926.0,9576.0,101342.0,19256.0,9100.0,8287.0,18833.0,8874.0
4418,8820.0,18403.0,8431.0,18282.0,9000.0,99277.0,17498.0,7866.0,19195.0,8580.0,7409.0
4419,9093.0,9132.0,9401.0,19102.0,7999.0,90906.0,19088.0,18259.0,9788.0,9139.0,8424.0
4420,8870.0,18058.0,8007.0,19159.0,8596.0,91245.0,19010.0,18540.0,18957.0,8074.0,9016.0
4421,8853.0,8439.0,8654.0,18450.0,19661.0,92165.0,18180.0,18285.0,8931.0,8697.0,8836.0
4422,8655.0,18529.0,8956.0,17995.0,9529.0,101697.0,27598.0,8984.0,18807.0,8734.0,9279.0
4423,8520.0,18696.0,9596.0,19053.0,8585.0,92423.0,19158.0,8808.0,27799.0,9493.0,9019.0
4424,8218.0,8497.0,8377.0,17932.0,19433.0,90533.0,18293.0,18291.0,8645.0,8214.0,8881.0
4425,8516.0,18360.0,8869.0,18867.0,8557.0,99928.0,19262.0,7976.0,19059.0,9073.0,8800.0
4426,9141.0,18580.0,9284.0,18604.0,8595.0,91052.0,17131.0,18048.0,9418.0,9283.0,7499.0
4427,7452.0,18268.0,8010.0,7970.0,18367.0,86599.0,18556.0,9206.0,18764.0,7783.0,8159.0
4428,8802.0,8524.0,9007.0,18053.0,18072.0,89236.0,18458.0,8058.0,18823.0,8461.0,9169.0
4429,8972.0,17966.0,8800.0,28041.0,9047.0,109951.0,19132.0,9182.0,18935.0,19265.0,7587.0
4430,8109.0,18087.0,8676.0,8230.0,19160.0,89375.0,28323.0,9230.0,19232.0,17856.0,8453.0
4431,8753.0,18295.0,9008.0,18381.0,9659.0,91672.0,28348.0,9516.0,19198.0,18118.0,9174.0
4432,9212.0,18817.0,9169.0,17760.0,8406.0,99552.0,19077.0,9339.0,19640.0,18229.0,8463.0
4433,8405.0,18266.0,9385.0,8773.0,9494.0,90485.0,18406.0,18983.0,7415.0,19433.0,8823.0
4434,9299.0,18916.0,8392.0,9293.0,18534.0,99201.0,17773.0,9302.0,18701.0,28406.0,8126.0
4435,8491.0,8411.0,8466.0,16777.0,18824.0,98566.0,18494.0,8832.0,18141.0,17984.0,10296.0
4436,8994.0,18498.0,9330.0,8939.0,18261.0,90064.0,19057.0,19031.0,8429.0,18827.0,7426.0
4437,8762.0,8571.0,8470.0,9888.0,18205.0,88243.0,18505.0,19074.0,7949.0,17962.0,8624.0
4438,7990.0,19167.0,9056.0,18623.0,18814.0,100316.0,19580.0,9049.0,18139.0,9004.0,8096.0
4439,8270.0,17388.0,8878.0,18875.0,8621.0,88879.0,18323.0,18441.0,9948.0,7856.0,7826.0
4440,8081.0,27580.0,9318.0,8781.0,18843.0,98897.0,18863.0,17593.0,7770.0,9123.0,8086.0
4441,7644.0,18474.0,8982.0,18544.0,7185.0,88155.0,18335.0,19999.0,9234.0,9735.0,8467.0
4442,8658.0,18130.0,8363.0,18755.0,7917.0,98961.0,18920.0,18763.0,9007.0,8585.0,8826.0
4443,9444.0,18673.0,9326.0,18329.0,18478.0,101275.0,18212.0,18004.0,8480.0,8716.0,8316.0
4444,9243.0,18477.0,9283.0,18723.0,17290.0,98678.0,19492.0,18506.0,9793.0,8560.0,7475.0
4445,9189.0,8809.0,8415.0,18810.0,17667.0,90052.0,18093.0,8885.0,7845.0,18093.0,8714.0
4446,8890.0,8889.0,18439.0,9617.0,19039.0,91606.0,18154.0,8172.0,18151.0,9074.0,7499.0
4447,8694.0,8416.0,8534.0,17910.0,18035.0,89419.0,17385.0,18509.0,8580.0,18246.0,9030.0
4448,8597.0,18142.0,9077.0,18878.0,18657.0,92184.0,18149.0,9270.0,18867.0,9244.0,
4449,9239.0,19112.0,8705.0,18712.0,8213.0,90827.0,28785.0,19486.0,9309.0,9322.0,8657.0
4450,9511.0,8780.0,9791.0,9183.0,18877.0,92029.0,17368.0,8688.0,17985.0,9281.0,8589.0
4451,8666.0,18304.0,8004.0,18469.0,9014.0,90314.0,28133.0,8790.0,18342.0,8782.0,8856.0
4452,17916.0,9714.0,8607.0,18356.0,19378.0,100698.0,18397.0,17435.0,9369.0,7625.0,8312.0
4453,8858.0,18575.0,9116.0,18757.0,8726.0,92415.0,19294.0,18609.0,18294.0,9323.0,9200.0
4454,8690.0,8616.0,18253.0,18368.0,9408.0,91230.0,18647.0,17890.0,18985.0,9296.0,8875.0
4455,8549.0,18241.0,8805.0,8429.0,18402.0,90652.0,18376.0,8437.0,19085.0,9255.0,8804.0
4456,8723.0,8122.0,8441.0,17492.0,8227.0,79192.0,19167.0,18672.0,8544.0,18035.0,9039.0
4457,7530.0,8997.0,8605.0,17917.0,8618.0,78056.0,18418.0,19365.0,9466.0,19218.0,7895.0
4458,8846.0,17938.0,8788.0,8296.0,18710.0,89313.0,18057.0,8619.0,19101.0,8791.0,7794.0
4459,9064.0,18488.0,9305.0,8678.0,18770.0,93279.0,19440.0,8206.0,17674.0,9192.0,9119.0
4460,8595.0,18500.0,8511.0,18275.0,8341.0,90027.0,18288.0,18970.0,9181.0,9158.0,8708.0
4461,9175.0,18669.0,9118.0,18687.0,9491.0,90017.0,17765.0,18120.0,9167.0,8822.0,7412.0
4462,8539.0,18277.0,9269.0,18711.0,8938.0,101796.0,18990.0,9189.0,18596.0,8276.0,9480.0
4463,8410.0,17802.0,8924.0,8327.0,18726.0,89971.0,18963.0,18965.0,18970.0,9063.0,8368.0
4464,8613.0,18151.0,8668.0,18340.0,19365.0,100648.0,17993.0,8672.0,17550.0,9259.0,8968.0
4465,8246.0,19408.0,8707.0,17521.0,7693.0,98012.0,19425.0,9597.0,19260.0,9343.0,8442.0
4466,7253.0,19004.0,8772.0,18515.0,8840.0,89273.0,17768.0,19455.0,8916.0,18605.0,8948.0
4467,8880.0,18869.0,8730.0,17833.0,16682.0,108137.0,28307.0,19697.0,18947.0,8873.0,8603.0
4468,9175.0,18891.0,9194.0,19005.0,9294.0,100768.0,19050.0,9087.0,18137.0,9066.0,7563.0
4469,8440.0,8415.0,18067.0,9307.0,17886.0,88524.0,19034.0,18938.0,7909.0,7961.0,8568.0
4470,8284.0,17924.0,8092.0,19082.0,8198.0,90433.0,18685.0,18811.0,9434.0,8405.0,8787.0
4471,9195.0,8883.0,9655.0,18591.0,8987.0,100836.0,18215.0,8427.0,17311.0,8658.0,9662.0
4472,8635.0,8737.0,8351.0,19292.0,17957.0,81954.0,18888.0,18383.0,18163.0,29257.0,9147.0
4473,8463.0,8176.0,9126.0,18762.0,8610.0,90389.0,18090.0,9486.0,9490.0,28366.0,8770.0
4474,8910.0,8549.0,9245.0,17361.0,9258.0,91229.0,18225.0,8935.0,18194.0,19701.0,9037.0
4475,8669.0,8296.0,9243.0,18838.0,8045.0,90516.0,8220.0,18810.0,17635.0,9407.0,8538.0
4476,9138.0,19051.0,9470.0,18656.0,8925.0,92440.0,17202.0,19052.0,19233.0,29325.0,7998.0
4477,10030.0,8570.0,8686.0,18095.0,9624.0,91040.0,18974.0,18639.0,8036.0,38851.0,8294.0
4478,8684.0,18626.0,9248.0,8868.0,18353.0,90740.0,19440.0,7865.0,17751.0,69974.0,7450.0
4479,8294.0,18057.0,9334.0,9130.0,18566.0,90491.0,17802.0,17912.0,8257.0,68442.0,8368.0
4480,8800.0,18951.0,8216.0,8302.0,17780.0,89704.0,19471.0,18690.0,8957.0,69507.0,8815.0
4481,8500.0,19634.0,8683.0,8371.0,19615.0,91929.0,29922.0,8651.0,18637.0,59718.0,8802.0
4482,9110.0,18588.0,9307.0,18442.0,9328.0,103182.0,18861.0,9917.0,18015.0,49824.0,9192.0
4483,18716.0,9821.0,8422.0,18350.0,8434.0,100786.0,19796.0,19147.0,9884.0,46641.0,8359.0
4484,9831.0,8696.0,9140.0,18490.0,8250.0,101376.0,18016.0,8577.0,17101.0,59406.0,17949.0
4485,8310.0,9237.0,18027.0,9696.0,17894.0,90958.0,18984.0,8736.0,18331.0,38107.0,8186.0
4486,9271.0,9200.0,8293.0,17786.0,8261.0,91370.0,18852.0,9216.0,19421.0,27457.0,9504.0
4487,8575.0,8362.0,8753.0,18004.0,9061.0,80532.0,27541.0,8712.0,19246.0,28987.0,9135.0
4488,8042.0,8250.0,7774.0,19225.0,9172.0,90837.0,18963.0,8683.0,19005.0,28080.0,8444.0
4489,7491.0,19004.0,7442.0,8885.0,18251.0,80420.0,18813.0,8282.0,18615.0,98748.0,
4490,8647.0,17812.0,8277.0,18063.0,9730.0,90453.0,18601.0,8917.0,19244.0,18275.0,8802.0
4491,9692.0,8066.0,7805.0,19304.0,19039.0,101375.0,18282.0,9028.0,19008.0,9360.0,8785.0
4492,8939.0,8784.0,8227.0,9727.0,18525.0,89159.0,20144.0,9244.0,18651.0,18544.0,7824.0
4493,8985.0,18681.0,8386.0,27584.0,8667.0,108841.0,38416.0,18402.0,17943.0,18280.0,7853.0
4494,8276.0,7995.0,9372.0,18673.0,8550.0,89645.0,18510.0,8655.0,18560.0,8408.0,8403.0
4495,8729.0,28710.0,8847.0,18590.0,8134.0,107305.0,27873.0,18906.0,18883.0,18421.0,7018.0
4496,8546.0,8228.0,8069.0,19552.0,8358.0,90635.0,19124.0,17423.0,8649.0,9354.0,8754.0
4497,18564.0,9974.0,9303.0,18390.0,8754.0,92819.0,29051.0,8384.0,19442.0,9519.0,8694.0
4498,9092.0,9134.0,17972.0,9696.0,18893.0,89912.0,27900.0,9678.0,18830.0,18686.0,7615.0
4499,8535.0,8166.0,9177.0,18687.0,18067.0,90377.0,19064.0,9725.0,18076.0,19391.0,9076.0
4500,9222.0,9136.0,9413.0,19013.0,18545.0,102932.0,18077.0,19178.0,8790.0,18005.0,10196.0
4501,9210.0,8469.0,9074.0,18387.0,17775.0,99623.0,19114.0,18770.0,18234.0,8785.0,8231.0
4502,8929.0,8485.0,9196.0,18473.0,8885.0,91079.0,19036.0,18490.0,18878.0,8537.0,8978.0
4503,8826.0,18488.0,7941.0,19249.0,8803.0,91520.0,18091.0,19199.0,18589.0,9589.0,8851.0
4504,8173.0,17567.0,9233.0,18665.0,9386.0,90244.0,28166.0,9139.0,18416.0,9467.0,8374.0
4505,8967.0,8590.0,17978.0,9612.0,18910.0,91726.0,17484.0,19248.0,19476.0,9332.0,8593.0
4506,8456.0,18789.0,9381.0,18455.0,9515.0,92809.0,27617.0,19145.0,8760.0,19164.0,8908.0
4507,9258.0,9062.0,8487.0,18098.0,8735.0,79979.0,18921.0,18998.0,8427.0,18064.0,7873.0
4508,9141.0,8457.0,8345.0,17831.0,8444.0,99066.0,19022.0,9439.0,19287.0,9270.0,18017.0
4509,8440.0,9814.0,9016.0,18506.0,9073.0,88604.0,18220.0,18686.0,17431.0,7720.0,6791.0
4510,8453.0,8228.0,9010.0,18445.0,7981.0,90614.0,19111.0,18777.0,9073.0,18350.0,9181.0
4511,8437.0,17863.0,8727.0,19057.0,9064.0,90164.0,18910.0,8803.0,18418.0,7973.0,8640.0
4512,9175.0,18956.0,9553.0,19508.0,7868.0,90437.0,18511.0,18990.0,9411.0,19521.0,7332.0
4513,8796.0,18827.0,9608.0,9130.0,18217.0,93405.0,19177.0,18197.0,9501.0,18685.0,9283.0
4514,9446.0,8299.0,8127.0,19452.0,19060.0,101305.0,18514.0,17820.0,8009.0,19294.0,18799.0
4515,8307.0,17997.0,9572.0,18769.0,8232.0,90577.0,27953.0,9309.0,18729.0,8675.0,8648.0
4516,8405.0,7836.0,18346.0,9196.0,18510.0,89799.0,29174.0,9748.0,18778.0,9192.0,8884.0
4517,8433.0,8208.0,8641.0,28395.0,8258.0,98517.0,18600.0,8922.0,17457.0,8208.0,8517.0
4518,8943.0,18438.0,9226.0,17659.0,8620.0,100776.0,18213.0,9224.0,18507.0,9547.0,9178.0
4519,8500.0,8069.0,8070.0,19609.0,8978.0,88830.0,28565.0,8441.0,18466.0,8926.0,9748.0
4520,8439.0,18373.0,9607.0,19055.0,8223.0,90575.0,19054.0,19211.0,19168.0,8197.0,8623.0
4521,9038.0,17976.0,9949.0,9103.0,19647.0,93787.0,18779.0,18297.0,28404.0,9195.0,9080.0
4522,8411.0,8354.0,9102.0,18861.0,8082.0,89814.0,18567.0,9223.0,17823.0,37742.0,8997.0
4523,9038.0,19493.0,8198.0,8726.0,18901.0,90797.0,19104.0,18843.0,18787.0,28231.0,7583.0
4524,8258.0,17801.0,8257.0,9229.0,19086.0,89165.0,17122.0,8883.0,18729.0,19246.0,8614.0
4525,8647.0,8597.0,9284.0,18986.0,19062.0,91360.0,17995.0,18797.0,9151.0,19156.0,7546.0
4526,8604.0,9755.0,8347.0,18057.0,19226.0,100016.0,19002.0,19900.0,8349.0,18926.0,8718.0
4527,8664.0,18251.0,8894.0,18389.0,8862.0,100538.0,19016.0,18969.0,10050.0,28648.0,7807.0
4528,8564.0,19138.0,7953.0,19758.0,8985.0,92570.0,19119.0,18323.0,19284.0,9521.0,9209.0
4529,7192.0,17952.0,8814.0,18768.0,8547.0,80088.0,18322.0,17436.0,19602.0,8461.0,
4530,9312.0,8932.0,18521.0,9888.0,19079.0,91893.0,18195.0,19206.0,8751.0,39354.0,8063.0
4531,9073.0,18486.0,9664.0,8880.0,18706.0,93449.0,19588.0,17883.0,18768.0,28881.0,9122.0
4532,8664.0,10262.0,8736.0,18271.0,8872.0,100886.0,19405.0,8607.0,18705.0,48482.0,8608.0
4533,8321.0,17095.0,9182.0,18140.0,7508.0,88000.0,27156.0,18105.0,8895.0,28434.0,8550.0
4534,9444.0,9215.0,9256.0,18705.0,18876.0,102887.0,18122.0,19379.0,19193.0,17718.0,18579.0
4535,8774.0,18867.0,8850.0,18147.0,9367.0,91757.0,18671.0,18780.0,9170.0,18401.0,9380.0
4536,8301.0,8260.0,9184.0,18563.0,8471.0,89842.0,18029.0,8713.0,18635.0,8580.0,8697.0
4537,8750.0,17851.0,9418.0,9012.0,18588.0,90787.0,28078.0,17703.0,8562.0,9381.0,8222.0
4538,9245.0,18896.0,9007.0,18552.0,8938.0,91878.0,28676.0,17971.0,8751.0,18989.0,8126.0
4539,8851.0,8473.0,9044.0,18489.0,19381.0,100986.0,18404.0,18217.0,8790.0,19320.0,9268.0
4540,9146.0,9045.0,8364.0,19508.0,8964.0,81875.0,28057.0,8540.0,19036.0,17683.0,7561.0
4541,9344.0,9513.0,9078.0,18695.0,8412.0,103671.0,19335.0,18277.0,8333.0,19378.0,19262.0
4542,7937.0,7912.0,9617.0,19000.0,9418.0,80634.0,27921.0,9417.0,19601.0,28695.0,8276.0
4543,8421.0,17755.0,9329.0,8333.0,18158.0,89863.0,29413.0,9027.0,19494.0,18186.0,8510.0
4544,8859.0,8555.0,8214.0,17662.0,7990.0,88670.0,19255.0,9319.0,18527.0,28437.0,8850.0
4545,8190.0,18195.0,8265.0,18377.0,8964.0,99586.0,20303.0,7515.0,18842.0,18894.0,8660.0
4546,7434.0,18886.0,9264.0,19044.0,8473.0,89472.0,17914.0,18410.0,18450.0,9071.0,8314.0
4547,9087.0,8592.0,9264.0,18284.0,8045.0,90866.0,28789.0,9259.0,18586.0,8262.0,9105.0
4548,8352.0,7955.0,9430.0,18650.0,8555.0,80612.0,27853.0,8039.0,18420.0,8711.0,8712.0
4549,9226.0,8605.0,9714.0,8695.0,18383.0,91134.0,18219.0,7970.0,18700.0,18156.0,8822.0
4550,9006.0,18654.0,9632.0,8649.0,18785.0,101823.0,19004.0,9141.0,19375.0,28919.0,9676.0
4551,8669.0,18436.0,9546.0,18363.0,8486.0,91833.0,28410.0,8495.0,18000.0,45777.0,8973.0
4552,9242.0,19044.0,8807.0,8487.0,19064.0,90392.0,19442.0,8298.0,19400.0,29136.0,7478.0
4553,8775.0,18217.0,8394.0,17987.0,9395.0,90534.0,19069.0,9004.0,18069.0,28203.0,8872.0
4554,8725.0,18565.0,9670.0,18830.0,7976.0,90368.0,19394.0,19154.0,9245.0,37710.0,7669.0
4555,8806.0,8225.0,9145.0,18521.0,17982.0,90907.0,18780.0,18628.0,9290.0,37897.0,8919.0
4556,8905.0,18867.0,8579.0,19720.0,9671.0,92042.0,18494.0,8443.0,19287.0,37893.0,7398.0
4557,9056.0,8784.0,8504.0,17111.0,8673.0,98367.0,19045.0,19439.0,9732.0,9062.0,17993.0
4558,8261.0,10154.0,9060.0,18737.0,8078.0,100263.0,18801.0,8261.0,19031.0,8426.0,8483.0
4559,8943.0,18681.0,8759.0,8172.0,18477.0,91615.0,18052.0,17323.0,8682.0,8023.0,9255.0
4560,8981.0,18774.0,9662.0,18693.0,8621.0,91707.0,28172.0,8726.0,19026.0,9091.0,7691.0
4561,7928.0,17773.0,8110.0,18726.0,8845.0,97713.0,19519.0,8647.0,19214.0,8240.0,8949.0
4562,9080.0,8800.0,9011.0,18452.0,18425.0,99756.0,18819.0,19648.0,18600.0,8634.0,9751.0
4563,8574.0,18039.0,9247.0,18247.0,9343.0,90378.0,18956.0,18211.0,8541.0,8495.0,8711.0
4564,8663.0,8644.0,8365.0,18323.0,8553.0,90592.0,19777.0,18256.0,8576.0,8591.0,9062.0
4565,9012.0,18566.0,8948.0,8734.0,18173.0,91485.0,19402.0,18881.0,8448.0,9431.0,9040.0
4566,7999.0,8079.0,9137.0,18645.0,18186.0,100074.0,19904.0,18270.0,8952.0,8990.0,8784.0
4567,8438.0,17675.0,8600.0,8186.0,17738.0,89090.0,19343.0,18443.0,8994.0,8091.0,8759.0
4568,8232.0,18331.0,10107.0,9550.0,18781.0,93126.0,18328.0,18822.0,7893.0,7842.0,8940.0
4569,8679.0,18783.0,9238.0,18806.0,8687.0,83391.0,18386.0,19151.0,18805.0,7537.0,
4570,18141.0,10141.0,8077.0,19408.0,9649.0,93445.0,18732.0,18821.0,17860.0,9322.0,8681.0
4571,8579.0,8564.0,8751.0,18114.0,8319.0,89403.0,19141.0,7852.0,19163.0,8978.0,9009.0
4572,8183.0,17675.0,9144.0,18769.0,9227.0,90046.0,19127.0,18942.0,8713.0,9028.0,8845.0
4573,8675.0,9938.0,7921.0,19394.0,8871.0,90601.0,19431.0,18582.0,9059.0,9076.0,8505.0
4574,8888.0,8751.0,9394.0,18531.0,8887.0,82884.0,18675.0,18347.0,9382.0,18899.0,8945.0
4575,8167.0,17815.0,9674.0,8999.0,17952.0,90148.0,19220.0,8379.0,19266.0,8121.0,8772.0
4576,8516.0,18408.0,9685.0,8591.0,18517.0,91282.0,29069.0,8879.0,8642.0,18817.0,8873.0
4577,8557.0,18590.0,9081.0,17739.0,8085.0,87946.0,19023.0,19641.0,8854.0,8841.0,7516.0
4578,8607.0,8242.0,8740.0,17453.0,9442.0,79728.0,28652.0,9562.0,18610.0,9400.0,8548.0
4579,8751.0,18726.0,8636.0,7612.0,19728.0,91375.0,18374.0,18893.0,8853.0,19657.0,9249.0
4580,8974.0,18503.0,8676.0,8388.0,18838.0,92482.0,19115.0,8769.0,19475.0,9506.0,9316.0
4581,8100.0,7996.0,9488.0,18630.0,8496.0,89180.0,19201.0,9631.0,19116.0,8389.0,8887.0
4582,8296.0,17729.0,9324.0,17812.0,9019.0,89639.0,18525.0,18656.0,8140.0,19073.0,8079.0
4583,8484.0,8309.0,9293.0,18196.0,8952.0,90691.0,18469.0,8024.0,18023.0,8719.0,8630.0
4584,9142.0,8927.0,18668.0,9837.0,19130.0,91688.0,18959.0,8902.0,18729.0,8170.0,7740.0
4585,9072.0,8797.0,9498.0,18929.0,7992.0,83111.0,19377.0,18738.0,9476.0,18059.0,9575.0
4586,7968.0,18200.0,8700.0,18012.0,8891.0,87184.0,19152.0,18122.0,8383.0,8301.0,7370.0
4587,8964.0,18793.0,8063.0,18055.0,8002.0,88679.0,18992.0,8622.0,19431.0,8133.0,8279.0
4588,8554.0,18336.0,9305.0,18902.0,9013.0,91038.0,17898.0,17873.0,8582.0,8518.0,9004.0
4589,9596.0,9293.0,8209.0,19691.0,9225.0,93906.0,19248.0,18737.0,19184.0,8732.0,18827.0
4590,9133.0,19117.0,9641.0,18740.0,8963.0,91421.0,18826.0,8460.0,18537.0,8814.0,7530.0
4591,9287.0,9128.0,9281.0,18097.0,18365.0,88953.0,18385.0,8676.0,16772.0,8473.0,7533.0
4592,7554.0,16898.0,8668.0,8526.0,18090.0,86752.0,19357.0,9141.0,18845.0,17932.0,7916.0
4593,7495.0,9378.0,9637.0,18524.0,9267.0,80464.0,19046.0,18976.0,8624.0,20005.0,8386.0
4594,9635.0,19033.0,9197.0,18801.0,9000.0,92836.0,18822.0,8056.0,18117.0,8397.0,7917.0
4595,8802.0,18762.0,9211.0,19125.0,9076.0,92019.0,18241.0,8139.0,19384.0,9122.0,9164.0
4596,9287.0,19449.0,9198.0,8589.0,9008.0,81716.0,19387.0,18234.0,7370.0,19181.0,7807.0
4597,8296.0,8114.0,9028.0,18679.0,7421.0,79520.0,18970.0,18548.0,8329.0,18044.0,8723.0
4598,9248.0,18967.0,8287.0,8046.0,17669.0,90235.0,18495.0,9293.0,18721.0,29168.0,8507.0
4599,8234.0,18032.0,8790.0,8262.0,17695.0,87936.0,17317.0,18040.0,9392.0,39203.0,8859.0
4600,9407.0,9009.0,8348.0,17799.0,18175.0,89754.0,9737.0,19334.0,18782.0,48296.0,7804.0
4601,9455.0,18832.0,8712.0,8497.0,18152.0,90871.0,9841.0,19308.0,8750.0,69015.0,7920.0
4602,8765.0,8685.0,8008.0,19600.0,9349.0,81081.0,17502.0,8597.0,18406.0,47786.0,8945.0
4603,9496.0,9217.0,8699.0,10095.0,8502.0,91402.0,18954.0,9525.0,9385.0,39008.0,8054.0
4604,8934.0,18872.0,9228.0,18847.0,8884.0,91836.0,18656.0,9649.0,19150.0,48277.0,9056.0
4605,8313.0,8376.0,8821.0,18587.0,8862.0,81643.0,19113.0,18202.0,9781.0,29250.0,8834.0
4606,9535.0,9434.0,8500.0,18317.0,9325.0,82805.0,19944.0,19657.0,8180.0,29201.0,8135.0
4607,8750.0,8578.0,19055.0,10508.0,8588.0,83569.0,17822.0,18808.0,8347.0,29847.0,9054.0
4608,8474.0,19715.0,9210.0,8262.0,18927.0,92604.0,20273.0,9180.0,9599.0,30068.0,8814.0
4609,8275.0,17932.0,8843.0,18754.0,9311.0,83215.0,18993.0,8321.0,17608.0,29286.0,
4610,8380.0,8428.0,8496.0,18106.0,9360.0,79525.0,17699.0,19186.0,9737.0,19323.0,8651.0
4611,9785.0,9150.0,8308.0,18417.0,9595.0,91819.0,18679.0,19978.0,9448.0,29355.0,9698.0
4612,9365.0,9180.0,8284.0,19502.0,9219.0,82621.0,19155.0,9196.0,18817.0,18061.0,7730.0
4613,8519.0,18944.0,8494.0,18027.0,9355.0,91204.0,18897.0,8904.0,9100.0,28850.0,8808.0
4614,9421.0,8122.0,9330.0,18861.0,8768.0,82346.0,19496.0,19261.0,8795.0,29719.0,9397.0
4615,8668.0,8694.0,9842.0,19198.0,9333.0,83213.0,19171.0,8636.0,18358.0,29836.0,9368.0
4616,9153.0,19044.0,9264.0,19179.0,9463.0,93772.0,19167.0,9816.0,18669.0,29981.0,9366.0
4617,9443.0,8929.0,18277.0,9196.0,9782.0,93596.0,18762.0,8900.0,19386.0,39820.0,9633.0
4618,9315.0,8865.0,9420.0,18627.0,8919.0,82639.0,19519.0,18887.0,8349.0,47856.0,9288.0
4619,9227.0,19611.0,8929.0,8471.0,19256.0,83685.0,19590.0,19731.0,8029.0,49912.0,7795.0
4620,9695.0,9032.0,8933.0,18405.0,8965.0,81172.0,19530.0,8652.0,18578.0,49766.0,7732.0
4621,8323.0,19546.0,9037.0,8627.0,19034.0,92782.0,9099.0,19715.0,9727.0,39667.0,8130.0
4622,8764.0,8271.0,9523.0,19512.0,9486.0,84895.0,19889.0,19400.0,9332.0,40639.0,9102.0
4623,9049.0,18613.0,9561.0,8893.0,19327.0,93956.0,19223.0,8934.0,19096.0,39726.0,9229.0
4624,8566.0,8182.0,8853.0,18132.0,8554.0,79818.0,19930.0,7641.0,19693.0,40131.0,8954.0
4625,8928.0,18945.0,9953.0,9250.0,18920.0,95352.0,9485.0,19649.0,8689.0,49110.0,9591.0
4626,8874.0,18741.0,8175.0,9824.0,19332.0,83051.0,19286.0,19388.0,8868.0,59411.0,8830.0
4627,9143.0,9044.0,8111.0,19465.0,10040.0,82381.0,18750.0,8002.0,19623.0,58884.0,7607.0
4628,8501.0,8405.0,9386.0,19614.0,9140.0,82527.0,19294.0,19798.0,9711.0,59222.0,8872.0
4629,8923.0,19278.0,8151.0,9808.0,19869.0,93909.0,18705.0,8349.0,18888.0,49321.0,9242.0
4630,9476.0,9270.0,8523.0,17710.0,18451.0,81842.0,19277.0,18604.0,8886.0,59001.0,8342.0
4631,8231.0,8410.0,9646.0,19428.0,18123.0,81903.0,18551.0,19144.0,9398.0,49908.0,8733.0
4632,8784.0,8864.0,10201.0,9316.0,9450.0,93023.0,8837.0,18822.0,9117.0,49457.0,9072.0
4633,8647.0,18610.0,9171.0,18428.0,9156.0,90624.0,17612.0,9247.0,8789.0,68474.0,7829.0
4634,9346.0,19304.0,8767.0,8346.0,20124.0,92211.0,19065.0,8107.0,19248.0,70823.0,7904.0
4635,8942.0,8847.0,8828.0,18549.0,9873.0,83405.0,18997.0,9523.0,19525.0,79898.0,9231.0
4636,9018.0,18778.0,9780.0,9240.0,19178.0,94983.0,19783.0,9760.0,19332.0,79860.0,9295.0
4637,9143.0,19503.0,10024.0,9094.0,18817.0,94218.0,9374.0,19713.0,8690.0,79263.0,7927.0
4638,9224.0,18738.0,9348.0,19341.0,8639.0,94008.0,19307.0,19136.0,9687.0,69654.0,9490.0
4639,8186.0,8293.0,8214.0,19713.0,9449.0,81145.0,18270.0,8648.0,8341.0,79803.0,8433.0
4640,9213.0,9294.0,8595.0,19761.0,8179.0,82498.0,18941.0,9734.0,19541.0,69363.0,7666.0
4641,9194.0,18991.0,8329.0,7629.0,19814.0,91977.0,8987.0,18801.0,7750.0,88479.0,9138.0
4642,8196.0,18212.0,8949.0,8878.0,18717.0,91135.0,19274.0,9508.0,9136.0,91456.0,8702.0
4643,8822.0,18537.0,9443.0,19100.0,9449.0,92967.0,18589.0,9099.0,19501.0,68311.0,8656.0
4644,8233.0,9848.0,9331.0,18884.0,9416.0,91581.0,18821.0,9142.0,19716.0,90948.0,8699.0
4645,8693.0,18277.0,9557.0,19711.0,9223.0,93045.0,18623.0,8817.0,19528.0,89621.0,8735.0
4646,9628.0,8784.0,9668.0,19427.0,8867.0,94932.0,18187.0,20000.0,9504.0,101133.0,10029.0
4647,7613.0,19362.0,9139.0,8915.0,19206.0,92292.0,18417.0,9483.0,20039.0,96114.0,8358.0
4648,8255.0,17523.0,9127.0,8336.0,17943.0,88640.0,7728.0,17498.0,17850.0,99906.0,8712.0
4649,9198.0,9250.0,9095.0,18833.0,8864.0,73795.0,19643.0,9440.0,18741.0,69363.0,
4650,8416.0,7603.0,8970.0,18608.0,8718.0,80729.0,17736.0,19072.0,9353.0,89778.0,8757.0
4651,8949.0,19494.0,9070.0,8801.0,19014.0,94760.0,18846.0,8984.0,8610.0,78726.0,9402.0
4652,8804.0,9145.0,9024.0,18773.0,9080.0,83383.0,18653.0,19723.0,8256.0,78043.0,9191.0
4653,9180.0,18776.0,8445.0,7640.0,19370.0,91730.0,19137.0,10272.0,9840.0,69398.0,9491.0
4654,8466.0,17717.0,9798.0,9145.0,20147.0,92739.0,8581.0,10070.0,9590.0,49085.0,8692.0
4655,9151.0,19035.0,9799.0,9211.0,19205.0,93789.0,9499.0,19573.0,8986.0,38530.0,7739.0
4656,8383.0,18082.0,9937.0,8959.0,18795.0,92801.0,19687.0,8920.0,19033.0,29158.0,8866.0
4657,8916.0,18854.0,9716.0,8351.0,18752.0,92699.0,9643.0,18685.0,9607.0,30187.0,8764.0
4658,8835.0,18389.0,9568.0,19051.0,9295.0,93211.0,18892.0,18215.0,9360.0,19271.0,8715.0
4659,8848.0,8671.0,8543.0,18277.0,8775.0,81602.0,18815.0,19086.0,9716.0,18645.0,8609.0
4660,9613.0,9307.0,8903.0,18382.0,8697.0,92241.0,19944.0,9025.0,19440.0,19162.0,10233.0
4661,9144.0,9014.0,8810.0,18090.0,8603.0,80521.0,19858.0,19673.0,9141.0,18961.0,7633.0
4662,8936.0,8839.0,9065.0,18773.0,9848.0,82455.0,18616.0,18755.0,9581.0,19998.0,9064.0
4663,9748.0,9464.0,8837.0,18408.0,8814.0,83182.0,29517.0,10057.0,7608.0,19541.0,8031.0
4664,8193.0,18288.0,8131.0,7738.0,19578.0,89705.0,9486.0,20077.0,9617.0,29929.0,8594.0
4665,9007.0,18485.0,8869.0,8977.0,19468.0,93276.0,19063.0,10106.0,19544.0,18477.0,9241.0
4666,9392.0,19366.0,8023.0,20045.0,8749.0,91969.0,18038.0,8959.0,19776.0,29562.0,7708.0
4667,8683.0,8314.0,8188.0,18056.0,8525.0,80208.0,20065.0,9174.0,18812.0,19072.0,8617.0
4668,8131.0,19629.0,9322.0,8428.0,10242.0,91515.0,18783.0,19186.0,8864.0,18548.0,8365.0
4669,7727.0,9646.0,9209.0,18682.0,8665.0,81419.0,17985.0,19525.0,8934.0,19382.0,8155.0
4670,9032.0,18912.0,9279.0,8874.0,18803.0,92959.0,8832.0,18594.0,8488.0,19433.0,9433.0
4671,8961.0,18927.0,9152.0,8717.0,19185.0,93445.0,19248.0,9691.0,9087.0,29049.0,9247.0
4672,9670.0,9148.0,8624.0,10251.0,19041.0,93836.0,9727.0,18134.0,9185.0,39306.0,8663.0
4673,8966.0,8840.0,8693.0,18840.0,8889.0,81362.0,19882.0,18168.0,9179.0,39969.0,8880.0
4674,9002.0,8834.0,8514.0,18827.0,9046.0,83262.0,18640.0,18789.0,10102.0,50277.0,9006.0
4675,9228.0,8799.0,18727.0,9456.0,9391.0,83543.0,19434.0,18604.0,19102.0,39792.0,9206.0
4676,9294.0,19227.0,9230.0,18982.0,9530.0,94454.0,18613.0,8485.0,18414.0,49372.0,9388.0
4677,8579.0,18741.0,8836.0,8164.0,18226.0,91074.0,18922.0,8708.0,18507.0,48148.0,8900.0
4678,9089.0,18804.0,9527.0,8925.0,9638.0,85070.0,18317.0,18350.0,9673.0,49390.0,9247.0
4679,8688.0,18773.0,9502.0,19030.0,9366.0,92476.0,19074.0,8264.0,19826.0,39548.0,9171.0
4680,8895.0,19168.0,8507.0,8437.0,18855.0,92936.0,9121.0,19454.0,9077.0,39007.0,9375.0
4681,8627.0,8640.0,8620.0,17635.0,9035.0,80025.0,18434.0,18789.0,9035.0,37801.0,8999.0
4682,9103.0,8771.0,9120.0,17908.0,8456.0,78081.0,18638.0,8587.0,18656.0,28628.0,7320.0
4683,9121.0,9077.0,9189.0,18789.0,9060.0,80981.0,18527.0,18477.0,9256.0,37999.0,7573.0
4684,8521.0,18207.0,9257.0,9030.0,18065.0,89733.0,18571.0,9270.0,8957.0,47335.0,7548.0
4685,8544.0,8502.0,8812.0,18211.0,8465.0,80142.0,18543.0,19176.0,8433.0,37746.0,9072.0
4686,8141.0,18153.0,9513.0,8821.0,18596.0,89727.0,9066.0,18861.0,8725.0,37150.0,8358.0
4687,9450.0,18755.0,9338.0,8693.0,8540.0,80468.0,18957.0,18985.0,8096.0,28001.0,7960.0
4688,8869.0,8612.0,9156.0,18364.0,9131.0,81484.0,18498.0,18235.0,9327.0,28788.0,9158.0
4689,7579.0,19121.0,9410.0,8690.0,9003.0,72122.0,19199.0,19197.0,9110.0,29182.0,
4690,9251.0,8925.0,18772.0,9739.0,9038.0,81641.0,17914.0,18693.0,8679.0,18570.0,7678.0
4691,8207.0,8210.0,9405.0,19046.0,8833.0,80347.0,18297.0,18702.0,9235.0,18929.0,8628.0
4692,8943.0,8463.0,9297.0,18883.0,8942.0,83070.0,17375.0,18303.0,10063.0,8005.0,9118.0
4693,9109.0,9005.0,18026.0,9505.0,9282.0,82590.0,17615.0,18650.0,9353.0,8709.0,8757.0
4694,8497.0,8561.0,8033.0,19026.0,9358.0,79792.0,18726.0,19316.0,8721.0,8853.0,8546.0
4695,9447.0,8623.0,9290.0,18696.0,8657.0,92013.0,17997.0,8420.0,18023.0,8512.0,9807.0
4696,8968.0,8898.0,8351.0,17752.0,9339.0,80371.0,18530.0,18261.0,9279.0,18849.0,9179.0
4697,8275.0,18696.0,8959.0,8479.0,18588.0,90048.0,18564.0,8117.0,17791.0,9309.0,8332.0
4698,8632.0,18769.0,8183.0,17553.0,9114.0,88729.0,18072.0,7444.0,18243.0,7925.0,8833.0
4699,8903.0,18471.0,8905.0,8158.0,18173.0,90302.0,18638.0,9319.0,8683.0,19095.0,9174.0
4700,8856.0,8532.0,9333.0,18594.0,8636.0,81860.0,19250.0,18813.0,8334.0,29203.0,9104.0
4701,7871.0,8048.0,8003.0,19057.0,8935.0,77976.0,18950.0,9600.0,19065.0,29320.0,8313.0
4702,8513.0,17785.0,9231.0,8497.0,18022.0,89511.0,9231.0,17962.0,8304.0,9162.0,8503.0
4703,8215.0,18571.0,8493.0,8281.0,18029.0,88633.0,9003.0,17563.0,9321.0,18190.0,8479.0
4704,7704.0,7985.0,8064.0,18823.0,8668.0,78501.0,18101.0,18645.0,8268.0,18963.0,8342.0
4705,8171.0,7891.0,9288.0,18851.0,9701.0,79549.0,17854.0,18844.0,9181.0,18092.0,8282.0
4706,7799.0,7011.0,8577.0,18349.0,8801.0,77155.0,18334.0,17582.0,8828.0,9016.0,8065.0
4707,9247.0,18744.0,9215.0,18582.0,9156.0,90153.0,18250.0,9289.0,17659.0,8302.0,7423.0
4708,8679.0,8037.0,9116.0,18823.0,8090.0,90427.0,10075.0,17846.0,8082.0,9250.0,8903.0
4709,8611.0,18018.0,9249.0,18343.0,7711.0,89283.0,18991.0,8357.0,19090.0,8394.0,8477.0
4710,9022.0,8762.0,8451.0,18030.0,8276.0,79222.0,18438.0,18394.0,9591.0,9235.0,7373.0
4711,8643.0,18232.0,7909.0,19107.0,8575.0,90431.0,18093.0,8917.0,9013.0,19102.0,8965.0
4712,8762.0,8694.0,9375.0,18487.0,9015.0,81047.0,17619.0,17836.0,8848.0,8447.0,9058.0
4713,8606.0,8690.0,9308.0,18668.0,8986.0,82047.0,18578.0,19306.0,8633.0,8083.0,8613.0
4714,8910.0,8439.0,7949.0,19266.0,9186.0,80026.0,18070.0,19265.0,8986.0,9267.0,8643.0
4715,8198.0,8027.0,8895.0,18143.0,8602.0,79296.0,17908.0,8907.0,18603.0,8753.0,8402.0
4716,9162.0,18598.0,9259.0,19338.0,8827.0,90628.0,18619.0,9120.0,18398.0,8040.0,7626.0
4717,9216.0,18959.0,8804.0,8209.0,18379.0,90168.0,17306.0,8827.0,18718.0,9211.0,7756.0
4718,9353.0,8891.0,9130.0,18905.0,9079.0,81965.0,18679.0,9116.0,18799.0,8851.0,8396.0
4719,8893.0,18752.0,9711.0,18741.0,8895.0,92861.0,18286.0,7974.0,18336.0,8113.0,8691.0
4720,8257.0,8076.0,7572.0,19085.0,8626.0,79224.0,19120.0,18402.0,8717.0,8432.0,8486.0
4721,7999.0,9902.0,9345.0,19115.0,8611.0,91142.0,17897.0,7904.0,19307.0,9451.0,8544.0
4722,8520.0,18759.0,8850.0,18743.0,8946.0,91742.0,18237.0,8340.0,17812.0,9119.0,8854.0
4723,9166.0,8738.0,9295.0,19058.0,9170.0,83098.0,18029.0,8889.0,19133.0,8780.0,9279.0
4724,9517.0,18654.0,8626.0,8326.0,18490.0,89079.0,17879.0,8436.0,17596.0,8949.0,7405.0
4725,9221.0,19382.0,8342.0,9455.0,18937.0,92151.0,19392.0,9508.0,17917.0,9304.0,7504.0
4726,9355.0,19170.0,8342.0,19448.0,8611.0,91215.0,19047.0,9180.0,17811.0,9134.0,7311.0
4727,8369.0,17944.0,8138.0,8945.0,19005.0,79368.0,9872.0,19298.0,9486.0,18905.0,8318.0
4728,7573.0,19584.0,8658.0,7923.0,17781.0,88323.0,19093.0,8855.0,8227.0,18219.0,8147.0
4729,8796.0,18747.0,9017.0,8426.0,18809.0,82634.0,9235.0,18647.0,7672.0,18910.0,
4730,7923.0,19097.0,8251.0,17977.0,7906.0,87870.0,18812.0,8960.0,18038.0,27103.0,8024.0
4731,8239.0,18057.0,8477.0,19155.0,8769.0,90291.0,18937.0,9272.0,18697.0,17826.0,8377.0
4732,8591.0,18348.0,9409.0,18825.0,9018.0,91540.0,18540.0,9204.0,18627.0,8670.0,8827.0
4733,9661.0,9449.0,9384.0,19050.0,9090.0,93434.0,17793.0,9113.0,19021.0,9155.0,18401.0
4734,9041.0,8978.0,9044.0,18337.0,8363.0,81949.0,18732.0,8074.0,17806.0,18385.0,9185.0
4735,8571.0,8535.0,8789.0,17852.0,8346.0,79969.0,17887.0,18919.0,9832.0,19037.0,8976.0
4736,9525.0,18887.0,8135.0,17430.0,8805.0,88333.0,17537.0,17470.0,9189.0,9245.0,7695.0
4737,8171.0,7380.0,7798.0,19113.0,9226.0,78520.0,18856.0,8605.0,18322.0,9247.0,8453.0
4738,8526.0,18118.0,8678.0,17876.0,7927.0,88640.0,19061.0,8413.0,18918.0,9146.0,8542.0
4739,9605.0,19784.0,9029.0,8640.0,18180.0,83032.0,18070.0,19129.0,9024.0,19104.0,7793.0
4740,9376.0,18855.0,9499.0,8764.0,18407.0,90386.0,19108.0,8121.0,7947.0,17900.0,7425.0
4741,9593.0,9184.0,8614.0,17875.0,8352.0,81309.0,18499.0,18103.0,9595.0,17583.0,8391.0
4742,9161.0,8707.0,8705.0,18163.0,9498.0,80088.0,17785.0,18357.0,9263.0,19034.0,7806.0
4743,8995.0,8708.0,18585.0,8934.0,18269.0,82410.0,18825.0,17955.0,9255.0,18609.0,8970.0
4744,9997.0,9098.0,8700.0,18368.0,8436.0,90253.0,17698.0,8092.0,19091.0,9222.0,17826.0
4745,9342.0,9207.0,9216.0,19052.0,9066.0,93177.0,19000.0,19104.0,8639.0,18147.0,10107.0
4746,7733.0,17689.0,7480.0,18653.0,8744.0,86254.0,18432.0,9155.0,19030.0,9065.0,8316.0
4747,8267.0,8125.0,8674.0,18106.0,7976.0,88566.0,8822.0,18559.0,8806.0,19249.0,8478.0
4748,8832.0,8496.0,7709.0,19030.0,8728.0,79011.0,19376.0,17574.0,9342.0,28195.0,8974.0
4749,8603.0,18734.0,7465.0,9236.0,19006.0,89530.0,8752.0,18417.0,9131.0,28299.0,8709.0
4750,8793.0,8831.0,8221.0,19280.0,9258.0,90268.0,18463.0,9228.0,18792.0,18269.0,9538.0
4751,8286.0,8247.0,9620.0,18531.0,8906.0,80296.0,17884.0,8693.0,18986.0,18697.0,8460.0
4752,9249.0,8894.0,8755.0,18470.0,8571.0,80937.0,18090.0,18743.0,9433.0,19199.0,7915.0
4753,8698.0,8501.0,8615.0,17786.0,8201.0,79268.0,18797.0,18757.0,8203.0,17947.0,8538.0
4754,8229.0,7876.0,9260.0,18986.0,8790.0,79115.0,18575.0,8225.0,9937.0,18386.0,8119.0
4755,8953.0,18605.0,8224.0,18807.0,8175.0,90330.0,18548.0,8793.0,8883.0,18668.0,8536.0
4756,8756.0,18062.0,8972.0,8465.0,19274.0,91480.0,17640.0,8326.0,18091.0,9512.0,8390.0
4757,8416.0,18292.0,8168.0,19165.0,9119.0,90017.0,18538.0,9155.0,18978.0,9628.0,8548.0
4758,8575.0,18041.0,8960.0,18033.0,17505.0,98231.0,17646.0,18128.0,9223.0,8266.0,8678.0
4759,8720.0,18422.0,9271.0,18375.0,9078.0,88847.0,27831.0,8481.0,18088.0,9036.0,7489.0
4760,8546.0,17834.0,8775.0,18000.0,17679.0,97253.0,18481.0,27222.0,8995.0,8618.0,7217.0
4761,8808.0,18225.0,8406.0,17830.0,17171.0,96867.0,18332.0,18751.0,9213.0,18591.0,7693.0
4762,7668.0,17269.0,7475.0,18581.0,17656.0,95060.0,28137.0,8857.0,17851.0,8609.0,8168.0
4763,9053.0,18551.0,9281.0,18219.0,18428.0,99183.0,17511.0,18053.0,17198.0,8933.0,7714.0
4764,7958.0,17208.0,7660.0,18660.0,18324.0,96455.0,18197.0,28388.0,8892.0,8504.0,8155.0
4765,8421.0,18459.0,7439.0,18362.0,17309.0,96265.0,17479.0,18293.0,18814.0,9025.0,8758.0
4766,8494.0,8342.0,7740.0,16784.0,8307.0,85591.0,18660.0,19187.0,9141.0,9231.0,8777.0
4767,9016.0,18016.0,8838.0,17579.0,17767.0,97888.0,17834.0,18795.0,18502.0,8489.0,7700.0
4768,8219.0,17958.0,8835.0,17990.0,18640.0,107605.0,19331.0,17776.0,18626.0,8292.0,8586.0
4769,8835.0,18219.0,8499.0,17550.0,8840.0,80873.0,27970.0,8204.0,18623.0,9147.0,
4770,7540.0,9056.0,8864.0,27425.0,7872.0,86943.0,18401.0,18440.0,18645.0,27904.0,7926.0
4771,8243.0,17484.0,8520.0,17075.0,17201.0,105050.0,18607.0,18441.0,18443.0,17601.0,8871.0
4772,8204.0,17303.0,8462.0,18539.0,18074.0,105212.0,18311.0,18868.0,8629.0,17363.0,8297.0
4773,8172.0,17562.0,8511.0,17343.0,18135.0,107108.0,28249.0,18054.0,18505.0,9492.0,8598.0
4774,9165.0,17833.0,7965.0,18684.0,18112.0,98310.0,27316.0,17786.0,8779.0,17918.0,7683.0
4775,7645.0,18509.0,8326.0,17384.0,8795.0,96094.0,27438.0,18398.0,16930.0,8876.0,9363.0
4776,8222.0,18013.0,7653.0,18762.0,18062.0,98363.0,28134.0,18567.0,17514.0,8201.0,8805.0
4777,8343.0,17506.0,17767.0,18648.0,7754.0,107147.0,27545.0,8512.0,18560.0,8087.0,8687.0
4778,8050.0,7746.0,8741.0,18257.0,17702.0,86637.0,16823.0,18001.0,17135.0,8563.0,8108.0
4779,7832.0,18794.0,9302.0,18679.0,8710.0,90135.0,28472.0,17882.0,18073.0,7761.0,8125.0
4780,8651.0,18206.0,9059.0,18577.0,19088.0,99133.0,38264.0,8909.0,18641.0,18194.0,7652.0
4781,8554.0,18093.0,7971.0,18866.0,18563.0,99107.0,17403.0,18716.0,9244.0,8825.0,8961.0
4782,7890.0,18140.0,8546.0,18098.0,8556.0,97877.0,17985.0,18084.0,17868.0,9173.0,8230.0
4783,7977.0,17330.0,8404.0,17590.0,19121.0,95934.0,26920.0,9532.0,17257.0,9122.0,8431.0
4784,7965.0,18688.0,7430.0,27313.0,17837.0,105306.0,18374.0,17507.0,18533.0,8702.0,8473.0
4785,7444.0,18297.0,8614.0,17432.0,8303.0,95518.0,27353.0,18144.0,19048.0,8481.0,8098.0
4786,17572.0,17048.0,9162.0,17595.0,9133.0,105364.0,27671.0,18275.0,18408.0,8007.0,8276.0
4787,7055.0,18462.0,7734.0,18071.0,17736.0,94329.0,27024.0,8780.0,17923.0,18066.0,7829.0
4788,8106.0,17916.0,7219.0,17871.0,17526.0,94477.0,28231.0,17839.0,18941.0,8201.0,8680.0
4789,8017.0,17558.0,17387.0,17952.0,17019.0,123845.0,18560.0,18495.0,18770.0,18680.0,8942.0
4790,9056.0,18344.0,9108.0,17970.0,8705.0,98357.0,28522.0,9537.0,8910.0,18224.0,7769.0
4791,8701.0,17638.0,8749.0,17971.0,7906.0,96329.0,27071.0,16702.0,17127.0,8908.0,7568.0
4792,9348.0,8915.0,9037.0,18101.0,17375.0,98324.0,28478.0,17474.0,8592.0,8320.0,17750.0
4793,8187.0,27093.0,8449.0,17441.0,8912.0,105555.0,17926.0,18579.0,17732.0,9164.0,8063.0
4794,8329.0,8204.0,9172.0,18430.0,18572.0,89698.0,28316.0,9182.0,18630.0,9166.0,8938.0
4795,8687.0,8453.0,9084.0,18258.0,9184.0,99025.0,28053.0,18593.0,8958.0,8942.0,17516.0
4796,7627.0,18032.0,8269.0,17747.0,18718.0,97130.0,26907.0,18021.0,17954.0,8580.0,8096.0
4797,8476.0,17345.0,7978.0,17369.0,9236.0,94801.0,17776.0,19001.0,8563.0,18690.0,7008.0
4798,7913.0,26481.0,9249.0,18387.0,8524.0,105301.0,37524.0,18800.0,17478.0,8358.0,8086.0
4799,8487.0,17402.0,8612.0,17630.0,17319.0,95477.0,18442.0,17645.0,18682.0,9149.0,8749.0
4800,8758.0,17831.0,8685.0,17900.0,17829.0,96134.0,27258.0,17382.0,17706.0,9144.0,7245.0
4801,8827.0,18231.0,8832.0,18635.0,17638.0,108292.0,17640.0,17715.0,18789.0,8848.0,7619.0
4802,7289.0,18371.0,8918.0,27633.0,8015.0,105058.0,17701.0,17592.0,17595.0,8031.0,7904.0
4803,8746.0,28026.0,8579.0,17972.0,7697.0,105904.0,27115.0,17699.0,26508.0,8645.0,7510.0
4804,7549.0,18233.0,8626.0,8302.0,18589.0,104640.0,18853.0,18360.0,17311.0,9295.0,8220.0
4805,8958.0,28039.0,8453.0,18311.0,9472.0,109821.0,36600.0,18843.0,8708.0,17573.0,7541.0
4806,8745.0,17901.0,9014.0,17756.0,18743.0,98061.0,17211.0,17003.0,17830.0,8497.0,7550.0
4807,8358.0,18129.0,9255.0,18199.0,17526.0,96544.0,26334.0,17265.0,8122.0,17550.0,7711.0
4808,7617.0,26896.0,9018.0,16901.0,7865.0,113684.0,17159.0,7564.0,16182.0,7972.0,8468.0
4809,8825.0,18398.0,8367.0,17322.0,17376.0,104785.0,17705.0,18515.0,7144.0,8686.0,8000.0
4810,8467.0,17885.0,9117.0,17932.0,16924.0,97067.0,17277.0,17454.0,18229.0,7486.0,
4811,8778.0,8737.0,8984.0,18263.0,18028.0,88500.0,27193.0,26214.0,8083.0,8279.0,8887.0
4812,7544.0,16983.0,8406.0,17363.0,18103.0,95139.0,17706.0,18727.0,18251.0,8185.0,8343.0
4813,8198.0,17731.0,9083.0,18403.0,8179.0,97490.0,18613.0,17520.0,18053.0,8510.0,8355.0
4814,7755.0,16829.0,8525.0,17728.0,16952.0,94034.0,27602.0,9672.0,18797.0,9195.0,8258.0
4815,7227.0,18468.0,9203.0,18611.0,8717.0,98035.0,17816.0,17173.0,18204.0,8634.0,7965.0
4816,8668.0,18296.0,8652.0,17935.0,8485.0,89594.0,18177.0,18360.0,27384.0,9267.0,8936.0
4817,8926.0,8556.0,8923.0,17769.0,18690.0,99252.0,17955.0,17814.0,19087.0,18652.0,9333.0
4818,8772.0,8487.0,9007.0,17368.0,17283.0,88033.0,28334.0,17617.0,18277.0,8834.0,8612.0
4819,8494.0,17704.0,7822.0,17974.0,17861.0,106766.0,27256.0,18062.0,16898.0,18492.0,8768.0
4820,7919.0,17958.0,8674.0,18093.0,17306.0,96883.0,9808.0,27986.0,16978.0,18679.0,8389.0
4821,7202.0,17675.0,7885.0,16767.0,8928.0,93284.0,18248.0,8393.0,18733.0,18732.0,7782.0
4822,9013.0,18635.0,9155.0,17996.0,8320.0,107298.0,27939.0,18171.0,28279.0,17210.0,7762.0
4823,9591.0,8967.0,8512.0,27471.0,8877.0,107169.0,26808.0,9191.0,18923.0,36212.0,8315.0
4824,8852.0,18346.0,8506.0,17939.0,8309.0,89266.0,18699.0,8158.0,17895.0,56488.0,8329.0
4825,7882.0,26824.0,8759.0,17720.0,18030.0,115221.0,17464.0,18056.0,8496.0,55806.0,7924.0
4826,8362.0,17858.0,7783.0,17254.0,18721.0,106894.0,26803.0,8619.0,18145.0,66671.0,8732.0
4827,8652.0,18048.0,9296.0,18350.0,8689.0,98123.0,17244.0,17815.0,17709.0,66988.0,7423.0
4828,7398.0,18469.0,8855.0,8434.0,17710.0,95363.0,18178.0,17412.0,9103.0,75418.0,8049.0
4829,8604.0,8228.0,9653.0,18375.0,18824.0,108672.0,26608.0,18122.0,17581.0,66464.0,8913.0
4830,8608.0,18306.0,9237.0,18195.0,18055.0,97750.0,17862.0,17622.0,17872.0,104005.0,7476.0
4831,8039.0,18944.0,8993.0,18529.0,17940.0,97540.0,17361.0,17637.0,18544.0,94692.0,7783.0
4832,7738.0,18500.0,9460.0,18348.0,8953.0,99642.0,27741.0,18403.0,18204.0,66406.0,8044.0
4833,8324.0,8115.0,9065.0,27896.0,17579.0,108217.0,17347.0,18359.0,17981.0,56824.0,8832.0
4834,7943.0,17744.0,9161.0,8480.0,17784.0,98482.0,17301.0,18678.0,17847.0,65080.0,8747.0
4835,8804.0,17991.0,9007.0,8678.0,18407.0,108656.0,18821.0,9079.0,18277.0,55577.0,9255.0
4836,8517.0,18279.0,8800.0,17362.0,8238.0,96533.0,17973.0,18831.0,8965.0,76749.0,7303.0
4837,8324.0,17539.0,18424.0,17886.0,18432.0,117586.0,27841.0,18440.0,18466.0,37790.0,8315.0
4838,8559.0,18018.0,7762.0,9159.0,17516.0,96430.0,8562.0,18041.0,18343.0,36635.0,7389.0
4839,7397.0,18143.0,8861.0,8574.0,17621.0,96457.0,27678.0,27821.0,8595.0,37889.0,7589.0
4840,8259.0,8509.0,8748.0,8413.0,18043.0,94946.0,8679.0,18678.0,27058.0,27330.0,7314.0
4841,7800.0,17225.0,9067.0,17851.0,18930.0,97871.0,18447.0,16752.0,18003.0,27271.0,8422.0
4842,8445.0,17878.0,8881.0,18363.0,8508.0,107809.0,17878.0,17761.0,9066.0,26587.0,8892.0
4843,7388.0,18407.0,9112.0,18131.0,7635.0,94703.0,27115.0,17989.0,17259.0,17635.0,8062.0
4844,7988.0,16928.0,8279.0,7611.0,18272.0,103957.0,17872.0,17534.0,8151.0,9550.0,8127.0
4845,7871.0,18213.0,8707.0,18127.0,8728.0,96719.0,27510.0,17482.0,17983.0,19155.0,8113.0
4846,8613.0,18204.0,8225.0,17173.0,8765.0,104989.0,26608.0,17162.0,8298.0,18647.0,7433.0
4847,8090.0,17586.0,7719.0,18685.0,8458.0,96575.0,28037.0,8818.0,19021.0,8594.0,8098.0
4848,8085.0,17093.0,8389.0,17922.0,8252.0,94945.0,27719.0,17360.0,18610.0,18641.0,8074.0
4849,8919.0,18807.0,9228.0,18098.0,16876.0,107667.0,18320.0,18437.0,17530.0,17879.0,7848.0
4850,8320.0,17348.0,8701.0,17964.0,8237.0,104305.0,18252.0,18698.0,8302.0,8218.0,8470.0
4851,8483.0,18437.0,8248.0,17175.0,17814.0,88042.0,17696.0,18086.0,7051.0,27421.0,
4852,8032.0,17827.0,8369.0,9703.0,17108.0,105424.0,27693.0,8064.0,17880.0,36144.0,8158.0
4853,8824.0,8868.0,17850.0,18771.0,17523.0,98674.0,17762.0,18266.0,17403.0,28109.0,7857.0
4854,8636.0,18268.0,8689.0,17920.0,18727.0,100220.0,17584.0,17811.0,17913.0,8549.0,9091.0
4855,8700.0,17839.0,7790.0,17198.0,8287.0,104717.0,17922.0,18414.0,17885.0,7913.0,16818.0
4856,7897.0,27457.0,8203.0,17600.0,9051.0,106452.0,18891.0,8641.0,17559.0,8102.0,8215.0
4857,8943.0,27790.0,8688.0,18267.0,8685.0,108051.0,27291.0,18513.0,17696.0,8823.0,7718.0
4858,8049.0,7989.0,8848.0,27974.0,8904.0,108080.0,18618.0,9089.0,18386.0,8254.0,8763.0
4859,8405.0,8273.0,17417.0,18239.0,7846.0,86508.0,16539.0,18811.0,17308.0,8507.0,7711.0
4860,17782.0,9022.0,18030.0,9655.0,18435.0,107560.0,17477.0,18177.0,18612.0,8673.0,7086.0
4861,8158.0,17344.0,8902.0,16909.0,18528.0,95979.0,27175.0,17165.0,8478.0,18462.0,8489.0
4862,17555.0,8330.0,8141.0,17552.0,18352.0,105295.0,18298.0,9177.0,18780.0,8957.0,6956.0
4863,8798.0,17981.0,8619.0,17777.0,17681.0,94824.0,17687.0,17725.0,18416.0,8023.0,6741.0
4864,8768.0,17389.0,8530.0,17457.0,7508.0,95968.0,17485.0,8673.0,9470.0,18257.0,8795.0
4865,8474.0,27116.0,7485.0,17581.0,9254.0,96280.0,18141.0,17755.0,18691.0,8836.0,8563.0
4866,8026.0,7889.0,17402.0,8655.0,17298.0,95332.0,18377.0,18142.0,18420.0,7640.0,8535.0
4867,8863.0,18176.0,7045.0,17940.0,17332.0,93844.0,18774.0,17580.0,18605.0,8188.0,7121.0
4868,8619.0,8557.0,9142.0,18237.0,18931.0,98547.0,26371.0,8870.0,17522.0,8314.0,7272.0
4869,8229.0,17388.0,9039.0,17994.0,18077.0,105915.0,18557.0,18619.0,17121.0,8146.0,8632.0
4870,8171.0,27074.0,8681.0,17747.0,17273.0,106178.0,8376.0,26266.0,17529.0,7863.0,8596.0
4871,7437.0,18429.0,7736.0,18203.0,17994.0,106400.0,18056.0,17629.0,7323.0,18298.0,7936.0
4872,17165.0,9148.0,7849.0,18487.0,8481.0,107223.0,17763.0,17834.0,17309.0,9102.0,8067.0
4873,8868.0,17807.0,8943.0,18657.0,18222.0,98674.0,17689.0,17402.0,8710.0,17785.0,7676.0
4874,7441.0,17662.0,17805.0,17838.0,17342.0,114145.0,18252.0,18690.0,17066.0,7893.0,8086.0
4875,9068.0,28354.0,8078.0,18570.0,7221.0,96859.0,19253.0,18431.0,17960.0,8894.0,7909.0
4876,8282.0,17242.0,8915.0,18172.0,18097.0,96584.0,28217.0,9285.0,18254.0,9104.0,7655.0
4877,17940.0,8678.0,17513.0,9410.0,18259.0,108346.0,18066.0,16910.0,17816.0,8190.0,8438.0
4878,8782.0,17810.0,8831.0,18020.0,8292.0,96830.0,17680.0,17452.0,8482.0,18391.0,7345.0
4879,8427.0,17941.0,8257.0,7865.0,17881.0,85281.0,18366.0,17594.0,8087.0,17652.0,7411.0
4880,8747.0,18242.0,8878.0,27122.0,8085.0,96831.0,27930.0,17604.0,26407.0,8598.0,7772.0
4881,8230.0,18308.0,8786.0,18008.0,8410.0,97369.0,16959.0,27355.0,18370.0,8081.0,8421.0
4882,8882.0,18053.0,8493.0,18195.0,18611.0,108036.0,28094.0,8820.0,18413.0,8491.0,7749.0
4883,8905.0,18589.0,8794.0,17786.0,7286.0,85359.0,26055.0,18228.0,8710.0,8187.0,7231.0
4884,7916.0,17067.0,9260.0,27611.0,8610.0,107090.0,17267.0,27361.0,7939.0,17858.0,8590.0
4885,8219.0,7899.0,17735.0,17273.0,17493.0,113524.0,27103.0,7622.0,18237.0,8686.0,9058.0
4886,7479.0,17604.0,7970.0,17177.0,18221.0,94701.0,18074.0,17970.0,16345.0,7876.0,8582.0
4887,8832.0,17520.0,8318.0,17024.0,8453.0,95112.0,16728.0,16868.0,17181.0,8108.0,7299.0
4888,8547.0,17600.0,8955.0,18343.0,17217.0,98088.0,27932.0,9153.0,27777.0,8134.0,8709.0
4889,8994.0,18548.0,7560.0,18577.0,17667.0,97021.0,17246.0,27124.0,17685.0,27205.0,7624.0
4890,8241.0,17220.0,9149.0,17769.0,8341.0,106875.0,27092.0,17680.0,18532.0,46461.0,8656.0
4891,8497.0,17870.0,8612.0,26451.0,8949.0,116380.0,18442.0,16864.0,17693.0,65138.0,8587.0
4892,7416.0,8328.0,7488.0,27654.0,8905.0,87978.0,17816.0,17267.0,18497.0,7687.0,
4893,7816.0,16543.0,8556.0,27233.0,18518.0,105349.0,17568.0,16558.0,8417.0,8520.0,8048.0
4894,7922.0,17146.0,8793.0,17792.0,16560.0,102638.0,27107.0,17451.0,8281.0,7451.0,8240.0
4895,7584.0,16932.0,6927.0,17617.0,8387.0,93375.0,17183.0,26731.0,18099.0,7627.0,8025.0
4896,8079.0,18154.0,8341.0,17415.0,16280.0,93591.0,27426.0,17787.0,9173.0,9172.0,8285.0
4897,7176.0,17282.0,17936.0,17797.0,8198.0,104252.0,17720.0,18382.0,17691.0,8452.0,7974.0
4898,7957.0,9463.0,8585.0,17949.0,17851.0,96454.0,17989.0,17970.0,17429.0,7109.0,8063.0
4899,8311.0,18285.0,8424.0,17634.0,7775.0,87264.0,17922.0,18379.0,9007.0,17501.0,8524.0
4900,8227.0,17675.0,9078.0,18180.0,8564.0,106932.0,27025.0,7821.0,17195.0,9207.0,9211.0
4901,8389.0,17758.0,9138.0,18018.0,8767.0,97209.0,17457.0,9073.0,8488.0,8537.0,8710.0
4902,8169.0,18043.0,8508.0,17913.0,8725.0,97289.0,9101.0,17835.0,17432.0,8587.0,8697.0
4903,8218.0,17883.0,7957.0,18658.0,17507.0,106905.0,26497.0,18320.0,18871.0,8617.0,8630.0
4904,9428.0,18849.0,8883.0,8447.0,18229.0,89558.0,18483.0,18511.0,17605.0,8619.0,7943.0
4905,8614.0,17929.0,7786.0,18305.0,9380.0,104983.0,27265.0,17921.0,8492.0,17357.0,7341.0
4906,8015.0,7537.0,17976.0,9491.0,17900.0,87389.0,17619.0,17167.0,18068.0,8187.0,8680.0
4907,8206.0,18661.0,7369.0,17533.0,8936.0,94844.0,17484.0,9427.0,18654.0,8957.0,8497.0
4908,8636.0,8524.0,9027.0,18839.0,8079.0,96089.0,27321.0,9149.0,18124.0,8972.0,8885.0
4909,8709.0,18248.0,8379.0,27422.0,8670.0,96506.0,17968.0,17419.0,18009.0,18210.0,7427.0
4910,8506.0,18035.0,8138.0,17540.0,18212.0,96362.0,26310.0,17539.0,17878.0,8813.0,7472.0
4911,8239.0,17365.0,8430.0,18665.0,17810.0,96871.0,27647.0,8791.0,17111.0,7903.0,8242.0
4912,8448.0,7966.0,8775.0,18127.0,17286.0,94878.0,17978.0,18436.0,16332.0,7196.0,7335.0
4913,7739.0,16645.0,8831.0,18020.0,18349.0,105453.0,17962.0,18710.0,8474.0,8120.0,8089.0
4914,6955.0,27951.0,9063.0,8508.0,17442.0,95764.0,27083.0,7751.0,17729.0,8672.0,8125.0
4915,7951.0,17946.0,7885.0,9130.0,18105.0,97336.0,17627.0,17892.0,7155.0,8758.0,8153.0
4916,8541.0,8046.0,7867.0,17274.0,8773.0,76282.0,26583.0,18265.0,7715.0,7781.0,8393.0
4917,8786.0,8660.0,18004.0,9591.0,18019.0,109125.0,18254.0,17613.0,8728.0,8775.0,9419.0
4918,8774.0,8708.0,17935.0,9204.0,17943.0,98035.0,28208.0,18834.0,8127.0,7704.0,8028.0
4919,7715.0,18074.0,7410.0,18656.0,8734.0,87408.0,27996.0,18389.0,8882.0,18039.0,8221.0
4920,6673.0,18175.0,8293.0,17709.0,8470.0,77501.0,28156.0,8995.0,7244.0,8825.0,
4921,8722.0,8504.0,7926.0,18956.0,17638.0,86797.0,25648.0,18393.0,7677.0,7590.0,
4922,8671.0,17890.0,8814.0,18059.0,18062.0,99900.0,17497.0,17437.0,7928.0,7380.0,
4923,7905.0,17560.0,7547.0,18628.0,7872.0,78106.0,17730.0,7853.0,18211.0,8392.0,
4924,8535.0,18136.0,7681.0,18107.0,8091.0,86493.0,17541.0,17713.0,18328.0,8054.0,8632.0
4925,8359.0,17583.0,8389.0,17707.0,8303.0,96858.0,18127.0,18299.0,8956.0,8462.0,8640.0
4926,7180.0,18075.0,8935.0,8538.0,17389.0,85258.0,17254.0,9159.0,18698.0,8594.0,8028.0
4927,7474.0,17941.0,8078.0,18222.0,17142.0,94961.0,17659.0,18393.0,18449.0,7622.0,7887.0
4928,8609.0,18159.0,9046.0,18606.0,17392.0,107496.0,17818.0,17486.0,16853.0,8710.0,8932.0
4929,8170.0,17100.0,9351.0,17766.0,7428.0,104454.0,27786.0,17426.0,8278.0,17537.0,8365.0
4930,8936.0,8810.0,8067.0,17264.0,17176.0,105186.0,19200.0,17209.0,8919.0,8284.0,9478.0
4931,8449.0,27368.0,8019.0,9192.0,17914.0,97260.0,17053.0,8042.0,18251.0,8945.0,7795.0
4932,7653.0,17336.0,8234.0,17649.0,8830.0,95962.0,27636.0,8974.0,18484.0,18694.0,8096.0
4933,8437.0,27879.0,9017.0,8713.0,17595.0,89750.0,17647.0,8714.0,18435.0,8332.0,
4934,8026.0,8082.0,8183.0,18991.0,8748.0,86674.0,18313.0,17872.0,17730.0,7925.0,8378.0
4935,7880.0,17002.0,9072.0,27447.0,9101.0,106731.0,18465.0,17094.0,9166.0,17636.0,8315.0
4936,9410.0,18336.0,9477.0,8463.0,18071.0,97485.0,17733.0,8091.0,17281.0,17819.0,8242.0
4937,8172.0,17422.0,9041.0,8538.0,17288.0,96235.0,18340.0,18599.0,19078.0,9193.0,8613.0
4938,7777.0,17281.0,9151.0,8449.0,18550.0,95400.0,18465.0,18573.0,18246.0,8347.0,8039.0
4939,7796.0,19117.0,8330.0,16917.0,8161.0,86406.0,17602.0,17385.0,8269.0,8202.0,7950.0
4940,8527.0,8323.0,7737.0,18466.0,17770.0,86837.0,26703.0,16563.0,8594.0,8480.0,8365.0
4941,7896.0,27596.0,8287.0,17452.0,8500.0,95490.0,18435.0,9383.0,17980.0,8312.0,8396.0
4942,8682.0,18204.0,7894.0,18460.0,8421.0,95081.0,8591.0,17774.0,17272.0,7497.0,7068.0
4943,9293.0,18743.0,9352.0,9066.0,17899.0,100056.0,17123.0,16995.0,17830.0,8446.0,7542.0
4944,7500.0,8886.0,8870.0,18000.0,17862.0,87284.0,27138.0,17796.0,18232.0,8384.0,7927.0
4945,7848.0,18482.0,8954.0,8707.0,17858.0,107594.0,18465.0,18260.0,17532.0,9486.0,17692.0
4946,7824.0,17096.0,8571.0,8207.0,18395.0,95730.0,17254.0,27676.0,16933.0,9142.0,7965.0
4947,7453.0,18186.0,9077.0,17974.0,8881.0,96571.0,17619.0,18211.0,17979.0,8225.0,7805.0
4948,8696.0,18166.0,9089.0,18424.0,18245.0,98048.0,18799.0,8573.0,7995.0,18143.0,7218.0
4949,8662.0,8490.0,8276.0,17562.0,17862.0,87983.0,17163.0,18208.0,17391.0,8840.0,8818.0
4950,8031.0,17191.0,7265.0,18189.0,8410.0,84860.0,17912.0,17857.0,16665.0,8063.0,7253.0
4951,7678.0,7678.0,8623.0,18187.0,8751.0,76049.0,17488.0,17664.0,17467.0,8674.0,8022.0
4952,7974.0,17728.0,8752.0,18193.0,17675.0,97542.0,18122.0,17761.0,18227.0,7587.0,8964.0
4953,7879.0,7957.0,7848.0,18479.0,16207.0,94322.0,17428.0,18234.0,8944.0,17338.0,8283.0
4954,8774.0,17761.0,7015.0,18320.0,8225.0,94274.0,17633.0,17275.0,17105.0,8163.0,7357.0
4955,8376.0,8011.0,9023.0,27458.0,8783.0,105690.0,17074.0,17677.0,8802.0,17086.0,7299.0
4956,9231.0,8546.0,9197.0,17977.0,17522.0,97789.0,27868.0,17482.0,8293.0,17699.0,9161.0
4957,7855.0,8034.0,7289.0,27593.0,8751.0,94495.0,27794.0,8523.0,17525.0,8775.0,8355.0
4958,17402.0,8213.0,9007.0,18744.0,8315.0,96407.0,17427.0,17394.0,8509.0,17830.0,8384.0
4959,7853.0,17688.0,18320.0,17851.0,18259.0,106025.0,27100.0,8851.0,17138.0,8712.0,8296.0
4960,8887.0,17784.0,8155.0,17485.0,8666.0,86820.0,27422.0,17667.0,8683.0,8183.0,7006.0
4961,8312.0,17986.0,8503.0,17049.0,7201.0,86337.0,25631.0,19003.0,8626.0,8318.0,8720.0
4962,8556.0,17513.0,8354.0,17619.0,9035.0,97935.0,18435.0,28113.0,8799.0,7754.0,9626.0
4963,8421.0,7903.0,9528.0,9357.0,9339.0,88155.0,27644.0,18250.0,18492.0,9141.0,8658.0
4964,8612.0,18311.0,9206.0,8678.0,18017.0,89778.0,16858.0,27971.0,8133.0,8458.0,8386.0
4965,7662.0,9531.0,8353.0,17279.0,8553.0,93836.0,18164.0,18365.0,17630.0,8001.0,8064.0
4966,8922.0,8290.0,8883.0,17702.0,18560.0,97798.0,18048.0,17762.0,7355.0,8370.0,7226.0
4967,8047.0,18484.0,8796.0,8492.0,17383.0,87073.0,18132.0,17943.0,7610.0,18510.0,8456.0
4968,8685.0,18697.0,8621.0,8451.0,18170.0,97760.0,18544.0,17936.0,7865.0,8330.0,7229.0
4969,7452.0,18560.0,7411.0,18121.0,17950.0,95654.0,18268.0,17770.0,17654.0,8063.0,7666.0
4970,7744.0,17530.0,8424.0,7982.0,18247.0,85528.0,17806.0,18435.0,8229.0,7841.0,8359.0
4971,8494.0,17412.0,8454.0,17352.0,17724.0,94254.0,17479.0,7595.0,17957.0,17466.0,7088.0
4972,7974.0,27339.0,8977.0,18601.0,18467.0,117921.0,27563.0,7924.0,18390.0,8186.0,8486.0
4973,8120.0,7788.0,9308.0,18437.0,8961.0,88985.0,28112.0,17485.0,8927.0,17171.0,8517.0
4974,7487.0,27779.0,8843.0,18267.0,17754.0,98539.0,28021.0,18663.0,18264.0,7283.0,
4975,7923.0,17539.0,8255.0,17263.0,8292.0,103580.0,18237.0,9040.0,17217.0,8921.0,8052.0
4976,7787.0,18399.0,7734.0,18041.0,7183.0,95802.0,18187.0,16742.0,7981.0,8754.0,8625.0
4977,7841.0,17115.0,8376.0,26876.0,8003.0,113136.0,17005.0,8306.0,17805.0,7525.0,8020.0
4978,7684.0,17914.0,8137.0,16749.0,17155.0,102747.0,27562.0,8138.0,17844.0,9129.0,17436.0
4979,7982.0,16902.0,9126.0,17832.0,7624.0,94937.0,17455.0,7165.0,17334.0,8748.0,7986.0
4980,9679.0,9043.0,9138.0,18384.0,7763.0,87918.0,17292.0,17740.0,17492.0,7742.0,8379.0
4981,7763.0,17379.0,8731.0,17576.0,17909.0,104248.0,17669.0,17664.0,16573.0,37987.0,8032.0
4982,8350.0,8119.0,8875.0,17575.0,17560.0,87613.0,27337.0,9118.0,18719.0,55614.0,8944.0
4983,7139.0,8780.0,8399.0,17792.0,18519.0,86317.0,27665.0,8522.0,18226.0,46517.0,7964.0
4984,8832.0,18168.0,7964.0,18146.0,8553.0,95461.0,16443.0,18470.0,18235.0,26379.0,7332.0
4985,7716.0,7808.0,7776.0,17617.0,17739.0,83998.0,18306.0,18023.0,8729.0,36873.0,8091.0
4986,7155.0,8859.0,9611.0,7837.0,8970.0,92221.0,18102.0,17679.0,8364.0,17751.0,7836.0
4987,9142.0,17909.0,8907.0,8391.0,17996.0,89333.0,18113.0,18033.0,16798.0,8791.0,8986.0
4988,7722.0,17830.0,8015.0,17331.0,17230.0,95490.0,17488.0,18155.0,18952.0,8870.0,8264.0
4989,7857.0,8096.0,8621.0,27205.0,18786.0,87902.0,17811.0,17550.0,17982.0,8056.0,8161.0
4990,8210.0,17499.0,8021.0,18223.0,17491.0,112162.0,17151.0,27232.0,17374.0,8391.0,8428.0
4991,8060.0,7828.0,8910.0,27380.0,18519.0,96550.0,17786.0,16620.0,8773.0,18590.0,8258.0
4992,7911.0,17780.0,8800.0,17421.0,9080.0,97336.0,17988.0,26003.0,8188.0,19271.0,8282.0
4993,8045.0,16801.0,17590.0,17894.0,7964.0,104184.0,27442.0,17734.0,18582.0,8711.0,8667.0
4994,7982.0,26727.0,8920.0,18034.0,17907.0,105375.0,17140.0,18249.0,18335.0,18542.0,8129.0
4995,8523.0,17641.0,7696.0,8438.0,18055.0,94207.0,17601.0,18355.0,18025.0,9090.0,7573.0
4996,9080.0,18832.0,9031.0,8681.0,17050.0,88865.0,18176.0,26017.0,18164.0,9022.0,7286.0
4997,8624.0,18197.0,8982.0,8703.0,18257.0,89462.0,15834.0,9434.0,16141.0,8615.0,8643.0
4998,8430.0,17959.0,9023.0,18462.0,17466.0,96442.0,27711.0,9286.0,17170.0,8879.0,7506.0
4999,7070.0,18475.0,8307.0,16920.0,17785.0,93867.0,17392.0,18092.0,17752.0,8479.0,7861.0
5000,7092.0,18493.0,8560.0,17289.0,8044.0,95805.0,16666.0,18697.0,8353.0,8873.0,8115.0
5001,8298.0,17684.0,8221.0,16815.0,18075.0,104568.0,26451.0,16907.0,18398.0,8497.0,8183.0
5002,8579.0,8321.0,7985.0,16619.0,16360.0,103014.0,17955.0,17246.0,8064.0,18418.0,9483.0
5003,8626.0,18089.0,8044.0,17002.0,7359.0,84493.0,27773.0,18430.0,18104.0,7102.0,7182.0
5004,8159.0,17701.0,9046.0,8315.0,17045.0,86233.0,36122.0,16877.0,9014.0,16881.0,8480.0
5005,8644.0,17788.0,9014.0,18149.0,9005.0,96465.0,27037.0,17033.0,8877.0,18916.0,7552.0
5006,8865.0,17709.0,7833.0,18158.0,17830.0,105555.0,26196.0,8502.0,17548.0,27960.0,17597.0
5007,7548.0,18208.0,8515.0,7700.0,18780.0,86475.0,17909.0,18419.0,18078.0,45869.0,8434.0
5008,8139.0,18051.0,8811.0,16826.0,8274.0,95179.0,26505.0,9076.0,18295.0,74064.0,8473.0
5009,8591.0,8656.0,8733.0,26435.0,8430.0,87637.0,27227.0,17590.0,17254.0,75343.0,8756.0
5010,8684.0,27720.0,7774.0,17521.0,8697.0,103805.0,17431.0,9083.0,18025.0,111770.0,7029.0
5011,8517.0,17462.0,8723.0,17301.0,8388.0,87543.0,17500.0,18281.0,7992.0,92815.0,8858.0
5012,7870.0,19016.0,8515.0,17594.0,18290.0,106761.0,17553.0,17318.0,17022.0,75613.0,7930.0
5013,8727.0,8085.0,17946.0,19015.0,18650.0,107225.0,27416.0,8932.0,17717.0,46435.0,7569.0
5014,8178.0,17304.0,8425.0,7868.0,17512.0,103040.0,27622.0,18984.0,9003.0,84369.0,16916.0
5015,8239.0,16408.0,7380.0,18201.0,18160.0,86473.0,36746.0,17327.0,17844.0,7497.0,
5016,7769.0,17061.0,8566.0,17763.0,8064.0,86048.0,26820.0,17398.0,16398.0,8357.0,8253.0
5017,8162.0,8062.0,8990.0,18182.0,18260.0,87976.0,17737.0,17533.0,18061.0,18970.0,8599.0
5018,7769.0,8878.0,8662.0,17138.0,17880.0,87076.0,18468.0,26274.0,8350.0,8933.0,8065.0
5019,8821.0,18344.0,8578.0,18162.0,18993.0,107961.0,26793.0,8685.0,18246.0,9206.0,7548.0
5020,9033.0,8752.0,7881.0,9494.0,16960.0,95835.0,15925.0,17121.0,7590.0,18388.0,7913.0
5021,8321.0,17560.0,8306.0,17675.0,7556.0,95638.0,27387.0,17913.0,17960.0,9174.0,8351.0
5022,8614.0,8301.0,9362.0,17805.0,18204.0,113771.0,17449.0,17397.0,18280.0,8042.0,7467.0
5023,8499.0,17095.0,8232.0,25775.0,8358.0,93969.0,28504.0,7943.0,17775.0,8516.0,7752.0
5024,8039.0,17538.0,7692.0,18528.0,18167.0,96928.0,18040.0,18510.0,7877.0,8657.0,8739.0
5025,8311.0,17413.0,17658.0,19149.0,7082.0,95618.0,27891.0,8749.0,17290.0,8459.0,7399.0
5026,9343.0,18507.0,9191.0,18020.0,17993.0,98278.0,17983.0,18713.0,17824.0,9065.0,7672.0
5027,8062.0,19428.0,7848.0,18099.0,17826.0,104473.0,27941.0,7744.0,18029.0,8293.0,7163.0
5028,6887.0,18165.0,8984.0,17814.0,18442.0,105596.0,18080.0,18449.0,16502.0,7952.0,7869.0
5029,8711.0,8542.0,8950.0,17932.0,9348.0,106689.0,18275.0,18491.0,8044.0,7955.0,9048.0
5030,8690.0,17931.0,9031.0,18467.0,18078.0,98400.0,26502.0,17704.0,18663.0,8025.0,7545.0
5031,8093.0,17508.0,7016.0,18169.0,17870.0,105644.0,27207.0,17325.0,18189.0,17777.0,8666.0
5032,7477.0,18287.0,8843.0,18155.0,18236.0,106592.0,27546.0,18289.0,17669.0,28144.0,7723.0
5033,8543.0,17750.0,8897.0,18334.0,17835.0,98712.0,27866.0,7847.0,27492.0,56639.0,8839.0
5034,8131.0,26943.0,8500.0,18028.0,16447.0,104226.0,18218.0,17118.0,7375.0,113215.0,8502.0
5035,8113.0,17188.0,8082.0,17040.0,17458.0,104216.0,18446.0,18151.0,17935.0,85183.0,8400.0
5036,8244.0,17250.0,8441.0,17303.0,18712.0,106141.0,18688.0,17340.0,17121.0,103409.0,8607.0
5037,7537.0,26846.0,8255.0,17327.0,8577.0,95441.0,26720.0,9349.0,18191.0,94481.0,8185.0
5038,8291.0,16983.0,8373.0,16907.0,17594.0,103327.0,17860.0,18415.0,16571.0,93081.0,8585.0
5039,8620.0,18012.0,8946.0,17723.0,8784.0,87708.0,17345.0,18435.0,18217.0,74177.0,7266.0
5040,7927.0,7488.0,8797.0,18024.0,17688.0,96314.0,27138.0,8065.0,16488.0,84116.0,9483.0
5041,6007.0,18110.0,8979.0,18249.0,8372.0,94765.0,26435.0,16162.0,17713.0,46438.0,8051.0
5042,9343.0,9474.0,7744.0,16867.0,17486.0,94431.0,27248.0,18426.0,17466.0,18201.0,8358.0
5043,9647.0,8700.0,7783.0,16422.0,18244.0,104384.0,18213.0,8213.0,17664.0,17491.0,8723.0
5044,8225.0,17873.0,9168.0,26549.0,8124.0,95439.0,26872.0,18341.0,7986.0,8816.0,8827.0
5045,8294.0,17872.0,7563.0,17899.0,8740.0,86359.0,36858.0,17305.0,8758.0,18202.0,7879.0
5046,8532.0,18018.0,8994.0,17811.0,17285.0,108463.0,17822.0,9228.0,18463.0,8851.0,8841.0
5047,8786.0,8440.0,8901.0,26918.0,8602.0,106636.0,18221.0,27251.0,18326.0,8184.0,9069.0
5048,7825.0,17495.0,7882.0,16798.0,15856.0,109524.0,17266.0,17704.0,17729.0,7839.0,8494.0
5049,8024.0,17648.0,8196.0,17937.0,8811.0,96785.0,17593.0,17382.0,17976.0,8753.0,8527.0
5050,8874.0,18287.0,8245.0,17368.0,8818.0,96978.0,26798.0,7691.0,18398.0,8545.0,7846.0
5051,8238.0,17650.0,8856.0,17642.0,8206.0,87034.0,27482.0,9335.0,17445.0,8595.0,8252.0
5052,8249.0,27354.0,7990.0,17664.0,18170.0,115840.0,18132.0,17353.0,18299.0,8414.0,8734.0
5053,7670.0,19156.0,9050.0,17854.0,8245.0,105809.0,18077.0,17974.0,18495.0,8597.0,7979.0
5054,8663.0,18538.0,8498.0,17019.0,16780.0,104182.0,24819.0,17749.0,7936.0,18255.0,6958.0
5055,7941.0,17523.0,8117.0,17449.0,8282.0,105732.0,27390.0,17778.0,17485.0,8156.0,8380.0
5056,8369.0,17772.0,8783.0,17583.0,17434.0,98095.0,18813.0,17057.0,8531.0,17988.0,
5057,8308.0,17623.0,9019.0,17782.0,16510.0,92743.0,18202.0,17227.0,17670.0,8196.0,6882.0
5058,7649.0,18112.0,9050.0,17944.0,17980.0,114627.0,19077.0,16859.0,16819.0,8906.0,8898.0
5059,8259.0,17819.0,7932.0,17938.0,16744.0,94383.0,17469.0,17151.0,27713.0,8910.0,8614.0
5060,7559.0,7829.0,8636.0,27381.0,7991.0,85177.0,27298.0,26639.0,8201.0,28276.0,8060.0
5061,8512.0,17824.0,8971.0,27976.0,8318.0,107955.0,17988.0,17334.0,17377.0,18214.0,8703.0
5062,8917.0,18296.0,8312.0,17148.0,17614.0,104563.0,17824.0,8962.0,17302.0,18018.0,7753.0
5063,7268.0,18081.0,8387.0,17192.0,8457.0,85814.0,26679.0,17920.0,7939.0,26635.0,8189.0
5064,8636.0,27725.0,8062.0,7994.0,9384.0,105737.0,25943.0,17592.0,17072.0,8243.0,8491.0
5065,8738.0,18159.0,9021.0,8375.0,18111.0,98712.0,18442.0,17108.0,25885.0,16941.0,9084.0
5066,17610.0,9337.0,9363.0,8664.0,9337.0,96195.0,27376.0,17269.0,18250.0,27929.0,7928.0
5067,8262.0,17602.0,8943.0,17697.0,8139.0,97050.0,26960.0,18613.0,18625.0,18957.0,8707.0
5068,9085.0,18635.0,8784.0,8532.0,18748.0,89182.0,36753.0,18065.0,17646.0,17868.0,8140.0
5069,8299.0,17906.0,7991.0,18479.0,18612.0,97883.0,18155.0,18451.0,17653.0,37298.0,8677.0
5070,8039.0,16860.0,7970.0,17893.0,17624.0,103609.0,27759.0,16404.0,18794.0,17949.0,9451.0
5071,8491.0,8208.0,8898.0,27718.0,8545.0,88621.0,16745.0,17462.0,18240.0,17624.0,8711.0
5072,9079.0,18250.0,7770.0,18158.0,8556.0,97518.0,18211.0,17230.0,8547.0,25989.0,7829.0
5073,9193.0,8490.0,8983.0,27619.0,8955.0,107573.0,18256.0,7832.0,18556.0,16960.0,9433.0
5074,8522.0,18064.0,18181.0,17203.0,17440.0,104376.0,27803.0,17542.0,18022.0,8231.0,7372.0
5075,8102.0,17063.0,8658.0,18162.0,17998.0,96378.0,26714.0,17569.0,8332.0,7804.0,8437.0
5076,7882.0,17594.0,7393.0,18216.0,8901.0,105093.0,27326.0,17743.0,18116.0,7910.0,8267.0
5077,8358.0,17245.0,8391.0,16930.0,7548.0,93851.0,26356.0,9028.0,17952.0,7343.0,7316.0
5078,7684.0,17179.0,7700.0,18271.0,17925.0,113904.0,18051.0,8500.0,8566.0,17895.0,8002.0
5079,7655.0,18329.0,7596.0,17615.0,8065.0,93980.0,27731.0,18565.0,7626.0,17865.0,8503.0
5080,8440.0,17649.0,9176.0,18112.0,18684.0,108351.0,16757.0,18039.0,8538.0,8452.0,8739.0
5081,7347.0,18902.0,9131.0,18407.0,8634.0,88647.0,27024.0,18695.0,17047.0,7824.0,7771.0
5082,8785.0,17913.0,9452.0,9232.0,18006.0,99130.0,17950.0,16848.0,8783.0,8698.0,9566.0
5083,7554.0,16513.0,9068.0,18121.0,8587.0,94485.0,18657.0,18418.0,8749.0,8295.0,7780.0
5084,7346.0,18173.0,8897.0,18135.0,18291.0,97460.0,26524.0,18414.0,16925.0,28022.0,7983.0
5085,8414.0,17205.0,9268.0,8401.0,17790.0,96916.0,18075.0,18672.0,8719.0,27250.0,7588.0
5086,8600.0,17168.0,8291.0,18022.0,8905.0,96823.0,27374.0,7940.0,16705.0,27563.0,8754.0
5087,8724.0,18154.0,7930.0,16282.0,17591.0,94686.0,36558.0,18350.0,9053.0,46386.0,8021.0
5088,9700.0,8822.0,7832.0,18481.0,17894.0,96919.0,26923.0,17087.0,18202.0,18112.0,8369.0
5089,7809.0,17534.0,8798.0,27230.0,8722.0,97300.0,18586.0,17490.0,18427.0,36604.0,8491.0
5090,8036.0,17513.0,8683.0,17353.0,17707.0,95629.0,17412.0,18226.0,17131.0,36657.0,8196.0
5091,8771.0,27726.0,8375.0,17685.0,17782.0,115295.0,17843.0,16721.0,17655.0,17307.0,7849.0
5092,8570.0,17767.0,7617.0,17074.0,17214.0,93381.0,27657.0,17881.0,17812.0,9168.0,7595.0
5093,7693.0,17374.0,8458.0,16726.0,7909.0,84417.0,27936.0,9411.0,18407.0,7663.0,8338.0
5094,7738.0,16615.0,8724.0,17896.0,17467.0,94844.0,18093.0,18450.0,8255.0,37049.0,8288.0
5095,7171.0,17867.0,9069.0,17507.0,8894.0,96408.0,18622.0,18037.0,8436.0,45287.0,8720.0
5096,8528.0,8042.0,17476.0,17117.0,8016.0,85653.0,17816.0,7595.0,18061.0,8117.0,
5097,8391.0,17964.0,8742.0,8051.0,17551.0,87737.0,17008.0,17657.0,8225.0,7804.0,8749.0
5098,7745.0,25956.0,8133.0,17291.0,8812.0,104221.0,17347.0,16844.0,8462.0,8125.0,8243.0
5099,8229.0,17309.0,8476.0,17159.0,8724.0,94644.0,18533.0,17477.0,9194.0,9135.0,6974.0
5100,7637.0,17866.0,8628.0,17702.0,8621.0,96660.0,28528.0,26918.0,8791.0,8152.0,8928.0
5101,8242.0,17486.0,8676.0,17856.0,17864.0,104677.0,26948.0,8702.0,9169.0,8817.0,7396.0
5102,9241.0,29040.0,7667.0,18119.0,17919.0,126172.0,27743.0,9461.0,9163.0,18025.0,8111.0
5103,7347.0,17865.0,8776.0,17634.0,9092.0,96508.0,17617.0,17762.0,8460.0,8193.0,7894.0
5104,7829.0,7648.0,7876.0,17477.0,18201.0,85275.0,17981.0,17121.0,17825.0,8656.0,8121.0
5105,8800.0,27350.0,17522.0,17433.0,16896.0,132842.0,27519.0,17671.0,18410.0,8378.0,7375.0
5106,7931.0,17327.0,8218.0,7785.0,17926.0,86092.0,18886.0,8650.0,17607.0,8680.0,7883.0
5107,7604.0,7671.0,17523.0,8526.0,17425.0,84609.0,17962.0,8572.0,18440.0,7276.0,8187.0
5108,8096.0,26803.0,9373.0,18528.0,8113.0,106007.0,27387.0,18419.0,18206.0,7886.0,8283.0
5109,8954.0,18103.0,8961.0,17934.0,18086.0,96954.0,27173.0,16644.0,17957.0,9035.0,8041.0
5110,8936.0,17877.0,8501.0,17411.0,17289.0,96652.0,17108.0,18137.0,8835.0,17636.0,8123.0
5111,7254.0,18183.0,7736.0,18646.0,8528.0,95134.0,17765.0,17736.0,17306.0,8654.0,8225.0
5112,7703.0,16755.0,17499.0,8735.0,17264.0,94932.0,17562.0,17708.0,17607.0,9017.0,8620.0
5113,8036.0,17284.0,8893.0,8526.0,18467.0,96844.0,17469.0,18463.0,8284.0,7246.0,7899.0
5114,8285.0,17654.0,8718.0,17653.0,7634.0,95991.0,27345.0,17921.0,16750.0,17486.0,8259.0
5115,7852.0,16897.0,8951.0,17869.0,18261.0,105772.0,26427.0,18424.0,17176.0,8166.0,8484.0
5116,8805.0,17922.0,7686.0,18316.0,8699.0,96024.0,17296.0,17398.0,17799.0,9021.0,7601.0
5117,8496.0,17873.0,8851.0,18112.0,8907.0,97525.0,18404.0,18037.0,18294.0,8322.0,8967.0
5118,8068.0,17431.0,8255.0,17245.0,7748.0,92599.0,17830.0,17108.0,18298.0,8596.0,7268.0
5119,7528.0,18298.0,8301.0,17518.0,17565.0,95109.0,27186.0,9008.0,18071.0,7219.0,8184.0
5120,8327.0,17349.0,7624.0,18263.0,7984.0,85928.0,27495.0,8478.0,18814.0,8086.0,8262.0
5121,8943.0,27992.0,8758.0,17613.0,8820.0,107278.0,18685.0,18747.0,17786.0,7865.0,7032.0
5122,8589.0,18314.0,8865.0,7615.0,9610.0,97198.0,27948.0,17412.0,18365.0,8384.0,7782.0
5123,7902.0,17038.0,9173.0,18577.0,8105.0,96756.0,18790.0,17871.0,18088.0,8002.0,7814.0
5124,8223.0,17323.0,7939.0,17968.0,17405.0,105171.0,26652.0,8208.0,18956.0,8900.0,8566.0
5125,8649.0,18266.0,8908.0,8541.0,17683.0,97823.0,17496.0,17834.0,16501.0,8586.0,7777.0
5126,8280.0,18563.0,8983.0,17657.0,8811.0,117305.0,18084.0,18655.0,7941.0,7997.0,17922.0
5127,8080.0,17009.0,7366.0,17934.0,17132.0,103364.0,27156.0,17727.0,17213.0,8900.0,8119.0
5128,8020.0,17164.0,8121.0,16408.0,16663.0,91736.0,17470.0,17494.0,7972.0,9092.0,8412.0
5129,7967.0,18987.0,7316.0,18364.0,9017.0,105267.0,16848.0,18017.0,18272.0,8788.0,8887.0
5130,8244.0,17256.0,8726.0,19044.0,7306.0,112824.0,17807.0,28240.0,7382.0,18111.0,7879.0
5131,6918.0,17692.0,9116.0,18004.0,17887.0,105436.0,19114.0,18377.0,17923.0,9005.0,8216.0
5132,8487.0,18035.0,8325.0,17063.0,7934.0,86144.0,18205.0,17875.0,18511.0,8339.0,8459.0
5133,8679.0,17327.0,8418.0,17207.0,18301.0,96086.0,18301.0,18544.0,8280.0,17900.0,7536.0
5134,8617.0,17545.0,7705.0,18874.0,8592.0,88471.0,17449.0,18894.0,18063.0,8686.0,8412.0
5135,8237.0,17656.0,9410.0,18317.0,17990.0,97285.0,27529.0,18619.0,17462.0,9101.0,8517.0
5136,6991.0,18942.0,8117.0,19033.0,18807.0,90975.0,18732.0,17681.0,7293.0,8771.0,
5137,8836.0,17746.0,7500.0,18044.0,18512.0,96528.0,18685.0,18741.0,9158.0,8365.0,7329.0
5138,9125.0,8430.0,8631.0,17786.0,8889.0,96844.0,17770.0,27729.0,9129.0,8069.0,16914.0
5139,8170.0,17740.0,8635.0,17941.0,17953.0,97776.0,17773.0,7805.0,18480.0,8925.0,8708.0
5140,8230.0,18117.0,8298.0,17347.0,17946.0,97185.0,16647.0,8023.0,18532.0,8823.0,8714.0
5141,9509.0,8833.0,9163.0,17998.0,8116.0,90673.0,17708.0,18052.0,8353.0,17903.0,18491.0
5142,8000.0,17296.0,8065.0,9028.0,18656.0,94502.0,17313.0,8696.0,17200.0,7710.0,8353.0
5143,7171.0,18471.0,9015.0,17660.0,8596.0,96501.0,17402.0,17032.0,7719.0,17426.0,8005.0
5144,8614.0,8614.0,8228.0,17184.0,17247.0,84654.0,17489.0,8480.0,16965.0,7955.0,7049.0
5145,8396.0,17695.0,9072.0,27640.0,8893.0,98956.0,17628.0,7933.0,18002.0,8194.0,8632.0
5146,9100.0,8696.0,8976.0,18337.0,17708.0,98573.0,18156.0,8642.0,17174.0,9060.0,9620.0
5147,9698.0,9574.0,8660.0,17901.0,7688.0,87393.0,17736.0,18448.0,8465.0,8055.0,8179.0
5148,9050.0,8760.0,17952.0,9508.0,17937.0,89307.0,8676.0,17754.0,8335.0,17811.0,7531.0
5149,8434.0,18294.0,9054.0,18164.0,7954.0,98579.0,9343.0,17934.0,18799.0,18525.0,8453.0
5150,8754.0,18127.0,8047.0,9019.0,18562.0,89806.0,17436.0,7455.0,18156.0,7104.0,8720.0
5151,8059.0,17818.0,8934.0,8156.0,17045.0,85331.0,17830.0,8777.0,17562.0,8729.0,8165.0
5152,7805.0,17236.0,8387.0,7519.0,9392.0,83787.0,18089.0,17662.0,7712.0,16635.0,8198.0
5153,8241.0,8073.0,8575.0,17792.0,9004.0,86816.0,7848.0,18099.0,8699.0,17391.0,8225.0
5154,8291.0,7894.0,17760.0,8543.0,17997.0,87177.0,18107.0,17624.0,8343.0,8049.0,8661.0
5155,8695.0,18489.0,7515.0,17977.0,8942.0,85986.0,18594.0,18046.0,8589.0,8695.0,7230.0
5156,8830.0,18454.0,8215.0,17422.0,8649.0,86980.0,27669.0,8388.0,18621.0,7471.0,7320.0
5157,7680.0,8984.0,9062.0,18021.0,18495.0,87090.0,16574.0,8795.0,17309.0,7969.0,8152.0
5158,8720.0,8726.0,8739.0,17128.0,8839.0,87866.0,17365.0,17004.0,8310.0,27372.0,9449.0
5159,9473.0,8423.0,8353.0,17472.0,8826.0,97001.0,7723.0,17951.0,18508.0,28268.0,17689.0
5160,8959.0,18210.0,8998.0,17760.0,8652.0,98469.0,18601.0,9205.0,17817.0,38656.0,7537.0
5161,9058.0,18707.0,7935.0,18983.0,7140.0,98549.0,8800.0,18119.0,18936.0,38526.0,8517.0
5162,7862.0,18831.0,8348.0,7782.0,18726.0,87753.0,18239.0,9032.0,19322.0,36882.0,8485.0
5163,7967.0,17458.0,9261.0,18666.0,8892.0,89291.0,18289.0,17971.0,17272.0,27506.0,8207.0
5164,18052.0,9654.0,9380.0,18241.0,16613.0,98636.0,18601.0,8812.0,18879.0,18227.0,8251.0
5165,8977.0,18723.0,9169.0,18592.0,8953.0,90854.0,17643.0,18307.0,9241.0,18964.0,7754.0
5166,8829.0,18384.0,9067.0,18883.0,8656.0,91035.0,16918.0,18429.0,8517.0,7798.0,8840.0
5167,9013.0,18196.0,8946.0,18626.0,8588.0,88190.0,18750.0,18378.0,7759.0,18416.0,7082.0
5168,9138.0,18533.0,9219.0,9047.0,18094.0,92066.0,17382.0,17963.0,8781.0,8411.0,9297.0
5169,8459.0,19291.0,7271.0,17832.0,8823.0,98656.0,8550.0,17887.0,18548.0,9000.0,8116.0
5170,7679.0,7382.0,8839.0,17940.0,18480.0,85829.0,18364.0,17225.0,8814.0,8535.0,7952.0
5171,8399.0,17901.0,8505.0,18035.0,7974.0,88266.0,19041.0,18774.0,8597.0,9285.0,8324.0
5172,8000.0,19011.0,9321.0,18612.0,8110.0,100427.0,18683.0,8278.0,17920.0,7903.0,8736.0
5173,9305.0,18710.0,8065.0,18853.0,9035.0,90231.0,18366.0,17895.0,9178.0,17860.0,7796.0
5174,8664.0,18231.0,7768.0,19027.0,9200.0,89397.0,18508.0,18002.0,8589.0,7857.0,8402.0
5175,8799.0,19036.0,8471.0,7862.0,18062.0,88220.0,18009.0,18857.0,8795.0,18272.0,7511.0
5176,7825.0,7860.0,9146.0,18000.0,17136.0,78722.0,17705.0,7922.0,18195.0,18938.0,
5177,9178.0,18628.0,9046.0,17741.0,7975.0,98504.0,8255.0,18539.0,18629.0,28418.0,8283.0
5178,8417.0,17627.0,8098.0,18512.0,7930.0,88583.0,17538.0,17562.0,17477.0,8027.0,8758.0
5179,8679.0,18080.0,8232.0,17670.0,8644.0,88061.0,16806.0,18881.0,8394.0,17831.0,8839.0
5180,8845.0,18874.0,7327.0,9062.0,17917.0,86925.0,18331.0,18309.0,18275.0,9151.0,7365.0
5181,7945.0,17829.0,9142.0,17998.0,7833.0,88144.0,18452.0,19062.0,7744.0,27758.0,8470.0
5182,8647.0,18596.0,7506.0,18446.0,8908.0,99135.0,18230.0,9315.0,18509.0,27417.0,7883.0
5183,9192.0,9005.0,8163.0,16990.0,7822.0,87130.0,18002.0,8299.0,17906.0,37568.0,8201.0
5184,8208.0,17912.0,8927.0,18194.0,8929.0,89133.0,27848.0,9096.0,7843.0,46556.0,8906.0
5185,8101.0,19012.0,8876.0,8167.0,18187.0,89268.0,18924.0,18846.0,8878.0,37154.0,8394.0
5186,8324.0,17975.0,9046.0,8453.0,16841.0,88014.0,17894.0,8837.0,17106.0,37088.0,8817.0
5187,7993.0,19165.0,9070.0,7913.0,17207.0,87669.0,18546.0,8297.0,17573.0,26965.0,8056.0
5188,8292.0,7825.0,8368.0,17311.0,17966.0,86799.0,17318.0,18007.0,7959.0,28257.0,8480.0
5189,8606.0,18607.0,8764.0,8263.0,17869.0,89592.0,18592.0,8846.0,19196.0,8561.0,8860.0
5190,7577.0,18624.0,8119.0,7945.0,18729.0,88000.0,17296.0,18851.0,17690.0,8789.0,8178.0
5191,8461.0,18284.0,9625.0,9116.0,17397.0,89093.0,9558.0,17711.0,7735.0,8457.0,7473.0
5192,9086.0,8940.0,8822.0,18633.0,8982.0,80303.0,17685.0,17365.0,9167.0,18733.0,7570.0
5193,8221.0,18131.0,9067.0,18173.0,8052.0,87915.0,17734.0,18940.0,7681.0,18741.0,8452.0
5194,8683.0,18252.0,8706.0,18051.0,8933.0,89655.0,18510.0,18362.0,9157.0,8589.0,8659.0
5195,9051.0,18883.0,9168.0,8527.0,18720.0,91319.0,9175.0,18766.0,8924.0,18028.0,7854.0
5196,8746.0,8658.0,9591.0,18117.0,8693.0,80406.0,18812.0,9209.0,17817.0,8578.0,9204.0
5197,8785.0,18686.0,8089.0,18502.0,9153.0,89936.0,19210.0,18089.0,8637.0,8882.0,8931.0
5198,9181.0,8946.0,9304.0,19120.0,8364.0,91285.0,18728.0,17823.0,9073.0,8072.0,18055.0
5199,9136.0,8813.0,9235.0,18489.0,8954.0,81753.0,17827.0,18345.0,8753.0,8752.0,9200.0
5200,8314.0,7891.0,8875.0,18056.0,8326.0,78218.0,18000.0,8299.0,18148.0,8409.0,8440.0
5201,8746.0,18484.0,7793.0,9207.0,18750.0,89730.0,17197.0,8753.0,17777.0,8724.0,8988.0
5202,8409.0,8372.0,9222.0,18639.0,8824.0,80264.0,17875.0,18724.0,8764.0,8860.0,8621.0
5203,8203.0,9562.0,8917.0,18994.0,9205.0,91690.0,17851.0,8136.0,19113.0,9136.0,8228.0
5204,7383.0,19024.0,9360.0,8575.0,18950.0,89702.0,9080.0,18253.0,9063.0,18512.0,8070.0
5205,8143.0,17977.0,9825.0,9083.0,8967.0,79847.0,17584.0,17786.0,8194.0,9281.0,8440.0
5206,8348.0,8487.0,18381.0,9507.0,8928.0,89836.0,18192.0,9001.0,18115.0,8047.0,8821.0
5207,9150.0,8803.0,8843.0,18089.0,8072.0,88934.0,19097.0,8672.0,17691.0,7393.0,9492.0
5208,8720.0,18264.0,8890.0,8529.0,18146.0,89964.0,18213.0,8159.0,17807.0,7784.0,8836.0
5209,8075.0,18049.0,8738.0,8272.0,18233.0,88774.0,16965.0,9021.0,8130.0,37243.0,8466.0
5210,9258.0,19111.0,8757.0,8341.0,8535.0,79738.0,19042.0,18182.0,9337.0,27215.0,7560.0
5211,8735.0,18051.0,9150.0,18588.0,8530.0,89233.0,17816.0,8063.0,18683.0,18509.0,8760.0
5212,8673.0,18082.0,9408.0,9241.0,18458.0,91623.0,17942.0,8892.0,8636.0,37249.0,8616.0
5213,8563.0,18134.0,7488.0,18606.0,8854.0,89520.0,17727.0,9048.0,17997.0,26972.0,8784.0
5214,9192.0,9111.0,8689.0,17967.0,7835.0,79278.0,18647.0,17807.0,8331.0,17689.0,8095.0
5215,7092.0,8610.0,8323.0,9495.0,16964.0,84876.0,18275.0,8578.0,8231.0,27676.0,8273.0
5216,9305.0,8843.0,9171.0,18320.0,8171.0,80897.0,18865.0,17800.0,9139.0,18278.0,8197.0
5217,7626.0,19161.0,9618.0,9251.0,18541.0,82397.0,8881.0,18167.0,9314.0,18952.0,
5218,8806.0,8487.0,8294.0,19444.0,9005.0,79602.0,19199.0,18411.0,9031.0,8890.0,7597.0
5219,9331.0,9005.0,9503.0,18596.0,8569.0,81649.0,18394.0,8664.0,18210.0,8780.0,7520.0
5220,9233.0,18745.0,8051.0,7874.0,17737.0,87365.0,9069.0,17703.0,7905.0,7044.0,7544.0
5221,8577.0,8207.0,9187.0,18408.0,9049.0,80536.0,18450.0,17887.0,8928.0,8601.0,9066.0
5222,8079.0,8047.0,8890.0,18638.0,8677.0,80303.0,18431.0,17762.0,9227.0,8792.0,8855.0
5223,8044.0,8001.0,9156.0,18434.0,8504.0,79808.0,19078.0,8697.0,9768.0,7305.0,8521.0
5224,7932.0,9684.0,9257.0,18851.0,8756.0,90094.0,18200.0,17915.0,9383.0,8535.0,8617.0
5225,7948.0,7932.0,18075.0,9458.0,7681.0,77742.0,19013.0,18044.0,9091.0,8610.0,8241.0
5226,18342.0,9544.0,9292.0,18459.0,8889.0,91885.0,19201.0,8192.0,18211.0,7717.0,8313.0
5227,8224.0,17615.0,9275.0,18252.0,8337.0,86892.0,18346.0,8541.0,18272.0,8218.0,8324.0
5228,8551.0,17893.0,7337.0,8499.0,18062.0,88093.0,17210.0,8518.0,17772.0,8953.0,8719.0
5229,8392.0,8423.0,8076.0,18679.0,8857.0,78983.0,18431.0,18155.0,18350.0,9421.0,8842.0
5230,9201.0,18549.0,8923.0,8635.0,18531.0,89234.0,18367.0,8514.0,17448.0,8430.0,7643.0
5231,9175.0,18594.0,7743.0,9171.0,19010.0,88974.0,17804.0,8660.0,17067.0,9281.0,7849.0
5232,8835.0,18083.0,9670.0,9058.0,17963.0,88414.0,18242.0,8341.0,17535.0,8922.0,7519.0
5233,7987.0,7262.0,8908.0,17986.0,17479.0,86247.0,8466.0,17815.0,8389.0,8860.0,7883.0
5234,8342.0,18083.0,9311.0,18634.0,8755.0,90246.0,17293.0,9128.0,18775.0,9408.0,8829.0
5235,8817.0,8669.0,9227.0,18328.0,8758.0,90476.0,18033.0,18788.0,7922.0,7342.0,9671.0
5236,8782.0,18205.0,8591.0,8181.0,18049.0,90097.0,19231.0,8963.0,9130.0,9033.0,9057.0
5237,9859.0,9138.0,8182.0,16964.0,8734.0,88812.0,16789.0,7929.0,18237.0,8762.0,18153.0
5238,8571.0,18575.0,9143.0,18404.0,8892.0,89329.0,18494.0,19137.0,9623.0,9344.0,7169.0
5239,8795.0,18181.0,8189.0,18501.0,8189.0,89125.0,19142.0,18405.0,9031.0,9404.0,9031.0
5240,8801.0,18012.0,9086.0,18418.0,8576.0,89717.0,18779.0,8059.0,19021.0,8039.0,8988.0
5241,9241.0,19097.0,8692.0,8020.0,18273.0,88827.0,8643.0,17359.0,8806.0,18213.0,7708.0
5242,7914.0,7901.0,8647.0,18099.0,8291.0,78179.0,17915.0,17816.0,9542.0,9296.0,8311.0
5243,8785.0,8842.0,9260.0,18740.0,8510.0,81718.0,17869.0,18848.0,9051.0,8781.0,9023.0
5244,8116.0,7988.0,9057.0,18456.0,8379.0,78952.0,18055.0,18138.0,9084.0,8594.0,8314.0
5245,9073.0,18479.0,8674.0,7994.0,17793.0,88249.0,17334.0,7523.0,17743.0,8999.0,7875.0
5246,9171.0,8907.0,9234.0,18575.0,9204.0,90967.0,18844.0,18852.0,8514.0,8764.0,17702.0
5247,8214.0,8072.0,9240.0,18277.0,8838.0,89604.0,8838.0,19115.0,9040.0,9293.0,8517.0
5248,8535.0,8408.0,9169.0,18365.0,18203.0,90518.0,9045.0,18363.0,8016.0,8109.0,8824.0
5249,8703.0,18089.0,9162.0,18797.0,8821.0,91486.0,18940.0,8252.0,17602.0,8842.0,8808.0
5250,8661.0,18041.0,8749.0,7944.0,17445.0,88001.0,17941.0,8784.0,17877.0,8374.0,8758.0
5251,8536.0,18432.0,8297.0,8196.0,17717.0,88821.0,18670.0,8627.0,17587.0,8990.0,8874.0
5252,8909.0,8847.0,8457.0,17461.0,8141.0,77506.0,18588.0,18097.0,8195.0,8139.0,7287.0
5253,8604.0,17738.0,9156.0,18612.0,8675.0,90237.0,17179.0,9129.0,18842.0,8090.0,8654.0
5254,8500.0,8288.0,9734.0,9040.0,18282.0,88813.0,17812.0,9287.0,8126.0,18134.0,8726.0
5255,8405.0,8601.0,8383.0,17307.0,8081.0,86978.0,9464.0,17854.0,8947.0,9204.0,8354.0
5256,9107.0,18240.0,9197.0,17882.0,8384.0,88900.0,17733.0,9232.0,18675.0,7371.0,7603.0
5257,7310.0,9282.0,8049.0,17195.0,8400.0,69122.0,17285.0,18634.0,8628.0,8752.0,
5258,9252.0,18637.0,9596.0,18666.0,8809.0,91388.0,17893.0,9353.0,18331.0,7714.0,7446.0
5259,7996.0,18881.0,7816.0,9367.0,19172.0,89023.0,18249.0,9378.0,8206.0,18080.0,7707.0
5260,9407.0,9051.0,9337.0,18835.0,9358.0,82417.0,18161.0,17531.0,9069.0,9130.0,7947.0
5261,8013.0,17599.0,9099.0,8615.0,17558.0,87581.0,18793.0,8929.0,17554.0,7540.0,8345.0
5262,8252.0,18096.0,9116.0,8259.0,17877.0,88661.0,8804.0,9699.0,8814.0,8814.0,8730.0
5263,8011.0,17680.0,8368.0,8376.0,17440.0,86523.0,18652.0,8436.0,16079.0,8499.0,8250.0
5264,8052.0,18755.0,8748.0,8613.0,18128.0,89590.0,18238.0,8448.0,18997.0,8420.0,8243.0
5265,9079.0,8874.0,9057.0,18545.0,8434.0,80374.0,17718.0,17394.0,8868.0,7947.0,7507.0
5266,8811.0,18411.0,9220.0,8914.0,18791.0,92613.0,18094.0,7977.0,17968.0,8396.0,8884.0
5267,8717.0,8389.0,9327.0,18961.0,8771.0,80895.0,19361.0,18619.0,9011.0,8889.0,9073.0
5268,7855.0,17758.0,8952.0,8727.0,18782.0,89426.0,8602.0,17672.0,8902.0,18116.0,8440.0
5269,7758.0,8343.0,8676.0,17870.0,7788.0,76457.0,17674.0,18435.0,8450.0,9089.0,8117.0
5270,8211.0,8237.0,9078.0,18270.0,8282.0,88787.0,9619.0,17535.0,9182.0,17951.0,8753.0
5271,8869.0,18127.0,8427.0,18748.0,8821.0,90631.0,17712.0,8167.0,18495.0,18385.0,8718.0
5272,8800.0,8229.0,8237.0,18527.0,9166.0,79140.0,18410.0,18553.0,8065.0,28549.0,8654.0
5273,9693.0,8699.0,8822.0,18127.0,9105.0,89371.0,18845.0,17700.0,7778.0,18327.0,9356.0
5274,9112.0,18597.0,7972.0,9184.0,18245.0,89859.0,18973.0,9051.0,17935.0,9130.0,7825.0
5275,8524.0,8800.0,7138.0,18663.0,8764.0,78814.0,18646.0,7814.0,18225.0,9138.0,8764.0
5276,8292.0,17950.0,8486.0,17629.0,7632.0,86634.0,17783.0,19060.0,8994.0,18314.0,8397.0
5277,8341.0,18041.0,9120.0,18320.0,9129.0,89898.0,18724.0,8854.0,18482.0,27568.0,8690.0
5278,8747.0,18084.0,9238.0,8711.0,18306.0,90766.0,17773.0,8938.0,18108.0,28613.0,8867.0
5279,7675.0,16908.0,8473.0,18634.0,8543.0,87102.0,17875.0,8923.0,18026.0,37236.0,8105.0
5280,8691.0,8619.0,8865.0,18032.0,8330.0,79931.0,18090.0,17407.0,8616.0,38042.0,8919.0
5281,7943.0,7863.0,8750.0,18385.0,8223.0,78423.0,16932.0,18638.0,8464.0,37239.0,8290.0
5282,7847.0,8936.0,9073.0,18422.0,8764.0,89140.0,8928.0,18206.0,9038.0,28130.0,7701.0
5283,8608.0,8268.0,8671.0,18228.0,8295.0,79101.0,18788.0,17813.0,9001.0,28370.0,8742.0
5284,8763.0,18438.0,9296.0,8577.0,18781.0,90628.0,8398.0,17837.0,9061.0,37394.0,8909.0
5285,7921.0,16825.0,8161.0,8193.0,9795.0,85917.0,17955.0,8371.0,18245.0,18714.0,8167.0
5286,9030.0,18736.0,9061.0,18338.0,9428.0,89876.0,18915.0,18261.0,8758.0,18110.0,7515.0
5287,8074.0,7631.0,8265.0,17757.0,7886.0,76091.0,17266.0,18455.0,8144.0,18143.0,8438.0
5288,7263.0,17930.0,8971.0,8356.0,17786.0,86424.0,17529.0,7134.0,17351.0,17998.0,7987.0
5289,8733.0,18540.0,9217.0,8735.0,18500.0,80513.0,17945.0,18531.0,8293.0,18278.0,7671.0
5290,8243.0,7570.0,9072.0,18408.0,8651.0,78540.0,17729.0,17503.0,8933.0,8689.0,8037.0
5291,8160.0,19122.0,8643.0,7856.0,17824.0,88608.0,8559.0,17907.0,8366.0,8808.0,8568.0
5292,8232.0,17710.0,8769.0,17938.0,8917.0,96782.0,18756.0,9155.0,18146.0,8787.0,17682.0
5293,8889.0,8684.0,7929.0,19048.0,7744.0,88726.0,18730.0,18807.0,8948.0,18410.0,17554.0
5294,8955.0,18320.0,8957.0,8667.0,17731.0,89633.0,8485.0,18491.0,9257.0,37974.0,8914.0
5295,8361.0,7992.0,9084.0,18471.0,8532.0,78415.0,17913.0,19379.0,9168.0,28637.0,8229.0
5296,8703.0,8234.0,8140.0,17656.0,8316.0,78586.0,18609.0,8936.0,17836.0,37293.0,8868.0
5297,7504.0,19056.0,9152.0,18687.0,8733.0,82136.0,19249.0,8975.0,18464.0,38183.0,
5298,8832.0,8505.0,9167.0,18707.0,8498.0,90318.0,19240.0,8003.0,18836.0,19092.0,9360.0
5299,9043.0,18456.0,8930.0,8571.0,18367.0,89843.0,18925.0,9027.0,18101.0,27827.0,7505.0
5300,8656.0,8533.0,9192.0,18198.0,8264.0,80223.0,18078.0,8522.0,18238.0,18464.0,8986.0
5301,7987.0,8000.0,7919.0,18793.0,8869.0,78150.0,17523.0,8353.0,9574.0,18718.0,8431.0
5302,8233.0,9500.0,8817.0,17885.0,9134.0,87821.0,18684.0,8254.0,18532.0,8372.0,8250.0
5303,8762.0,18184.0,9255.0,8810.0,18856.0,91587.0,18670.0,8872.0,9232.0,9250.0,9013.0
5304,8898.0,18225.0,9391.0,18542.0,8646.0,90130.0,18180.0,8350.0,8702.0,9129.0,7468.0
5305,8809.0,18234.0,8090.0,8004.0,17736.0,88499.0,8975.0,18333.0,8212.0,8936.0,9056.0
5306,7622.0,19104.0,8389.0,8132.0,17715.0,78456.0,18547.0,18891.0,8439.0,8548.0,8061.0
5307,7486.0,9194.0,9108.0,17793.0,8206.0,78493.0,17440.0,18301.0,9554.0,9150.0,7803.0
5308,8688.0,8601.0,8851.0,18461.0,8413.0,81001.0,17736.0,8283.0,18051.0,8489.0,9043.0
5309,7831.0,7212.0,9209.0,18666.0,9022.0,78095.0,18870.0,8848.0,18115.0,9022.0,8039.0
5310,8662.0,17969.0,9159.0,18507.0,8756.0,91238.0,18530.0,8804.0,18981.0,8900.0,8918.0
5311,8260.0,8110.0,9214.0,18515.0,8746.0,79466.0,18245.0,18365.0,9342.0,8806.0,8661.0
5312,9003.0,8854.0,17777.0,9309.0,9239.0,79330.0,17514.0,17649.0,8930.0,9064.0,7245.0
5313,7876.0,7103.0,9106.0,18570.0,8823.0,78531.0,17855.0,8666.0,8917.0,8743.0,8119.0
5314,8213.0,18198.0,9506.0,8628.0,18130.0,88913.0,18404.0,8821.0,8216.0,8475.0,8845.0
5315,7854.0,7302.0,9084.0,18285.0,8044.0,77462.0,17567.0,8811.0,7616.0,7371.0,8223.0
5316,8491.0,17855.0,8170.0,7386.0,17923.0,87208.0,7961.0,18697.0,8922.0,8519.0,8708.0
5317,8895.0,8481.0,9056.0,18766.0,8870.0,90082.0,18130.0,9113.0,9002.0,18431.0,8926.0
5318,7600.0,18778.0,8408.0,8121.0,17856.0,87851.0,19077.0,9348.0,8660.0,8185.0,8110.0
5319,9187.0,18958.0,8135.0,9128.0,18477.0,90481.0,9152.0,17966.0,9055.0,8607.0,7895.0
5320,9427.0,9203.0,9323.0,18399.0,9120.0,91887.0,17622.0,8418.0,9147.0,18808.0,17660.0
5321,8564.0,17975.0,8165.0,7856.0,18905.0,89110.0,17683.0,7588.0,8934.0,8832.0,8695.0
5322,8423.0,8281.0,8256.0,17570.0,8349.0,68594.0,19030.0,18566.0,9411.0,9001.0,
5323,8817.0,17747.0,9299.0,9037.0,18539.0,81101.0,8229.0,17997.0,8267.0,7649.0,
5324,7302.0,18435.0,9063.0,8677.0,18518.0,87649.0,9008.0,18302.0,9470.0,8913.0,7590.0
5325,8781.0,18390.0,7856.0,8743.0,18691.0,87441.0,8026.0,9584.0,9175.0,8718.0,7057.0
5326,7895.0,7833.0,7350.0,18544.0,8271.0,76096.0,18719.0,18906.0,9012.0,8652.0,7973.0
5327,8229.0,7972.0,7291.0,18660.0,8541.0,76390.0,17873.0,18695.0,8633.0,8379.0,8404.0
5328,8195.0,17392.0,8706.0,17625.0,8636.0,88408.0,17898.0,8261.0,8212.0,8020.0,8675.0
5329,8654.0,8524.0,9364.0,18669.0,8888.0,81239.0,16512.0,17284.0,9632.0,8794.0,8699.0
5330,8622.0,18339.0,9141.0,18611.0,8018.0,90389.0,17420.0,9260.0,9218.0,8818.0,8702.0
5331,8813.0,8320.0,8511.0,18150.0,8429.0,79787.0,17118.0,7793.0,8217.0,18041.0,8822.0
5332,8120.0,17728.0,8109.0,17142.0,8567.0,85489.0,19024.0,8109.0,8026.0,8227.0,8222.0
5333,9005.0,18769.0,10166.0,8794.0,18122.0,81575.0,17689.0,17789.0,8312.0,7988.0,7446.0
5334,8255.0,7997.0,8375.0,17599.0,8232.0,77314.0,18031.0,18365.0,8572.0,8291.0,8079.0
5335,7346.0,18935.0,7957.0,19023.0,9186.0,89391.0,18632.0,9371.0,8928.0,8926.0,7957.0
5336,7421.0,18655.0,8470.0,7849.0,17821.0,77339.0,18154.0,18200.0,8755.0,8621.0,7891.0
5337,8312.0,8401.0,8198.0,18365.0,8267.0,69678.0,18880.0,18723.0,8247.0,8057.0,
5338,7368.0,18737.0,8910.0,9059.0,18672.0,80568.0,8793.0,18005.0,8169.0,8012.0,
5339,8712.0,17793.0,8081.0,8038.0,18182.0,87127.0,17556.0,9134.0,8643.0,8471.0,7449.0
5340,8597.0,8554.0,8388.0,17548.0,7986.0,77769.0,18484.0,8624.0,17536.0,9623.0,8494.0
5341,7957.0,7975.0,8600.0,18419.0,7975.0,77877.0,18817.0,18326.0,8924.0,8398.0,8285.0
5342,7398.0,18829.0,9123.0,8612.0,18699.0,88977.0,17374.0,8706.0,8583.0,8180.0,7849.0
5343,9696.0,9490.0,7910.0,18961.0,8510.0,90902.0,17444.0,9256.0,7959.0,9115.0,17272.0
5344,9371.0,9241.0,7623.0,18843.0,8555.0,88830.0,18678.0,18203.0,9346.0,8919.0,17515.0
5345,9181.0,18594.0,8971.0,8534.0,18159.0,88474.0,18961.0,8662.0,7818.0,7543.0,7404.0
5346,8430.0,18127.0,8592.0,8068.0,18270.0,79791.0,18377.0,19087.0,8988.0,9071.0,8715.0
5347,8585.0,17832.0,9569.0,8508.0,18193.0,90096.0,9048.0,18046.0,8194.0,8405.0,9009.0
5348,8216.0,17614.0,9062.0,8873.0,17656.0,88422.0,18594.0,7966.0,18026.0,8506.0,8476.0
5349,8606.0,18141.0,8030.0,7393.0,18271.0,86874.0,18740.0,8848.0,8501.0,18666.0,8606.0
5350,8151.0,8206.0,8892.0,18340.0,8302.0,78389.0,17508.0,18404.0,9089.0,9204.0,8388.0
5351,8473.0,17732.0,8775.0,18367.0,8649.0,89290.0,18643.0,9142.0,18848.0,9392.0,8744.0
5352,8339.0,8195.0,8177.0,17230.0,7295.0,75486.0,17513.0,17867.0,7802.0,8017.0,8726.0
5353,9112.0,18378.0,8062.0,7836.0,17597.0,77383.0,17703.0,17844.0,8996.0,8506.0,7756.0
5354,8525.0,17846.0,8065.0,18596.0,8773.0,88309.0,18375.0,8818.0,8150.0,17968.0,9045.0
5355,7992.0,17501.0,9278.0,18490.0,8926.0,88910.0,18779.0,9069.0,18911.0,7893.0,7989.0
5356,8930.0,8755.0,7805.0,18975.0,8904.0,88751.0,18435.0,7820.0,17762.0,9151.0,9691.0
5357,9038.0,18266.0,9495.0,8935.0,9081.0,80303.0,18250.0,18002.0,8861.0,18087.0,7948.0
5358,8845.0,18109.0,8955.0,8540.0,18550.0,88518.0,8379.0,17780.0,8600.0,27682.0,7801.0
5359,8700.0,18306.0,8654.0,8603.0,17716.0,78951.0,18348.0,17834.0,8931.0,18940.0,7416.0
5360,8399.0,17794.0,8199.0,8129.0,9734.0,87063.0,18090.0,8385.0,17320.0,47439.0,8309.0
5361,8451.0,17985.0,9246.0,18791.0,8779.0,89534.0,18466.0,8107.0,18784.0,57230.0,8622.0
5362,8879.0,18758.0,8071.0,16849.0,8076.0,86794.0,18302.0,8588.0,17727.0,57291.0,7453.0
5363,7763.0,9084.0,8316.0,17141.0,7306.0,75979.0,17830.0,17592.0,9131.0,55958.0,8228.0
5364,8336.0,17892.0,7928.0,7832.0,17555.0,84929.0,17152.0,8262.0,18684.0,47679.0,7209.0
5365,8708.0,8589.0,9023.0,17846.0,8803.0,80661.0,17626.0,17320.0,8801.0,36913.0,9189.0
5366,8643.0,8554.0,9018.0,18184.0,9024.0,89235.0,17661.0,18424.0,9305.0,28311.0,8835.0
5367,9153.0,17323.0,9078.0,18334.0,8795.0,89273.0,17625.0,9514.0,18402.0,27572.0,7477.0
5368,7858.0,9141.0,7948.0,17578.0,7294.0,76595.0,18543.0,18661.0,8834.0,27719.0,8103.0
5369,9110.0,18418.0,9307.0,18403.0,9393.0,91078.0,18958.0,6976.0,18700.0,28120.0,7519.0
5370,7755.0,18563.0,8946.0,8176.0,17686.0,87640.0,18366.0,18885.0,8640.0,57372.0,7945.0
5371,9741.0,9104.0,8558.0,17450.0,18793.0,98969.0,18062.0,17725.0,8370.0,47392.0,8600.0
5372,8373.0,17726.0,8998.0,8874.0,17812.0,79566.0,17402.0,18002.0,8565.0,56367.0,8803.0
5373,9142.0,18946.0,9015.0,18309.0,18240.0,100490.0,8236.0,17850.0,9029.0,46990.0,7934.0
5374,8122.0,7904.0,9494.0,18715.0,9100.0,79673.0,18810.0,18520.0,9174.0,47321.0,8538.0
5375,8991.0,8521.0,9048.0,18500.0,8792.0,99976.0,18813.0,8940.0,18824.0,37771.0,9643.0
5376,9230.0,18400.0,8599.0,8274.0,18156.0,89544.0,17849.0,8679.0,19203.0,28942.0,7730.0
5377,8606.0,18365.0,7732.0,18494.0,8962.0,80434.0,18988.0,17455.0,8880.0,57053.0,
5378,8785.0,18373.0,8543.0,7936.0,17975.0,89503.0,17988.0,9211.0,18233.0,38398.0,9052.0
5379,8783.0,17990.0,8348.0,7952.0,17703.0,87243.0,16962.0,8440.0,18424.0,26822.0,9045.0
5380,7951.0,7937.0,8071.0,9601.0,17299.0,85574.0,8566.0,17860.0,17832.0,28037.0,8409.0
5381,8782.0,8678.0,9255.0,18636.0,9159.0,81254.0,17992.0,18385.0,9175.0,27937.0,8773.0
5382,8048.0,7964.0,8261.0,17290.0,9202.0,76546.0,17354.0,17945.0,9636.0,18483.0,8188.0
5383,8223.0,8693.0,9148.0,18594.0,8441.0,90641.0,8481.0,17871.0,9193.0,18867.0,8713.0
5384,8027.0,17846.0,9335.0,18481.0,8917.0,89448.0,17874.0,7645.0,18487.0,8637.0,7954.0
5385,8726.0,8338.0,8003.0,17246.0,7564.0,76711.0,17225.0,17091.0,8502.0,7075.0,8803.0
5386,8455.0,18089.0,8781.0,8147.0,17740.0,89017.0,8716.0,18335.0,7742.0,18920.0,8965.0
5387,8590.0,8608.0,9427.0,18414.0,9079.0,89886.0,8854.0,17577.0,7710.0,7954.0,8624.0
5388,9448.0,8804.0,8494.0,17556.0,7834.0,87163.0,18421.0,18828.0,7704.0,8960.0,17206.0
5389,7772.0,18840.0,8019.0,18894.0,8872.0,88379.0,18907.0,8883.0,18276.0,7948.0,7977.0
5390,8701.0,18030.0,8215.0,8216.0,17000.0,86845.0,7802.0,17673.0,8102.0,9144.0,8964.0
5391,8990.0,9001.0,17764.0,9447.0,7125.0,78118.0,18313.0,18785.0,9048.0,8891.0,7899.0
5392,8350.0,8147.0,8833.0,17889.0,8403.0,78976.0,17704.0,17485.0,8978.0,7783.0,8329.0
5393,7714.0,17272.0,8929.0,18163.0,8702.0,87450.0,18936.0,9187.0,9539.0,8981.0,8215.0
5394,8539.0,18085.0,9220.0,8013.0,18076.0,89558.0,18965.0,8237.0,18994.0,7865.0,8622.0
5395,7082.0,18691.0,8078.0,17018.0,8812.0,86447.0,17827.0,9046.0,18388.0,8144.0,7933.0
5396,9137.0,8702.0,8723.0,17963.0,7386.0,79153.0,18587.0,18938.0,8573.0,18457.0,8944.0
5397,8780.0,18378.0,9798.0,9181.0,9182.0,82421.0,18549.0,19050.0,9211.0,8946.0,9178.0
5398,8757.0,18156.0,8514.0,17615.0,8046.0,89102.0,18154.0,8523.0,18901.0,8183.0,8909.0
5399,9169.0,8596.0,9353.0,18553.0,8482.0,90665.0,18440.0,18385.0,9224.0,9214.0,17629.0
5400,7920.0,17886.0,8094.0,17893.0,8377.0,87624.0,18928.0,7987.0,18770.0,8618.0,8521.0
5401,8279.0,18364.0,9204.0,18680.0,8937.0,90531.0,17798.0,8042.0,18768.0,8469.0,9011.0
5402,8707.0,8396.0,9091.0,18467.0,8548.0,79267.0,18143.0,8606.0,17366.0,8986.0,8573.0
5403,7935.0,17535.0,8883.0,17974.0,8683.0,98555.0,18275.0,19034.0,9211.0,7475.0,18748.0
5404,9101.0,18687.0,8416.0,17676.0,9588.0,89499.0,17774.0,8189.0,18399.0,8210.0,7445.0
5405,8255.0,17448.0,8035.0,17290.0,8762.0,87140.0,18438.0,18057.0,8567.0,8375.0,8477.0
5406,7871.0,9230.0,8760.0,17772.0,8070.0,78307.0,17145.0,18349.0,9597.0,9484.0,8135.0
5407,8560.0,8359.0,8058.0,19212.0,9015.0,81391.0,16677.0,18206.0,9107.0,8636.0,9049.0
5408,8042.0,8243.0,8986.0,18550.0,8500.0,79697.0,18515.0,19255.0,9237.0,8699.0,8363.0
5409,8871.0,8619.0,8745.0,17987.0,8760.0,79748.0,18520.0,9306.0,18340.0,8924.0,9048.0
5410,8348.0,18085.0,7634.0,18823.0,8871.0,88936.0,18757.0,9138.0,8847.0,9037.0,8900.0
5411,8484.0,18371.0,10021.0,8847.0,18634.0,92252.0,18688.0,8958.0,18163.0,9558.0,8921.0
5412,8458.0,18056.0,9257.0,8748.0,18696.0,89180.0,17510.0,9525.0,7778.0,9171.0,8687.0
5413,8030.0,17357.0,8058.0,7656.0,18658.0,85618.0,8047.0,9679.0,9025.0,9038.0,8063.0
5414,8647.0,8222.0,9044.0,18384.0,8995.0,80045.0,17779.0,8978.0,18349.0,8598.0,8871.0
5415,9043.0,9016.0,8773.0,18222.0,8342.0,79975.0,18857.0,9114.0,18060.0,8229.0,7630.0
5416,7992.0,17722.0,8994.0,8587.0,8910.0,77886.0,18174.0,18555.0,8115.0,8687.0,8126.0
5417,8615.0,18623.0,8968.0,8379.0,8706.0,70897.0,18749.0,17192.0,9464.0,27598.0,
5418,8836.0,18220.0,8759.0,8172.0,17824.0,89603.0,8715.0,18058.0,9141.0,18508.0,8959.0
5419,9004.0,9053.0,9251.0,18266.0,8578.0,80323.0,18625.0,9068.0,18569.0,8593.0,7494.0
5420,8516.0,8297.0,9149.0,18386.0,8756.0,80526.0,18488.0,18597.0,8729.0,8552.0,8842.0
5421,17209.0,9422.0,9160.0,18453.0,7736.0,88656.0,18470.0,9357.0,18597.0,8927.0,8234.0
5422,8818.0,8353.0,8543.0,17864.0,8308.0,79735.0,18045.0,8289.0,18426.0,8428.0,8969.0
5423,8844.0,8940.0,8394.0,17512.0,7912.0,77534.0,18860.0,18081.0,9283.0,8085.0,7595.0
5424,8380.0,18247.0,8723.0,18230.0,8437.0,89375.0,17737.0,8382.0,17861.0,8978.0,8328.0
5425,9261.0,9461.0,8583.0,17813.0,8038.0,89308.0,18881.0,9276.0,17494.0,9149.0,9729.0
5426,9024.0,18701.0,9020.0,17616.0,9581.0,90777.0,8297.0,18110.0,8931.0,18188.0,7965.0
5427,9377.0,8912.0,8539.0,18165.0,8199.0,89620.0,16788.0,9352.0,18404.0,8929.0,17601.0
5428,8698.0,18406.0,8275.0,17409.0,8973.0,87226.0,18564.0,8467.0,18255.0,8758.0,7408.0
5429,7542.0,18847.0,9021.0,8468.0,18150.0,89045.0,9181.0,17914.0,9150.0,8423.0,8068.0
5430,8292.0,18159.0,8550.0,8185.0,17652.0,87904.0,9053.0,18512.0,8886.0,7853.0,8298.0
5431,9110.0,8619.0,9242.0,18483.0,7831.0,80562.0,18066.0,9219.0,18107.0,8299.0,8987.0
5432,9280.0,18303.0,8030.0,18960.0,8781.0,88311.0,18877.0,8738.0,8223.0,18645.0,7368.0
5433,8396.0,18051.0,9332.0,8262.0,18293.0,79955.0,9706.0,17932.0,7349.0,8496.0,8468.0
5434,8670.0,8408.0,8554.0,17601.0,7536.0,86519.0,18813.0,9337.0,18453.0,8800.0,9503.0
5435,9259.0,9283.0,9285.0,18513.0,8851.0,82115.0,17763.0,18728.0,8137.0,8072.0,8074.0
5436,8960.0,8955.0,9088.0,18400.0,8640.0,80575.0,17442.0,8652.0,17437.0,9230.0,7531.0
5437,8816.0,18205.0,9881.0,9281.0,9023.0,79971.0,27499.0,8570.0,8778.0,18711.0,7351.0
5438,9083.0,18556.0,8096.0,9113.0,18685.0,88952.0,8850.0,19273.0,9189.0,18779.0,7592.0
5439,8606.0,8677.0,9363.0,18789.0,8874.0,80903.0,18199.0,8889.0,18090.0,7964.0,9048.0
5440,8869.0,8631.0,9489.0,18821.0,8706.0,82089.0,18140.0,8514.0,17705.0,8391.0,8927.0
5441,8562.0,8719.0,7698.0,19174.0,8873.0,80301.0,16742.0,18822.0,7934.0,7960.0,8848.0
5442,9380.0,19027.0,8349.0,7779.0,17826.0,89036.0,18779.0,9170.0,18513.0,8593.0,8119.0
5443,9768.0,9494.0,8714.0,17909.0,7306.0,87618.0,18047.0,8219.0,18329.0,19116.0,8274.0
5444,8576.0,8403.0,9231.0,18614.0,8836.0,90109.0,17580.0,8106.0,18009.0,8933.0,9260.0
5445,8617.0,18586.0,9552.0,18646.0,8860.0,91783.0,18817.0,8813.0,18981.0,18021.0,8472.0
5446,8371.0,8079.0,8342.0,17204.0,7319.0,75818.0,18666.0,9262.0,18558.0,17008.0,8681.0
5447,8526.0,18027.0,9134.0,8790.0,18392.0,89692.0,17816.0,9447.0,9079.0,18928.0,8878.0
5448,7771.0,8167.0,9070.0,17951.0,8342.0,78251.0,18926.0,9169.0,18996.0,17527.0,8428.0
5449,9192.0,18965.0,9135.0,8571.0,18182.0,81814.0,18268.0,18919.0,9110.0,28483.0,8039.0
5450,8331.0,9449.0,9067.0,18671.0,8737.0,82126.0,18504.0,9071.0,18330.0,28226.0,8961.0
5451,7465.0,19057.0,8613.0,8178.0,18034.0,87893.0,8795.0,19151.0,9157.0,28903.0,7988.0
5452,7422.0,18971.0,8411.0,7852.0,17622.0,87417.0,18929.0,9333.0,9261.0,28379.0,7979.0
5453,7860.0,7889.0,8948.0,18455.0,8542.0,78731.0,18180.0,8484.0,17730.0,8595.0,8451.0
5454,8621.0,18269.0,9305.0,8979.0,19130.0,91904.0,7740.0,18090.0,7882.0,8310.0,8654.0
5455,8608.0,8438.0,9213.0,18548.0,8870.0,80453.0,18042.0,8453.0,17287.0,9058.0,8869.0
5456,8107.0,17734.0,9080.0,8601.0,18352.0,89103.0,8569.0,18569.0,8138.0,8923.0,8218.0
5457,7111.0,19603.0,9292.0,9070.0,19000.0,82995.0,7975.0,18027.0,7778.0,9251.0,
5458,8632.0,8553.0,9442.0,18711.0,8547.0,79966.0,18244.0,8709.0,18890.0,8893.0,8480.0
5459,8196.0,18174.0,8030.0,9291.0,18817.0,89503.0,9162.0,17745.0,7910.0,8277.0,8894.0
5460,7636.0,9364.0,9290.0,18869.0,9195.0,80306.0,18947.0,9133.0,18392.0,8725.0,7954.0
5461,8548.0,18106.0,8887.0,8402.0,17697.0,88473.0,18912.0,9283.0,9015.0,17792.0,8808.0
5462,8983.0,18394.0,8572.0,17026.0,8814.0,87101.0,17030.0,9665.0,8971.0,9099.0,7511.0
5463,8581.0,18307.0,9127.0,8561.0,18687.0,89412.0,8453.0,18317.0,8176.0,8004.0,8557.0
5464,8678.0,8577.0,8349.0,17888.0,8379.0,78526.0,19073.0,9099.0,8817.0,18595.0,8971.0
5465,8109.0,18293.0,7944.0,9356.0,18656.0,88723.0,8192.0,19343.0,8862.0,9122.0,8502.0
5466,9036.0,9036.0,8925.0,18591.0,8965.0,80599.0,19127.0,7955.0,18023.0,8922.0,7590.0
5467,8299.0,17636.0,9188.0,8840.0,18211.0,88261.0,9004.0,18614.0,9049.0,9123.0,8405.0
5468,7317.0,19155.0,9337.0,8836.0,18533.0,90114.0,9395.0,17619.0,9027.0,8982.0,8183.0
5469,9250.0,18885.0,8229.0,9023.0,18376.0,89008.0,8361.0,18434.0,8322.0,8867.0,7711.0
5470,8565.0,18599.0,9449.0,8749.0,18531.0,91381.0,9026.0,18615.0,8915.0,8750.0,9126.0
5471,8297.0,8038.0,7997.0,16894.0,9197.0,76865.0,18484.0,7888.0,17566.0,8062.0,8599.0
5472,8963.0,18519.0,8357.0,9119.0,18756.0,81481.0,18752.0,17936.0,7960.0,7707.0,8992.0
5473,8755.0,8558.0,9024.0,17946.0,8370.0,80250.0,18844.0,18595.0,8855.0,8624.0,8684.0
5474,9163.0,18981.0,8405.0,19183.0,9287.0,91105.0,18657.0,8705.0,8581.0,8383.0,7958.0
5475,8185.0,9181.0,8274.0,18053.0,8241.0,79170.0,18469.0,18442.0,8603.0,7702.0,8547.0
5476,9017.0,19252.0,8595.0,17393.0,8239.0,90309.0,18478.0,9157.0,9173.0,8816.0,9050.0
5477,9378.0,19119.0,9239.0,8381.0,18138.0,81731.0,17654.0,8836.0,8236.0,9246.0,7833.0
5478,8998.0,8953.0,8538.0,18260.0,8375.0,72178.0,18931.0,8928.0,8757.0,17831.0,
5479,8259.0,17744.0,8972.0,8095.0,17947.0,70755.0,17422.0,17758.0,9601.0,9129.0,
5480,9044.0,8913.0,8092.0,18847.0,8985.0,71539.0,18933.0,9030.0,8877.0,18597.0,
5481,7999.0,17834.0,8896.0,8808.0,18686.0,71841.0,17752.0,8027.0,8472.0,18101.0,
5482,8784.0,18925.0,8971.0,8591.0,18229.0,81982.0,9587.0,18346.0,9253.0,8826.0,
5483,8926.0,18518.0,9115.0,8456.0,18310.0,82243.0,8975.0,19035.0,9153.0,7862.0,
5484,8670.0,8578.0,9293.0,18587.0,8547.0,80973.0,17597.0,8311.0,8417.0,8181.0,8957.0
5485,8580.0,18376.0,8165.0,9306.0,18837.0,89920.0,9209.0,19369.0,9167.0,9130.0,8662.0
5486,9077.0,18843.0,8844.0,8410.0,17675.0,89020.0,18518.0,9047.0,9276.0,8944.0,7385.0
5487,8196.0,17971.0,8223.0,8162.0,18027.0,87674.0,8059.0,18764.0,9265.0,9093.0,8422.0
5488,8818.0,8538.0,8322.0,17514.0,9166.0,78287.0,17912.0,8689.0,9043.0,8301.0,9172.0
5489,8983.0,8904.0,8125.0,17693.0,7950.0,69737.0,17219.0,9278.0,8000.0,17631.0,
5490,8255.0,17842.0,9156.0,8351.0,17931.0,79850.0,18703.0,8899.0,9179.0,8879.0,
5491,7410.0,9053.0,9730.0,9185.0,9098.0,70344.0,18471.0,18611.0,8743.0,7626.0,
5492,8959.0,8744.0,17707.0,9173.0,18582.0,72130.0,18103.0,18523.0,8745.0,8312.0,
5493,7016.0,18803.0,8486.0,8118.0,17791.0,79306.0,9324.0,16842.0,8697.0,8550.0,
5494,8473.0,18006.0,9209.0,9047.0,8640.0,71373.0,18996.0,18685.0,9316.0,9100.0,
5495,8326.0,8074.0,8144.0,17786.0,8188.0,69180.0,17991.0,9255.0,9249.0,8954.0,
5496,9057.0,8842.0,8538.0,17775.0,8126.0,71239.0,18017.0,8382.0,8827.0,8575.0,
5497,7216.0,18724.0,7874.0,19546.0,9136.0,80659.0,8130.0,18368.0,8703.0,37692.0,
5498,8843.0,18737.0,8143.0,9257.0,19011.0,90521.0,9159.0,17585.0,8977.0,47946.0,8696.0
5499,8565.0,18330.0,8495.0,17784.0,9521.0,89814.0,8552.0,17976.0,9281.0,38473.0,8550.0
5500,9226.0,8525.0,9162.0,18635.0,8830.0,89341.0,18369.0,7401.0,18555.0,18004.0,9894.0
5501,8752.0,8528.0,8334.0,17814.0,8134.0,79077.0,17894.0,18896.0,8532.0,18473.0,8857.0
5502,8457.0,8410.0,8211.0,18734.0,8336.0,78803.0,18487.0,8882.0,17745.0,8315.0,8756.0
5503,7407.0,9158.0,9005.0,18159.0,8588.0,79184.0,17475.0,8120.0,18956.0,8788.0,7982.0
5504,8328.0,7917.0,9245.0,18699.0,8312.0,78427.0,17478.0,16958.0,8428.0,8596.0,8520.0
5505,9208.0,9240.0,18293.0,8649.0,8717.0,79552.0,18646.0,18444.0,8037.0,8132.0,7812.0
5506,8126.0,7905.0,8918.0,17946.0,8544.0,77969.0,17508.0,8013.0,17969.0,8505.0,7848.0
5507,8836.0,18527.0,9331.0,8668.0,18713.0,89140.0,18772.0,9012.0,8748.0,18169.0,7389.0
5508,8084.0,7825.0,8897.0,17791.0,8235.0,77643.0,17533.0,7875.0,17288.0,9224.0,8107.0
5509,9375.0,9254.0,7752.0,18899.0,9042.0,90543.0,18792.0,9030.0,9070.0,8739.0,17963.0
5510,9319.0,18777.0,8494.0,7951.0,17982.0,79595.0,17638.0,18400.0,8017.0,9113.0,7981.0
5511,9416.0,18810.0,9163.0,8755.0,18267.0,89670.0,8243.0,18385.0,7152.0,8866.0,7792.0
5512,8355.0,8480.0,8460.0,18187.0,8659.0,78164.0,18775.0,9013.0,8391.0,17990.0,8378.0
5513,8027.0,17699.0,9857.0,8866.0,9012.0,88047.0,8436.0,18784.0,8786.0,8200.0,7783.0
5514,8605.0,8536.0,18127.0,9328.0,7620.0,70611.0,16751.0,18877.0,8474.0,8517.0,
5515,8817.0,8656.0,8804.0,17837.0,8726.0,79458.0,19069.0,7949.0,17794.0,7952.0,8894.0
5516,8897.0,8826.0,8256.0,17202.0,8989.0,77829.0,18209.0,8633.0,17481.0,7474.0,7531.0
5517,8306.0,8126.0,9409.0,18272.0,8673.0,79113.0,19076.0,9094.0,18613.0,8902.0,8767.0
5518,8360.0,7913.0,18122.0,8759.0,9156.0,79477.0,18329.0,9327.0,9713.0,6970.0,8452.0
5519,9368.0,9122.0,8635.0,17758.0,9033.0,79256.0,18467.0,8126.0,17763.0,28181.0,7842.0
5520,8293.0,17884.0,8356.0,18915.0,9127.0,89408.0,18300.0,8372.0,18034.0,18999.0,8853.0
5521,8113.0,8194.0,9422.0,18369.0,9054.0,80038.0,18707.0,9260.0,18328.0,19031.0,8670.0
5522,8364.0,18051.0,9235.0,18492.0,8729.0,90008.0,18272.0,8135.0,16891.0,9015.0,8559.0
5523,8740.0,18622.0,8774.0,8741.0,17721.0,90190.0,16728.0,8601.0,8072.0,17559.0,8801.0
5524,8879.0,18121.0,7865.0,18957.0,8941.0,89165.0,18342.0,8801.0,8990.0,18168.0,8910.0
5525,7330.0,18800.0,9227.0,8766.0,17717.0,88130.0,7502.0,17328.0,8015.0,8068.0,7921.0
5526,8690.0,8381.0,18012.0,9558.0,7675.0,79312.0,18066.0,18393.0,8806.0,8502.0,8955.0
5527,8543.0,18497.0,9503.0,9217.0,18822.0,92536.0,9523.0,17325.0,7709.0,7909.0,9139.0
5528,8576.0,18204.0,9128.0,18411.0,7639.0,88918.0,17571.0,8997.0,18032.0,8526.0,8480.0
5529,8547.0,8574.0,8891.0,17787.0,8594.0,78631.0,17742.0,9131.0,7668.0,8955.0,8884.0
5530,8841.0,8636.0,17915.0,9527.0,7908.0,78348.0,18492.0,18063.0,8403.0,8389.0,7321.0
5531,8796.0,8549.0,7558.0,18139.0,8463.0,79247.0,17457.0,18433.0,8533.0,8473.0,9286.0
5532,8377.0,17852.0,9110.0,18334.0,8149.0,87575.0,18393.0,9045.0,8502.0,8401.0,8470.0
5533,9149.0,8844.0,17976.0,9240.0,7888.0,78188.0,17368.0,17256.0,8117.0,8079.0,7464.0
5534,8792.0,8138.0,8113.0,17262.0,8861.0,77794.0,18463.0,8909.0,18610.0,8479.0,9102.0
5535,8443.0,18042.0,8986.0,7794.0,17628.0,87983.0,9196.0,18551.0,9036.0,8703.0,8779.0
5536,8824.0,18329.0,9157.0,8598.0,18200.0,88734.0,17782.0,8036.0,18300.0,9095.0,6926.0
5537,8265.0,17586.0,8971.0,8653.0,18111.0,88024.0,18671.0,8785.0,9103.0,9047.0,8677.0
5538,7662.0,7969.0,17717.0,8862.0,18060.0,69587.0,18457.0,18366.0,8708.0,8374.0,
5539,8046.0,17613.0,9408.0,8310.0,17844.0,70386.0,17436.0,18129.0,8531.0,8499.0,
5540,8353.0,18139.0,9390.0,18049.0,8382.0,89597.0,18755.0,9499.0,9052.0,18924.0,8684.0
5541,9271.0,18976.0,9250.0,8709.0,18710.0,90647.0,8626.0,18337.0,8022.0,17767.0,7709.0
5542,8677.0,8331.0,7941.0,19016.0,8968.0,89238.0,17297.0,17514.0,8354.0,17512.0,9554.0
5543,9125.0,18939.0,9221.0,8449.0,18001.0,88843.0,8807.0,19142.0,8896.0,18196.0,7567.0
5544,8792.0,18582.0,9183.0,8417.0,8973.0,81116.0,17388.0,17188.0,9040.0,37991.0,9161.0
5545,8091.0,17974.0,9081.0,8803.0,8961.0,79761.0,17745.0,17788.0,8492.0,27850.0,8582.0
5546,8667.0,8464.0,8738.0,18136.0,8784.0,80766.0,17220.0,17656.0,9520.0,27530.0,8935.0
5547,8345.0,8233.0,7818.0,18674.0,8698.0,78647.0,18159.0,18504.0,8906.0,27664.0,8764.0
5548,8495.0,17466.0,9248.0,18225.0,8679.0,89167.0,17548.0,8958.0,17675.0,17800.0,8542.0
5549,7696.0,19076.0,8708.0,8218.0,17779.0,87738.0,9354.0,18350.0,8105.0,7984.0,8707.0
5550,7465.0,19170.0,9156.0,8318.0,18450.0,79815.0,18043.0,18661.0,8817.0,8517.0,8064.0
5551,8051.0,7212.0,17824.0,9041.0,9058.0,77347.0,18319.0,18183.0,8582.0,9120.0,8297.0
5552,8500.0,8399.0,8166.0,17819.0,7510.0,77693.0,17526.0,7674.0,17845.0,8074.0,8945.0
5553,7982.0,17553.0,9227.0,8797.0,18461.0,79501.0,18017.0,17874.0,8025.0,9163.0,8265.0
5554,8860.0,18363.0,7813.0,7438.0,18677.0,87503.0,9320.0,18272.0,8370.0,8850.0,8944.0
5555,8588.0,18205.0,9214.0,8979.0,18075.0,88544.0,7743.0,17603.0,9158.0,18519.0,8477.0
5556,8920.0,18739.0,8043.0,7138.0,17857.0,86551.0,17796.0,8928.0,17916.0,7832.0,7075.0
5557,8532.0,8515.0,8917.0,18437.0,9035.0,79879.0,17978.0,8546.0,17733.0,8833.0,8769.0
5558,8145.0,8121.0,9052.0,18097.0,7712.0,77658.0,18440.0,18638.0,8628.0,8383.0,8349.0
5559,9194.0,18958.0,7762.0,8985.0,18594.0,88495.0,8297.0,17248.0,8656.0,18585.0,7835.0
5560,8866.0,8585.0,8598.0,18094.0,8064.0,77988.0,18209.0,18573.0,9573.0,9299.0,8784.0
5561,8511.0,8517.0,8667.0,17824.0,8368.0,79231.0,17242.0,8533.0,18442.0,8971.0,9009.0
5562,9300.0,18629.0,9122.0,8774.0,18177.0,89976.0,7573.0,18006.0,7694.0,8959.0,7436.0
5563,9234.0,18385.0,8271.0,7617.0,16903.0,86424.0,8521.0,18195.0,8365.0,8163.0,7388.0
5564,8846.0,18673.0,9785.0,8390.0,8832.0,81480.0,17982.0,17640.0,7694.0,18173.0,9320.0
5565,9039.0,18144.0,9057.0,8623.0,18311.0,89133.0,16923.0,9345.0,8558.0,19580.0,7222.0
5566,8221.0,8138.0,7877.0,18681.0,8751.0,77798.0,17434.0,7741.0,18432.0,28541.0,8264.0
5567,8671.0,18196.0,9127.0,18510.0,8659.0,89387.0,17472.0,7999.0,18959.0,28220.0,8880.0
5568,9621.0,9559.0,8756.0,17735.0,7967.0,90478.0,18586.0,9141.0,18344.0,17740.0,17433.0
5569,8120.0,17761.0,8371.0,7813.0,17723.0,86880.0,18447.0,8504.0,8322.0,18144.0,8331.0
5570,8573.0,8549.0,8094.0,17517.0,7742.0,77588.0,18569.0,9011.0,9744.0,7248.0,8883.0
5571,9097.0,8734.0,8880.0,18144.0,8554.0,78417.0,18077.0,9032.0,17774.0,8611.0,7565.0
5572,7433.0,9062.0,8446.0,18020.0,8173.0,77832.0,18664.0,7821.0,18335.0,8583.0,8014.0
5573,8986.0,17770.0,9486.0,18429.0,9113.0,90919.0,7803.0,17861.0,8375.0,18432.0,8663.0
5574,7929.0,17618.0,9144.0,8642.0,17842.0,87731.0,9439.0,17560.0,8945.0,8689.0,8155.0
5575,8841.0,8379.0,9000.0,18157.0,8913.0,79937.0,17094.0,8351.0,18556.0,8684.0,9099.0
5576,9269.0,8717.0,8533.0,17402.0,8092.0,78308.0,17284.0,7839.0,17164.0,8198.0,8130.0
5577,8947.0,17733.0,9300.0,8769.0,18352.0,81454.0,17720.0,18394.0,8277.0,8290.0,8728.0
5578,7281.0,18711.0,8359.0,8278.0,17866.0,69541.0,17745.0,17517.0,9025.0,8730.0,
5579,8941.0,18248.0,7866.0,18249.0,8917.0,87010.0,18418.0,8188.0,17240.0,9091.0,7306.0
5580,8515.0,8448.0,7903.0,18771.0,7743.0,78485.0,18397.0,17291.0,8298.0,7885.0,8985.0
5581,8236.0,17847.0,8696.0,8430.0,17558.0,87139.0,18355.0,8476.0,7892.0,17726.0,8402.0
5582,8195.0,18019.0,9298.0,8769.0,17720.0,88876.0,17203.0,8688.0,7903.0,9511.0,8131.0
5583,8766.0,17746.0,7431.0,18314.0,8700.0,88513.0,17854.0,8314.0,18733.0,8564.0,8933.0
5584,8433.0,17888.0,8104.0,8131.0,17412.0,86564.0,18654.0,8546.0,16926.0,9009.0,8701.0
5585,8466.0,8112.0,8147.0,17576.0,8918.0,85439.0,17482.0,18667.0,8218.0,7885.0,8709.0
5586,9217.0,18585.0,7837.0,7439.0,18716.0,88489.0,18520.0,8391.0,8690.0,19073.0,7905.0
5587,9087.0,19047.0,8384.0,7786.0,17621.0,87509.0,19040.0,7923.0,18483.0,9165.0,7307.0
5588,7921.0,17945.0,9309.0,8508.0,18304.0,87584.0,8415.0,17446.0,8919.0,18350.0,8133.0
5589,7933.0,7876.0,8628.0,18059.0,8251.0,77519.0,17298.0,7959.0,17509.0,7905.0,8208.0
5590,8241.0,8070.0,9100.0,17910.0,18342.0,79473.0,17500.0,17902.0,8992.0,18407.0,8579.0
5591,8109.0,17884.0,9043.0,8672.0,18641.0,88765.0,19144.0,8545.0,17065.0,8616.0,7822.0
5592,7425.0,8898.0,9154.0,18111.0,8687.0,78373.0,18447.0,17204.0,9230.0,9140.0,8188.0
5593,8719.0,18079.0,9038.0,8085.0,17985.0,89235.0,18660.0,8734.0,8278.0,18210.0,8639.0
5594,8142.0,17436.0,8610.0,8253.0,9514.0,85617.0,7873.0,18526.0,8753.0,8941.0,7833.0
5595,8910.0,8946.0,17741.0,8512.0,18459.0,88661.0,8789.0,17049.0,8081.0,7648.0,7380.0
5596,8396.0,8459.0,9182.0,18563.0,8600.0,79566.0,18910.0,8592.0,18572.0,9245.0,8981.0
5597,8737.0,17995.0,8670.0,8642.0,17722.0,89557.0,17529.0,8763.0,8007.0,9303.0,8879.0
5598,8900.0,8952.0,7843.0,18671.0,9088.0,79501.0,18129.0,7886.0,7814.0,7339.0,7546.0
5599,9044.0,8448.0,8604.0,17911.0,8272.0,79141.0,18164.0,18438.0,9204.0,8586.0,8681.0
5600,7966.0,16945.0,8819.0,8789.0,8964.0,77551.0,17599.0,17749.0,9219.0,9237.0,7996.0
5601,9102.0,18866.0,7904.0,9223.0,19050.0,89507.0,18304.0,8428.0,18194.0,8878.0,7947.0
5602,8413.0,17591.0,9038.0,18606.0,9127.0,88905.0,18095.0,8243.0,7866.0,17606.0,8839.0
5603,8742.0,18407.0,9623.0,8838.0,9137.0,81552.0,17619.0,17824.0,8506.0,8666.0,8708.0
5604,8384.0,8202.0,9180.0,18234.0,8561.0,78907.0,19069.0,8533.0,17755.0,7906.0,8440.0
5605,8354.0,17905.0,9119.0,17888.0,8511.0,88891.0,18607.0,8202.0,17411.0,8903.0,8362.0
5606,8009.0,8013.0,9169.0,18034.0,8130.0,77960.0,18014.0,18069.0,8031.0,8882.0,8111.0
5607,8663.0,8239.0,9099.0,18422.0,8579.0,80559.0,18158.0,17629.0,9190.0,8549.0,8764.0
5608,8327.0,18058.0,8347.0,7904.0,17799.0,87344.0,9547.0,17175.0,9184.0,8296.0,8771.0
5609,8962.0,8453.0,18079.0,8845.0,18664.0,89614.0,8859.0,18630.0,8846.0,8811.0,8487.0
5610,9158.0,8938.0,17956.0,8859.0,9138.0,79111.0,18072.0,18225.0,8541.0,8010.0,7284.0
5611,8174.0,17699.0,9371.0,8900.0,17927.0,89201.0,18024.0,8170.0,18344.0,9270.0,8453.0
5612,8916.0,18422.0,7466.0,18868.0,8112.0,87903.0,17726.0,9294.0,17977.0,8481.0,7373.0
5613,9198.0,18463.0,7319.0,18691.0,8531.0,87216.0,18550.0,8955.0,9150.0,9123.0,7458.0
5614,9068.0,18003.0,9639.0,8518.0,17855.0,90827.0,9619.0,18520.0,8260.0,8183.0,8906.0
5615,8297.0,9655.0,9033.0,18529.0,8163.0,88506.0,18059.0,8723.0,8883.0,17946.0,8582.0
5616,8799.0,8068.0,18343.0,9374.0,8030.0,79249.0,18835.0,18108.0,8252.0,9081.0,8656.0
5617,8977.0,8970.0,8909.0,18239.0,8370.0,78338.0,18812.0,18730.0,8898.0,9038.0,7624.0
5618,7006.0,9137.0,8918.0,18096.0,8599.0,70437.0,18666.0,9149.0,18641.0,9272.0,
5619,9212.0,9096.0,9694.0,9227.0,9181.0,79881.0,18574.0,17982.0,7948.0,7404.0,7601.0
5620,7937.0,17305.0,8805.0,18201.0,8038.0,86930.0,17707.0,8964.0,17676.0,8270.0,8423.0
5621,9238.0,8823.0,9214.0,18700.0,9162.0,90677.0,18218.0,8790.0,18359.0,7948.0,9442.0
5622,8569.0,8286.0,9216.0,18264.0,9084.0,80298.0,18284.0,9137.0,18122.0,8203.0,8631.0
5623,8848.0,8565.0,7791.0,18689.0,8687.0,78906.0,17391.0,8097.0,18178.0,7943.0,8785.0
5624,8504.0,8593.0,9126.0,18435.0,8619.0,81433.0,17210.0,18713.0,8494.0,8094.0,9145.0
5625,9274.0,18619.0,8424.0,8327.0,17936.0,88743.0,8523.0,9602.0,8145.0,18398.0,7680.0
5626,8734.0,18005.0,8830.0,8695.0,17440.0,88700.0,18379.0,8409.0,17369.0,9030.0,8950.0
5627,9147.0,8688.0,7983.0,17062.0,8905.0,86947.0,17535.0,9282.0,18630.0,8706.0,9647.0
5628,8738.0,8706.0,8059.0,18700.0,8895.0,79549.0,18500.0,8632.0,18441.0,27780.0,8848.0
5629,8555.0,7825.0,8513.0,18039.0,8054.0,77362.0,18214.0,17177.0,9101.0,18680.0,8398.0
5630,9020.0,18435.0,7926.0,7470.0,18789.0,87015.0,8974.0,18322.0,8372.0,17640.0,7366.0
5631,8446.0,17790.0,7390.0,8809.0,18057.0,86056.0,8397.0,17944.0,7669.0,17364.0,8387.0
5632,8412.0,18113.0,9339.0,18590.0,8290.0,88472.0,18796.0,8517.0,8190.0,17487.0,8530.0
5633,8767.0,8570.0,7421.0,18729.0,9106.0,86980.0,18644.0,8831.0,17940.0,7845.0,8699.0
5634,8282.0,7837.0,8615.0,17917.0,7813.0,76512.0,18074.0,18522.0,8226.0,8088.0,8135.0
5635,7786.0,17485.0,8943.0,17932.0,8699.0,86464.0,17645.0,8720.0,8868.0,27327.0,8176.0
5636,8570.0,18150.0,9152.0,8502.0,17921.0,89279.0,6908.0,17680.0,18043.0,17914.0,8732.0
5637,8347.0,7906.0,8754.0,18094.0,8253.0,77045.0,18733.0,9240.0,18238.0,17892.0,8637.0
5638,8856.0,18401.0,7961.0,19102.0,8284.0,87935.0,18448.0,7829.0,18595.0,18675.0,7496.0
5639,8020.0,8326.0,8338.0,17596.0,8018.0,77743.0,17787.0,9152.0,8639.0,17519.0,8441.0
5640,8494.0,18026.0,9107.0,18446.0,8851.0,89045.0,17876.0,8482.0,17140.0,18486.0,8920.0
5641,7957.0,17861.0,8825.0,8450.0,8670.0,78144.0,17025.0,18109.0,9300.0,18744.0,8668.0
5642,8647.0,8462.0,7616.0,18552.0,9042.0,78751.0,18042.0,8551.0,17096.0,8000.0,9160.0
5643,8704.0,8447.0,7996.0,18778.0,8856.0,79562.0,17738.0,8365.0,18473.0,8434.0,8742.0
5644,8881.0,8824.0,8159.0,17282.0,7556.0,77062.0,18467.0,8772.0,18151.0,7960.0,7720.0
5645,9070.0,8783.0,8496.0,17454.0,7684.0,77226.0,18819.0,9108.0,18392.0,8507.0,7510.0
5646,8326.0,8207.0,9428.0,18418.0,8685.0,78746.0,17906.0,9255.0,18478.0,8665.0,8290.0
5647,9089.0,8788.0,7826.0,17033.0,8847.0,76611.0,17707.0,18591.0,8973.0,8372.0,7520.0
5648,8828.0,8668.0,7592.0,18515.0,8363.0,77314.0,18826.0,18404.0,8931.0,9102.0,7333.0
5649,7682.0,8810.0,17834.0,8630.0,9005.0,77636.0,17426.0,18696.0,8650.0,8739.0,8194.0
5650,7689.0,7982.0,9242.0,18277.0,8681.0,77769.0,18308.0,17561.0,9648.0,8570.0,8504.0
5651,8118.0,7984.0,9237.0,18789.0,8017.0,79430.0,17503.0,8855.0,18567.0,8348.0,8118.0
5652,7779.0,8278.0,8877.0,18138.0,8405.0,77500.0,17175.0,8956.0,18475.0,8942.0,8497.0
5653,8631.0,8283.0,9520.0,8949.0,8847.0,78544.0,17863.0,17433.0,8722.0,8649.0,8933.0
5654,8143.0,17828.0,8020.0,18467.0,8215.0,86964.0,18096.0,18696.0,8670.0,8303.0,8236.0
5655,8697.0,18546.0,9142.0,18382.0,8668.0,88995.0,17638.0,8722.0,7968.0,17914.0,8527.0
5656,8604.0,18115.0,8302.0,7742.0,18843.0,88119.0,8365.0,18179.0,8851.0,8622.0,8697.0
5657,9230.0,18724.0,9377.0,8915.0,9040.0,80641.0,18358.0,17667.0,7801.0,8929.0,7800.0
5658,7306.0,18889.0,8373.0,8451.0,17844.0,79401.0,8603.0,17865.0,8486.0,8325.0,
5659,9547.0,9011.0,7226.0,18180.0,8638.0,88646.0,17190.0,18466.0,8693.0,8951.0,17507.0
5660,7323.0,18795.0,7524.0,18427.0,8675.0,87678.0,18489.0,17561.0,9099.0,8368.0,7916.0
5661,8722.0,8688.0,9124.0,18500.0,8585.0,80289.0,18356.0,8881.0,17497.0,7786.0,8899.0
5662,8239.0,7791.0,9134.0,18459.0,9156.0,78764.0,18544.0,8894.0,18046.0,8267.0,8529.0
5663,7827.0,19031.0,9256.0,8301.0,17376.0,88025.0,18543.0,8524.0,8213.0,18120.0,7924.0
5664,8390.0,8548.0,8249.0,17337.0,7148.0,76354.0,17913.0,17565.0,9035.0,8468.0,8805.0
5665,8500.0,8467.0,9044.0,18319.0,8729.0,80515.0,17062.0,9019.0,18186.0,8599.0,9182.0
5666,8206.0,17602.0,9058.0,8403.0,17770.0,87445.0,9122.0,17681.0,8877.0,18288.0,8159.0
5667,7384.0,9076.0,8424.0,9500.0,8133.0,76811.0,17816.0,8756.0,18224.0,8856.0,8039.0
5668,8828.0,8824.0,8928.0,18077.0,8341.0,78596.0,18614.0,18106.0,7818.0,7858.0,7241.0
5669,8912.0,18596.0,8155.0,7861.0,17625.0,86556.0,8582.0,17711.0,7933.0,7948.0,7311.0
5670,7945.0,19118.0,8654.0,8065.0,18573.0,88486.0,17664.0,9407.0,18065.0,8970.0,8258.0
5671,8564.0,8205.0,8273.0,17231.0,8144.0,77645.0,18342.0,8887.0,18031.0,8343.0,8560.0
5672,7233.0,8803.0,8094.0,18719.0,8894.0,76928.0,18646.0,18661.0,8728.0,8699.0,7993.0
5673,9129.0,8901.0,9036.0,18197.0,8181.0,78071.0,17936.0,9126.0,18181.0,8457.0,7464.0
5674,8215.0,17972.0,8283.0,8112.0,17781.0,77869.0,18172.0,18594.0,8835.0,8573.0,8324.0
5675,7983.0,9506.0,9157.0,18422.0,8574.0,89135.0,17347.0,8976.0,8601.0,18273.0,8312.0
5676,8114.0,17434.0,8403.0,7924.0,17424.0,76643.0,18203.0,18780.0,9005.0,9142.0,8341.0
5677,8490.0,8496.0,9029.0,17895.0,8310.0,79770.0,17620.0,17555.0,9018.0,9039.0,9006.0
5678,7738.0,7763.0,8316.0,17629.0,9112.0,76245.0,18003.0,17673.0,9541.0,8941.0,8310.0
5679,8418.0,8823.0,8084.0,18626.0,9116.0,80289.0,18463.0,8544.0,8730.0,18139.0,8943.0
5680,9031.0,8919.0,8415.0,9522.0,7877.0,77735.0,18161.0,8443.0,8417.0,17679.0,7453.0
5681,8468.0,18443.0,9742.0,9334.0,19086.0,83073.0,17572.0,18024.0,8893.0,9132.0,8864.0
5682,8339.0,18392.0,8216.0,8116.0,17967.0,88401.0,9518.0,16662.0,8782.0,8864.0,8613.0
5683,8515.0,8708.0,8403.0,17878.0,17682.0,88438.0,9498.0,18681.0,9171.0,9200.0,8909.0
5684,8990.0,18158.0,8035.0,7393.0,18612.0,86695.0,9050.0,17551.0,8379.0,8772.0,7367.0
5685,8594.0,18101.0,8901.0,8379.0,18085.0,89945.0,18698.0,8471.0,8462.0,37301.0,8897.0
5686,9313.0,9208.0,9530.0,8982.0,18715.0,81108.0,17962.0,18788.0,8935.0,28200.0,7815.0
5687,8816.0,18525.0,9268.0,18610.0,8788.0,89312.0,8000.0,18578.0,8490.0,27721.0,7541.0
5688,8512.0,17660.0,9572.0,9186.0,9187.0,80163.0,17740.0,17753.0,8319.0,27334.0,8531.0
5689,8806.0,8230.0,9245.0,18783.0,8705.0,79990.0,17367.0,17860.0,9211.0,19025.0,7516.0
5690,17531.0,9629.0,9119.0,18670.0,8728.0,90195.0,17563.0,7986.0,17708.0,8920.0,8222.0
5691,8888.0,9135.0,8684.0,18119.0,8279.0,79098.0,18633.0,9012.0,18230.0,7871.0,7629.0
5692,8791.0,8457.0,9529.0,18143.0,8808.0,80739.0,18866.0,9005.0,18178.0,8094.0,8974.0
5693,8548.0,18072.0,8673.0,8474.0,18129.0,89491.0,18816.0,8811.0,8248.0,17545.0,8696.0
5694,8625.0,8499.0,9268.0,18635.0,8594.0,80924.0,17855.0,18688.0,8925.0,9148.0,8672.0
5695,8559.0,18129.0,8114.0,18439.0,8885.0,88844.0,17524.0,8917.0,18312.0,8010.0,8827.0
5696,8820.0,18670.0,8936.0,17704.0,7296.0,86632.0,18620.0,8434.0,18481.0,9115.0,7032.0
5697,8571.0,8285.0,9124.0,18254.0,9038.0,79920.0,18648.0,8785.0,17544.0,9213.0,8963.0
5698,8770.0,18436.0,9178.0,8707.0,18268.0,82100.0,7958.0,17783.0,9112.0,18479.0,
5699,8039.0,7920.0,9090.0,18501.0,8616.0,79376.0,18312.0,8388.0,17789.0,17920.0,8254.0
5700,9052.0,8812.0,8166.0,18585.0,8981.0,78993.0,18345.0,17598.0,8923.0,18522.0,7337.0
5701,7462.0,18989.0,8561.0,8622.0,18460.0,88808.0,17055.0,9113.0,8835.0,18205.0,8013.0
5702,8804.0,18485.0,8536.0,7881.0,17770.0,88503.0,18621.0,8518.0,16754.0,18614.0,8722.0
5703,8990.0,8784.0,7729.0,17627.0,7446.0,76292.0,17759.0,18911.0,8462.0,17474.0,7415.0
5704,7579.0,9155.0,8179.0,17069.0,8100.0,76372.0,17299.0,7564.0,17831.0,8077.0,8025.0
5705,8662.0,8528.0,8449.0,17843.0,7399.0,78232.0,17166.0,9248.0,18807.0,8978.0,8887.0
5706,7971.0,19113.0,8158.0,7430.0,19007.0,87767.0,8740.0,17134.0,8946.0,9197.0,8088.0
5707,8616.0,18213.0,8460.0,7473.0,17571.0,87371.0,18927.0,8037.0,16719.0,8664.0,8417.0
5708,8921.0,18540.0,8671.0,8227.0,17554.0,88104.0,8044.0,17922.0,8224.0,37322.0,7425.0
5709,8694.0,18616.0,9176.0,18533.0,7637.0,90321.0,17712.0,8841.0,19039.0,18552.0,8801.0
5710,8459.0,18455.0,8058.0,18791.0,8834.0,90347.0,17072.0,8668.0,18181.0,18113.0,8959.0
5711,8245.0,17613.0,9103.0,8458.0,18049.0,87755.0,19014.0,8450.0,17489.0,18945.0,7844.0
5712,7730.0,7966.0,7971.0,16625.0,9064.0,75133.0,17586.0,7603.0,17971.0,18141.0,8121.0
5713,8278.0,8150.0,8809.0,18073.0,8353.0,79101.0,17522.0,17581.0,8508.0,18596.0,8313.0
5714,8081.0,18831.0,8248.0,8160.0,17099.0,86454.0,18378.0,9127.0,8681.0,18255.0,7821.0
5715,8499.0,18139.0,8154.0,8033.0,18686.0,87976.0,18777.0,8308.0,18490.0,8049.0,8780.0
5716,8427.0,18092.0,8081.0,18206.0,9087.0,88116.0,17506.0,17587.0,8956.0,8736.0,8472.0
5717,8793.0,8226.0,8636.0,17665.0,8138.0,78251.0,18376.0,18034.0,7151.0,8431.0,8420.0
5718,8452.0,18372.0,9378.0,18242.0,8775.0,90824.0,17418.0,8990.0,18072.0,8042.0,8856.0
5719,8868.0,18258.0,7731.0,18584.0,8970.0,89173.0,18040.0,8422.0,18032.0,8979.0,8970.0
5720,9260.0,18713.0,9282.0,8801.0,18432.0,89820.0,18834.0,7440.0,18943.0,8964.0,7731.0
5721,8723.0,18338.0,8244.0,7448.0,17631.0,87569.0,9642.0,18950.0,8716.0,8335.0,8642.0
5722,8779.0,18585.0,8553.0,8135.0,17687.0,79503.0,18243.0,18382.0,8617.0,8580.0,8652.0
5723,8433.0,8281.0,9278.0,18531.0,9083.0,80944.0,17548.0,18397.0,8772.0,9225.0,8768.0
5724,8639.0,18069.0,8617.0,8021.0,17731.0,88284.0,9710.0,18684.0,8794.0,8057.0,8677.0
5725,9546.0,18119.0,9095.0,18193.0,8144.0,89580.0,18427.0,8867.0,9185.0,8898.0,7912.0
5726,7817.0,17064.0,7888.0,18666.0,9043.0,85820.0,18103.0,7958.0,18539.0,9014.0,7882.0
5727,8650.0,18285.0,8575.0,8292.0,17877.0,79510.0,17705.0,18448.0,8339.0,8352.0,8770.0
5728,9551.0,19069.0,7827.0,18562.0,9081.0,89388.0,18803.0,9009.0,8845.0,18402.0,7867.0
5729,8670.0,18461.0,8813.0,8459.0,16460.0,87043.0,8686.0,18065.0,8859.0,18235.0,8763.0
5730,9029.0,8892.0,9369.0,18405.0,8716.0,82459.0,17642.0,7864.0,18534.0,9227.0,9099.0
5731,7944.0,8187.0,9018.0,17859.0,8559.0,78503.0,17587.0,8555.0,17815.0,17791.0,8397.0
5732,9318.0,18606.0,7990.0,9119.0,18343.0,88629.0,8639.0,18019.0,8143.0,47242.0,7894.0
5733,8459.0,8306.0,8834.0,18154.0,8724.0,80201.0,18608.0,18027.0,9038.0,37534.0,8875.0
5734,9372.0,18589.0,8463.0,7940.0,17551.0,88170.0,18076.0,8413.0,17624.0,28338.0,7874.0
5735,9804.0,9550.0,9088.0,18506.0,8792.0,89453.0,17578.0,7933.0,18837.0,38538.0,8121.0
5736,9220.0,8827.0,9233.0,18297.0,8742.0,79842.0,17702.0,7358.0,18674.0,28674.0,7859.0
5737,7699.0,17558.0,8065.0,8979.0,18951.0,86749.0,17617.0,9695.0,8908.0,47934.0,8245.0
5738,8765.0,8298.0,9102.0,18144.0,8774.0,70545.0,18523.0,8404.0,9440.0,28758.0,
5739,8633.0,8258.0,9203.0,18373.0,8728.0,78738.0,17895.0,18191.0,9567.0,37376.0,8417.0
5740,9151.0,18530.0,8514.0,8285.0,8296.0,77908.0,17950.0,17832.0,7948.0,26619.0,7724.0
5741,8423.0,8032.0,7776.0,18830.0,8881.0,79021.0,17526.0,8208.0,17907.0,17524.0,8824.0
5742,9198.0,9071.0,8311.0,17596.0,8085.0,78215.0,18562.0,18849.0,9157.0,18794.0,7915.0
5743,9171.0,8837.0,8856.0,17938.0,8536.0,80078.0,18442.0,7866.0,18542.0,9003.0,7860.0
5744,7816.0,7893.0,8855.0,17615.0,8082.0,77280.0,18376.0,18060.0,9058.0,9015.0,8449.0
5745,8268.0,17949.0,8213.0,16953.0,8866.0,86763.0,18616.0,8393.0,18343.0,8900.0,8415.0
5746,7982.0,17732.0,8175.0,17649.0,9527.0,88271.0,18639.0,8586.0,17589.0,8964.0,8497.0
5747,8420.0,18512.0,8921.0,8611.0,17627.0,89589.0,18920.0,8715.0,8002.0,17919.0,8825.0
5748,8694.0,17979.0,7991.0,9290.0,18809.0,90469.0,17177.0,8989.0,17979.0,8265.0,8845.0
5749,8560.0,8272.0,7796.0,18843.0,8935.0,79331.0,18772.0,9135.0,18594.0,8552.0,8959.0
5750,8622.0,18115.0,7641.0,18685.0,9125.0,88603.0,17754.0,7657.0,18578.0,8852.0,8666.0
5751,8635.0,7998.0,9223.0,18266.0,9184.0,79379.0,17519.0,8828.0,18597.0,17801.0,8685.0
5752,8609.0,8552.0,9470.0,18577.0,8869.0,81423.0,17750.0,7809.0,19243.0,9327.0,9291.0
5753,8978.0,18896.0,8157.0,7977.0,17312.0,77111.0,17370.0,17164.0,7753.0,17746.0,7293.0
5754,8866.0,18276.0,8810.0,8543.0,17843.0,90344.0,17722.0,9131.0,8426.0,17906.0,9073.0
5755,8654.0,18299.0,8799.0,8440.0,17947.0,88390.0,19161.0,8347.0,17639.0,9629.0,8911.0
5756,8578.0,8151.0,9197.0,18481.0,8477.0,79228.0,18022.0,17544.0,7730.0,7721.0,7622.0
5757,8950.0,18311.0,9889.0,9129.0,18619.0,89788.0,8338.0,17524.0,9164.0,17980.0,7474.0
5758,8681.0,8171.0,8397.0,18023.0,7767.0,77632.0,18158.0,18370.0,8606.0,18405.0,8641.0
5759,8648.0,8693.0,8222.0,17679.0,7866.0,78242.0,18584.0,18166.0,8671.0,28083.0,8709.0
5760,8091.0,8169.0,9230.0,18408.0,8623.0,80126.0,18706.0,18047.0,8225.0,17824.0,8474.0
5761,8305.0,17842.0,9290.0,8406.0,18569.0,89729.0,18154.0,8680.0,17713.0,19182.0,8592.0
5762,8746.0,18263.0,8108.0,17754.0,9654.0,89621.0,17915.0,8552.0,17395.0,18055.0,8968.0
5763,8205.0,17546.0,9167.0,8992.0,18974.0,88621.0,8420.0,18573.0,8007.0,18446.0,8291.0
5764,7854.0,17488.0,8737.0,8092.0,8621.0,76257.0,18207.0,18341.0,8494.0,17584.0,7834.0
5765,8471.0,17619.0,9015.0,8892.0,18541.0,88619.0,8516.0,17821.0,8851.0,17797.0,8518.0
5766,8427.0,17940.0,9512.0,18194.0,8789.0,88797.0,18403.0,8748.0,17607.0,8174.0,8683.0
5767,9025.0,18515.0,8639.0,8052.0,17851.0,88364.0,8489.0,18293.0,8736.0,18259.0,7446.0
5768,8213.0,17915.0,9170.0,8584.0,17977.0,88801.0,17421.0,9032.0,8498.0,18725.0,8399.0
5769,9322.0,8983.0,8791.0,17929.0,8627.0,79867.0,18003.0,8665.0,17940.0,8037.0,7862.0
5770,8523.0,8295.0,9337.0,18154.0,8697.0,79011.0,18271.0,7959.0,17903.0,9224.0,8538.0
5771,8753.0,8568.0,7547.0,18713.0,9131.0,77380.0,18198.0,18245.0,8114.0,7799.0,7485.0
5772,8706.0,8473.0,9166.0,18314.0,8603.0,78976.0,17856.0,18670.0,8654.0,38054.0,8440.0
5773,8699.0,16913.0,8468.0,8789.0,18467.0,88623.0,9127.0,18607.0,8092.0,48698.0,9048.0
5774,9256.0,19086.0,9286.0,18344.0,8820.0,90954.0,18378.0,9465.0,8065.0,48827.0,7743.0
5775,9087.0,9221.0,8169.0,19064.0,8726.0,80624.0,18896.0,19065.0,8164.0,37491.0,7388.0
5776,8691.0,8444.0,8696.0,17899.0,7842.0,79113.0,19260.0,9498.0,18934.0,47755.0,8877.0
5777,8052.0,7800.0,9059.0,18036.0,8724.0,79128.0,18436.0,18247.0,9493.0,47872.0,8626.0
5778,8303.0,8195.0,9179.0,18787.0,8790.0,71011.0,16955.0,18934.0,8649.0,18722.0,
5779,8997.0,18635.0,7305.0,18542.0,8867.0,87556.0,18330.0,8423.0,18483.0,37691.0,7230.0
5780,8290.0,17774.0,9252.0,18590.0,9121.0,89705.0,18484.0,8659.0,7826.0,17708.0,8505.0
5781,8922.0,18325.0,7849.0,9164.0,18504.0,89307.0,18451.0,8769.0,18057.0,18861.0,8996.0
5782,8322.0,8272.0,8661.0,17723.0,8496.0,78866.0,17765.0,8388.0,17546.0,17532.0,8493.0
5783,8485.0,8236.0,8392.0,17324.0,7686.0,77403.0,18534.0,8981.0,17674.0,17953.0,8987.0
5784,9187.0,18547.0,8367.0,8046.0,17699.0,87507.0,18745.0,9029.0,17838.0,18066.0,7225.0
5785,8895.0,18279.0,8843.0,8696.0,18270.0,88276.0,9143.0,18140.0,8080.0,19193.0,7418.0
5786,8149.0,17916.0,9279.0,8837.0,8705.0,79345.0,17541.0,17868.0,9206.0,8599.0,8579.0
5787,8560.0,18414.0,8518.0,7995.0,17573.0,88099.0,17284.0,8527.0,17025.0,18740.0,8839.0
5788,8066.0,18305.0,8856.0,8233.0,18274.0,89046.0,8298.0,19266.0,8683.0,27932.0,8580.0
5789,8208.0,8158.0,9423.0,18606.0,9019.0,79388.0,17320.0,18379.0,8673.0,27497.0,8511.0
5790,8591.0,17836.0,9240.0,18462.0,8847.0,90812.0,18543.0,8503.0,7933.0,18292.0,8666.0
5791,8357.0,8451.0,9280.0,19159.0,9140.0,80779.0,18962.0,8057.0,18831.0,8895.0,8672.0
5792,8858.0,8620.0,9301.0,18893.0,8548.0,80965.0,19200.0,8894.0,18444.0,18012.0,8965.0
5793,7744.0,17999.0,9412.0,8952.0,18139.0,89122.0,17133.0,9038.0,18710.0,9183.0,8096.0
5794,7919.0,17687.0,8794.0,8095.0,18067.0,77235.0,17783.0,18895.0,8826.0,8553.0,8002.0
5795,9145.0,8951.0,17971.0,9050.0,9021.0,79750.0,18829.0,18849.0,9329.0,17769.0,7103.0
5796,9068.0,18630.0,9491.0,8895.0,18133.0,91036.0,8196.0,18183.0,9234.0,19055.0,7722.0
5797,8570.0,8626.0,9443.0,18809.0,9064.0,81048.0,18326.0,8464.0,18209.0,8473.0,8481.0
5798,8656.0,18473.0,9162.0,8536.0,18758.0,89834.0,8500.0,19131.0,9269.0,19188.0,8880.0
5799,19197.0,9282.0,8442.0,20108.0,9318.0,93288.0,18960.0,7878.0,8139.0,18143.0,9116.0
5800,8542.0,7959.0,9310.0,19013.0,8292.0,79450.0,18396.0,18369.0,9335.0,18795.0,8589.0
5801,8557.0,17975.0,9262.0,18684.0,8897.0,89781.0,18211.0,8541.0,17623.0,9530.0,8490.0
5802,8253.0,19358.0,8676.0,8470.0,18681.0,80646.0,18427.0,18703.0,8796.0,9220.0,8241.0
5803,8016.0,8091.0,9147.0,18265.0,8837.0,78922.0,19190.0,9508.0,19226.0,9274.0,8510.0
5804,9172.0,9110.0,8027.0,17493.0,7976.0,88498.0,19163.0,8436.0,17816.0,19062.0,9717.0
5805,8269.0,8065.0,9398.0,18648.0,9029.0,89145.0,9568.0,18676.0,8549.0,18220.0,8259.0
5806,8196.0,17973.0,8307.0,17560.0,7752.0,87881.0,17518.0,9277.0,18503.0,8632.0,8840.0
5807,8246.0,17807.0,8759.0,8431.0,18310.0,88419.0,9183.0,18801.0,8629.0,18640.0,8242.0
5808,9305.0,9205.0,9313.0,19065.0,8996.0,81363.0,18053.0,18750.0,9138.0,28159.0,7766.0
5809,9053.0,8934.0,8209.0,17165.0,8733.0,78211.0,18705.0,18518.0,9321.0,18945.0,7425.0
5810,8280.0,17986.0,8930.0,8597.0,18431.0,89981.0,17669.0,8636.0,8950.0,18807.0,8508.0
5811,8301.0,8440.0,8518.0,17232.0,9165.0,79091.0,18412.0,18555.0,9208.0,18867.0,8844.0
5812,8803.0,18473.0,9068.0,8463.0,18259.0,90520.0,18419.0,9259.0,9250.0,18957.0,8911.0
5813,8023.0,8053.0,8865.0,18405.0,8252.0,77663.0,18180.0,18770.0,8500.0,8511.0,8357.0
5814,7997.0,19686.0,9326.0,18760.0,8761.0,90373.0,17850.0,9013.0,19226.0,8779.0,8046.0
5815,9476.0,19012.0,9137.0,9058.0,18964.0,93195.0,18631.0,9193.0,19396.0,9751.0,8048.0
5816,8547.0,8591.0,9366.0,19235.0,8909.0,82544.0,18936.0,18119.0,9043.0,8833.0,8642.0
5817,8759.0,8586.0,8841.0,18691.0,7476.0,89176.0,8963.0,18833.0,7961.0,19024.0,9187.0
5818,8865.0,8787.0,7548.0,19042.0,8863.0,72165.0,18179.0,17932.0,9220.0,19125.0,
5819,9026.0,18478.0,8173.0,18655.0,8479.0,89791.0,17572.0,7275.0,18349.0,18713.0,7870.0
5820,7853.0,7270.0,9286.0,18639.0,8779.0,78877.0,17394.0,18078.0,8528.0,18335.0,8254.0
5821,8609.0,8474.0,8250.0,18026.0,7804.0,78612.0,17248.0,18916.0,9552.0,17813.0,8478.0
5822,8974.0,18981.0,8478.0,8146.0,18016.0,88419.0,17646.0,8758.0,18526.0,8450.0,7590.0
5823,7828.0,18917.0,8028.0,17694.0,9651.0,88762.0,17827.0,9475.0,18409.0,8521.0,8106.0
5824,7298.0,18851.0,8893.0,8261.0,18049.0,87878.0,18096.0,8523.0,17967.0,9101.0,8060.0
5825,8557.0,8486.0,9376.0,18848.0,9011.0,81208.0,18819.0,8587.0,18774.0,8724.0,8722.0
5826,7989.0,7935.0,8524.0,17835.0,7425.0,76087.0,17714.0,19114.0,8354.0,18368.0,8420.0
5827,8231.0,18132.0,8778.0,8033.0,18034.0,88533.0,19742.0,9236.0,18680.0,9247.0,8569.0
5828,9138.0,19353.0,9083.0,8214.0,17800.0,89548.0,18220.0,8153.0,18967.0,19121.0,7768.0
5829,8196.0,7876.0,9324.0,18169.0,8649.0,78905.0,17906.0,18654.0,7942.0,28256.0,8779.0
5830,8094.0,18210.0,8335.0,19380.0,9581.0,89524.0,19091.0,9595.0,19110.0,28432.0,8212.0
5831,8928.0,18459.0,8174.0,17374.0,9541.0,89510.0,18526.0,9378.0,18416.0,28505.0,8937.0
5832,8546.0,18230.0,9409.0,18482.0,8632.0,90500.0,19457.0,8458.0,19585.0,28651.0,8591.0
5833,8149.0,18319.0,9452.0,9101.0,18751.0,82316.0,17876.0,19533.0,8802.0,38409.0,8603.0
5834,8173.0,8244.0,10210.0,8668.0,18855.0,90358.0,9092.0,18599.0,9617.0,28924.0,8569.0
5835,8443.0,18361.0,8389.0,17306.0,9166.0,89948.0,19304.0,8791.0,18691.0,27738.0,8689.0
5836,9451.0,9205.0,8832.0,18403.0,8425.0,81915.0,19310.0,9150.0,18385.0,28611.0,8215.0
5837,9719.0,18989.0,9344.0,8658.0,18803.0,92780.0,19041.0,9627.0,7957.0,47817.0,7995.0
5838,9093.0,19134.0,8546.0,8261.0,17193.0,88308.0,8529.0,17841.0,7626.0,37561.0,7721.0
5839,8606.0,8391.0,9340.0,18698.0,8780.0,81888.0,18622.0,8739.0,18040.0,27727.0,8778.0
5840,9661.0,8915.0,8120.0,16809.0,9253.0,89479.0,17802.0,9213.0,18970.0,28678.0,18179.0
5841,9495.0,19290.0,9705.0,9123.0,18795.0,93497.0,18452.0,8903.0,9081.0,48631.0,8179.0
5842,8803.0,8323.0,8951.0,18270.0,7871.0,89870.0,17801.0,9567.0,18602.0,58099.0,10274.0
5843,9110.0,8745.0,18334.0,9204.0,8890.0,81297.0,18356.0,18159.0,9313.0,58190.0,9068.0
5844,8923.0,8693.0,9330.0,18779.0,8781.0,81975.0,19485.0,9322.0,19245.0,48802.0,9252.0
5845,9348.0,19345.0,8548.0,8483.0,17853.0,90954.0,19509.0,8703.0,18357.0,38098.0,8178.0
5846,8527.0,8383.0,9449.0,19319.0,9201.0,81522.0,18196.0,18027.0,9356.0,47719.0,9036.0
5847,8553.0,18673.0,8181.0,18786.0,8658.0,90565.0,18940.0,8627.0,18351.0,47807.0,8430.0
5848,7790.0,9252.0,9462.0,18843.0,8706.0,81245.0,17962.0,18485.0,9889.0,48950.0,8422.0
5849,8533.0,8324.0,8483.0,18147.0,9081.0,79441.0,19148.0,8893.0,18581.0,28295.0,8798.0
5850,9175.0,19192.0,9487.0,8824.0,18329.0,90916.0,19170.0,9057.0,9228.0,38141.0,8064.0
5851,8915.0,8793.0,9050.0,18160.0,8398.0,81451.0,18289.0,9005.0,17906.0,37480.0,8963.0
5852,8253.0,8183.0,18232.0,9486.0,9164.0,79546.0,18163.0,18051.0,8892.0,38098.0,8364.0
5853,8274.0,8940.0,8962.0,18389.0,8618.0,80860.0,19105.0,18241.0,8487.0,38604.0,8841.0
5854,8931.0,8716.0,9031.0,18593.0,8983.0,81774.0,18912.0,9194.0,9313.0,38246.0,8954.0
5855,8582.0,17959.0,9156.0,8809.0,18351.0,89298.0,8658.0,18835.0,8854.0,28471.0,8593.0
5856,9492.0,19115.0,9552.0,9157.0,18929.0,92972.0,18115.0,9143.0,8940.0,37866.0,7876.0
5857,8406.0,18055.0,7337.0,9078.0,18804.0,88318.0,9128.0,19066.0,8943.0,48396.0,8592.0
5858,8936.0,19034.0,8056.0,9051.0,18841.0,81737.0,8961.0,18079.0,7189.0,28169.0,
5859,8933.0,18651.0,8673.0,8532.0,18240.0,80984.0,18361.0,19001.0,8339.0,57387.0,8924.0
5860,8866.0,18230.0,8592.0,7987.0,17848.0,78786.0,18954.0,17743.0,8990.0,49079.0,7887.0
5861,9382.0,19168.0,8530.0,8124.0,18176.0,81202.0,18532.0,18826.0,7864.0,38532.0,8177.0
5862,8090.0,7961.0,9531.0,18299.0,8213.0,79683.0,19163.0,8516.0,17669.0,39121.0,8687.0
5863,9275.0,8838.0,8290.0,17838.0,8110.0,79964.0,19058.0,8486.0,16914.0,48210.0,9276.0
5864,8624.0,8777.0,9307.0,18842.0,8764.0,81537.0,19161.0,7979.0,18481.0,48603.0,8945.0
5865,9617.0,9228.0,18155.0,9589.0,7862.0,81430.0,17644.0,19183.0,9100.0,28000.0,7932.0
5866,7993.0,19418.0,9365.0,8870.0,18026.0,90560.0,18507.0,9359.0,8644.0,38119.0,7928.0
5867,7858.0,9305.0,7796.0,19025.0,9253.0,79822.0,18688.0,9361.0,18919.0,38010.0,8457.0
5868,8338.0,18085.0,9553.0,9136.0,18483.0,89299.0,8889.0,18619.0,8231.0,47748.0,8159.0
5869,8177.0,17913.0,9249.0,8770.0,18015.0,89115.0,18902.0,8666.0,18695.0,56827.0,8411.0
5870,8867.0,18565.0,8364.0,9198.0,18538.0,89712.0,17668.0,8375.0,17049.0,48204.0,8664.0
5871,8865.0,8803.0,8549.0,17706.0,7931.0,79403.0,17778.0,18124.0,9413.0,28587.0,8977.0
5872,9174.0,19100.0,8610.0,8429.0,17996.0,90758.0,18327.0,9693.0,19065.0,29195.0,8964.0
5873,8939.0,18879.0,8442.0,9247.0,19560.0,90694.0,8386.0,17735.0,9156.0,38573.0,7340.0
5874,9339.0,19230.0,8810.0,8606.0,17320.0,90220.0,8562.0,18020.0,9272.0,29119.0,7729.0
5875,8669.0,8596.0,8134.0,19262.0,9215.0,81461.0,17764.0,9177.0,18385.0,18559.0,9176.0
5876,8597.0,18757.0,8255.0,17441.0,9095.0,88596.0,19148.0,16567.0,9360.0,19248.0,8835.0
5877,8554.0,8449.0,18579.0,8980.0,18806.0,90854.0,9160.0,18446.0,8413.0,18111.0,8645.0
5878,8758.0,8186.0,8662.0,18030.0,8312.0,79547.0,18843.0,18792.0,8273.0,18072.0,8728.0
5879,8842.0,18754.0,9446.0,8914.0,8692.0,81503.0,18132.0,18640.0,8451.0,18684.0,9063.0
5880,8193.0,8053.0,9038.0,19308.0,9131.0,80831.0,17831.0,8127.0,18175.0,18205.0,8499.0
5881,8484.0,8325.0,9211.0,18907.0,9210.0,81365.0,19064.0,7862.0,18804.0,28801.0,8796.0
5882,8767.0,18231.0,7341.0,18415.0,8640.0,87825.0,18381.0,8350.0,8547.0,28685.0,8664.0
5883,8326.0,17853.0,9332.0,8391.0,18387.0,79999.0,18347.0,18460.0,8716.0,17961.0,8164.0
5884,8446.0,18731.0,8568.0,8195.0,19084.0,90746.0,18329.0,8035.0,18988.0,8802.0,8648.0
5885,8200.0,8128.0,18296.0,9113.0,18647.0,90317.0,8961.0,18929.0,9035.0,19071.0,8380.0
5886,9137.0,18744.0,8967.0,8335.0,18789.0,90673.0,9182.0,19238.0,8600.0,18506.0,9058.0
5887,9675.0,9165.0,9368.0,19230.0,9197.0,83361.0,19089.0,9206.0,18407.0,18013.0,8146.0
5888,8882.0,8711.0,8590.0,18108.0,7900.0,79858.0,18770.0,17677.0,9084.0,19457.0,9081.0
5889,8356.0,18084.0,9569.0,18875.0,8813.0,92014.0,18514.0,9408.0,18711.0,8616.0,8952.0
5890,8060.0,7846.0,8525.0,17834.0,8076.0,76827.0,18943.0,8756.0,18222.0,18396.0,8293.0
5891,8178.0,8039.0,9269.0,18582.0,8733.0,80412.0,17944.0,9292.0,18786.0,18768.0,8476.0
5892,8763.0,17939.0,9313.0,18733.0,9125.0,90710.0,17682.0,8167.0,19069.0,9268.0,8759.0
5893,8947.0,8813.0,8943.0,18149.0,7980.0,80950.0,19083.0,18983.0,9057.0,19141.0,9044.0
5894,8284.0,8162.0,9411.0,18710.0,9413.0,80876.0,18153.0,8319.0,18411.0,8770.0,8756.0
5895,8868.0,8865.0,8092.0,18795.0,8809.0,80276.0,18322.0,9400.0,18157.0,18184.0,9284.0
5896,8271.0,18029.0,9152.0,8981.0,18536.0,80962.0,18504.0,18545.0,8702.0,17584.0,8307.0
5897,8794.0,18493.0,7855.0,9168.0,19275.0,90817.0,8843.0,18855.0,8712.0,18608.0,8699.0
5898,9477.0,19302.0,8994.0,8603.0,18769.0,91904.0,9477.0,18907.0,8740.0,18081.0,7662.0
5899,8824.0,18495.0,8172.0,9350.0,19222.0,81936.0,9021.0,18781.0,8163.0,8772.0,
5900,8806.0,18602.0,7470.0,8776.0,18654.0,90332.0,18393.0,8834.0,8928.0,38444.0,8989.0
5901,8522.0,17891.0,9032.0,8047.0,18006.0,79020.0,18281.0,18485.0,8493.0,18116.0,8719.0
5902,9235.0,8899.0,8813.0,18125.0,8722.0,79504.0,18992.0,17958.0,9519.0,19126.0,7641.0
5903,8323.0,8287.0,8884.0,18152.0,8456.0,78577.0,18193.0,18059.0,8814.0,18728.0,8551.0
5904,8800.0,18315.0,9479.0,18530.0,8965.0,92206.0,19494.0,9075.0,18353.0,18132.0,8813.0
5905,9104.0,19508.0,8305.0,18990.0,9164.0,90719.0,18981.0,8170.0,17214.0,9477.0,7553.0
5906,9072.0,19074.0,8360.0,8099.0,18319.0,89712.0,9109.0,18307.0,7277.0,19326.0,7441.0
5907,8184.0,9311.0,8694.0,18055.0,8536.0,79127.0,18627.0,9350.0,19320.0,9312.0,8628.0
5908,8700.0,8215.0,7989.0,18867.0,8868.0,80265.0,19027.0,18742.0,8321.0,18308.0,8574.0
5909,8833.0,18430.0,8361.0,19062.0,9194.0,90555.0,18644.0,8655.0,17785.0,7903.0,8832.0
5910,8712.0,18800.0,8836.0,8438.0,18364.0,81009.0,18333.0,18782.0,9032.0,18034.0,8817.0
5911,9226.0,9236.0,9136.0,18114.0,7471.0,79388.0,18852.0,8838.0,18482.0,18284.0,8079.0
5912,9159.0,8999.0,9435.0,18805.0,8556.0,79926.0,17785.0,19091.0,8767.0,18788.0,7401.0
5913,9234.0,9229.0,8514.0,18078.0,9009.0,79709.0,18791.0,8400.0,9720.0,18846.0,7421.0
5914,8890.0,8585.0,9685.0,18803.0,9007.0,91469.0,8909.0,18283.0,8063.0,17558.0,8988.0
5915,8749.0,8913.0,8551.0,9874.0,8041.0,80929.0,19366.0,18163.0,9381.0,18507.0,9082.0
5916,9006.0,8758.0,8175.0,19389.0,9308.0,82086.0,18687.0,8576.0,18738.0,18768.0,9342.0
5917,9179.0,18673.0,8278.0,8417.0,18411.0,89879.0,19322.0,9074.0,19189.0,18616.0,7551.0
5918,9186.0,18901.0,9539.0,18377.0,8633.0,93199.0,18314.0,8548.0,8762.0,28347.0,9301.0
5919,8942.0,19051.0,9672.0,18855.0,8571.0,93926.0,17833.0,8738.0,18244.0,18236.0,9056.0
5920,8224.0,18307.0,8955.0,8078.0,18068.0,88854.0,18408.0,9828.0,9397.0,18968.0,8529.0
5921,8351.0,7965.0,18309.0,9872.0,8111.0,78792.0,18201.0,16857.0,9283.0,18399.0,8387.0
5922,9547.0,9530.0,8674.0,18207.0,8535.0,80745.0,17866.0,8956.0,18362.0,8453.0,8434.0
5923,9561.0,9474.0,9295.0,18983.0,18569.0,83512.0,18309.0,18224.0,8992.0,18587.0,8054.0
5924,7911.0,17965.0,9434.0,8969.0,19260.0,89300.0,8590.0,18079.0,9009.0,18642.0,8308.0
5925,8697.0,18656.0,8296.0,16866.0,8633.0,87915.0,17985.0,9241.0,8775.0,18131.0,8898.0
5926,8252.0,8274.0,9802.0,9160.0,18878.0,79802.0,18829.0,19306.0,8747.0,18665.0,8079.0
5927,9039.0,9222.0,17978.0,8553.0,18842.0,90849.0,8992.0,18115.0,8199.0,18099.0,7586.0
5928,8975.0,8798.0,9023.0,18194.0,9075.0,81365.0,18795.0,18943.0,8662.0,18129.0,9048.0
5929,9320.0,9115.0,18365.0,9519.0,7776.0,80354.0,18816.0,18818.0,9246.0,18999.0,7756.0
5930,8822.0,18367.0,8597.0,8305.0,17765.0,89729.0,18961.0,8464.0,18294.0,19773.0,8688.0
5931,8675.0,18252.0,8501.0,17652.0,8967.0,90046.0,17367.0,9004.0,17265.0,9072.0,8762.0
5932,8880.0,19195.0,9378.0,9074.0,18637.0,91078.0,9109.0,18421.0,9148.0,29245.0,7377.0
5933,8431.0,8057.0,8218.0,19334.0,9143.0,80333.0,19060.0,18299.0,9290.0,19136.0,8449.0
5934,9155.0,8895.0,8991.0,18683.0,8802.0,81136.0,18321.0,17569.0,9069.0,19083.0,9071.0
5935,8857.0,8818.0,8974.0,18296.0,9376.0,81515.0,18455.0,18308.0,8004.0,18292.0,9030.0
5936,9081.0,19068.0,8385.0,18915.0,8749.0,92616.0,19120.0,8673.0,18631.0,9264.0,9218.0
5937,8745.0,18825.0,9366.0,8735.0,18746.0,81786.0,17665.0,18143.0,9176.0,18679.0,8755.0
5938,8887.0,18253.0,9170.0,18390.0,9165.0,91169.0,17800.0,9340.0,18934.0,18348.0,8926.0
5939,8649.0,8333.0,9247.0,18874.0,9229.0,72308.0,18688.0,8810.0,18176.0,18369.0,
5940,8218.0,7850.0,8541.0,18244.0,8112.0,78210.0,19010.0,9238.0,18539.0,18405.0,8388.0
5941,8941.0,18671.0,9236.0,19009.0,9066.0,92075.0,18093.0,9571.0,9222.0,18913.0,9082.0
5942,8087.0,18194.0,9160.0,9172.0,18191.0,80546.0,18698.0,18195.0,8578.0,18126.0,8312.0
5943,8467.0,18294.0,9524.0,18642.0,8135.0,91216.0,18048.0,8059.0,18803.0,8786.0,8789.0
5944,8842.0,18671.0,7913.0,19048.0,9037.0,90802.0,18909.0,8727.0,8203.0,18402.0,8879.0
5945,8883.0,18648.0,8417.0,17226.0,9624.0,89751.0,18342.0,7286.0,19253.0,18916.0,8776.0
5946,8837.0,8786.0,8897.0,18343.0,8373.0,90603.0,18403.0,7994.0,17656.0,7983.0,10061.0
5947,8053.0,17088.0,8194.0,17037.0,9146.0,85524.0,18604.0,8203.0,16924.0,8833.0,7777.0
5948,8385.0,18226.0,9593.0,18628.0,8874.0,90141.0,19045.0,9229.0,9447.0,18691.0,8370.0
5949,8276.0,8879.0,9323.0,18333.0,8898.0,80329.0,18183.0,8391.0,18816.0,8746.0,9106.0
5950,8745.0,8741.0,18068.0,7803.0,17845.0,89171.0,9125.0,18840.0,8316.0,17571.0,9083.0
5951,8797.0,8418.0,8213.0,19210.0,8936.0,81036.0,17481.0,18751.0,8635.0,8492.0,8713.0
5952,8686.0,17954.0,9243.0,8844.0,19034.0,81977.0,18289.0,17875.0,7406.0,9404.0,8552.0
5953,8918.0,18786.0,9138.0,18602.0,9008.0,91652.0,7967.0,18408.0,8418.0,18102.0,9058.0
5954,8993.0,8653.0,8065.0,18893.0,9254.0,80571.0,18683.0,8443.0,18308.0,8889.0,9089.0
5955,9297.0,19025.0,8186.0,7930.0,17557.0,78748.0,18736.0,18952.0,8757.0,18088.0,7472.0
5956,8536.0,18165.0,8827.0,18112.0,8839.0,90013.0,17616.0,8003.0,19005.0,9065.0,8611.0
5957,8940.0,8326.0,8100.0,17167.0,9050.0,78099.0,17999.0,9158.0,18538.0,8886.0,8873.0
5958,8493.0,18272.0,9338.0,18716.0,8858.0,91248.0,18423.0,8704.0,8886.0,19107.0,8479.0
5959,8009.0,8162.0,9307.0,18860.0,8583.0,80390.0,17893.0,9385.0,17997.0,18027.0,8590.0
5960,9178.0,19107.0,8287.0,18191.0,9795.0,90676.0,18704.0,8180.0,19412.0,19185.0,7291.0
5961,8898.0,8757.0,8452.0,18036.0,8026.0,80212.0,18898.0,18936.0,8265.0,37341.0,9129.0
5962,8593.0,8376.0,8315.0,19050.0,8546.0,81672.0,17935.0,9384.0,18850.0,28769.0,9309.0
5963,8921.0,18595.0,8914.0,8287.0,18381.0,91060.0,19407.0,8545.0,8187.0,9672.0,8911.0
5964,8098.0,17867.0,9529.0,18883.0,8797.0,90094.0,8016.0,18058.0,8425.0,18694.0,8411.0
5965,9201.0,8921.0,18273.0,8798.0,9090.0,79884.0,18338.0,18498.0,8139.0,18086.0,7795.0
5966,8041.0,8041.0,18045.0,8775.0,9272.0,79213.0,18986.0,18479.0,8356.0,28509.0,8411.0
5967,8617.0,18087.0,9147.0,18804.0,9021.0,91138.0,19111.0,9173.0,19320.0,18624.0,8292.0
5968,8841.0,8731.0,9778.0,9381.0,9498.0,80345.0,18017.0,18342.0,9444.0,19038.0,7638.0
5969,8520.0,18263.0,7292.0,9233.0,18771.0,88145.0,18204.0,9150.0,8325.0,18712.0,8749.0
5970,7927.0,9129.0,8556.0,18499.0,8622.0,79367.0,17954.0,18715.0,9409.0,19041.0,7825.0
5971,8714.0,18386.0,9155.0,18815.0,8347.0,91411.0,17675.0,7785.0,19572.0,8628.0,8833.0
5972,8617.0,8353.0,18109.0,9580.0,7844.0,79746.0,18826.0,19023.0,9304.0,18953.0,8757.0
5973,9032.0,19140.0,9104.0,8913.0,18646.0,82036.0,17345.0,18901.0,8491.0,18549.0,7590.0
5974,8543.0,18338.0,7367.0,9065.0,18734.0,89056.0,9181.0,17970.0,19248.0,8807.0,8780.0
5975,8395.0,17854.0,9307.0,8948.0,18791.0,90755.0,17606.0,9146.0,8596.0,18873.0,8431.0
5976,8718.0,18288.0,9152.0,8863.0,19096.0,92169.0,8727.0,18317.0,8955.0,18563.0,8919.0
5977,9214.0,8875.0,9065.0,18744.0,9051.0,83358.0,18152.0,8041.0,18565.0,19267.0,9208.0
5978,9238.0,8923.0,9223.0,18652.0,8371.0,80405.0,18426.0,18674.0,8260.0,17790.0,7967.0
5979,7987.0,7942.0,8147.0,19253.0,9277.0,70542.0,18477.0,18648.0,8342.0,85648.0,
5980,8842.0,8454.0,8053.0,18906.0,9169.0,80758.0,19122.0,9416.0,18787.0,68295.0,8936.0
5981,8522.0,8299.0,8135.0,17757.0,8214.0,79240.0,17887.0,9126.0,18743.0,67666.0,8846.0
5982,7244.0,19668.0,8947.0,8345.0,18259.0,90068.0,17909.0,9392.0,9138.0,67846.0,8378.0
5983,8725.0,8842.0,8809.0,18302.0,8374.0,81017.0,17928.0,9232.0,18468.0,57415.0,8982.0
5984,9013.0,9089.0,9131.0,18798.0,8515.0,80757.0,18572.0,18490.0,9379.0,46370.0,7596.0
5985,9224.0,9155.0,8861.0,18428.0,8627.0,82217.0,17592.0,8077.0,17742.0,47573.0,8925.0
5986,8417.0,8267.0,9522.0,18749.0,8834.0,79543.0,18506.0,19221.0,9190.0,48330.0,8290.0
5987,8079.0,8149.0,9248.0,18729.0,8702.0,79871.0,18077.0,18173.0,9272.0,58516.0,8322.0
5988,8326.0,17671.0,9033.0,8883.0,18458.0,88757.0,9062.0,18095.0,9367.0,58317.0,8224.0
5989,8860.0,8738.0,7623.0,19446.0,9085.0,79047.0,18037.0,18248.0,8993.0,48066.0,7437.0
5990,8970.0,18516.0,7858.0,19160.0,8329.0,91113.0,18463.0,9247.0,9355.0,46769.0,9019.0
5991,8691.0,18051.0,8646.0,8478.0,18178.0,89469.0,8946.0,18351.0,7987.0,57077.0,8693.0
5992,7790.0,19037.0,8784.0,8022.0,18354.0,79982.0,18374.0,18076.0,9473.0,48311.0,8206.0
5993,9054.0,8984.0,7827.0,19925.0,9391.0,80377.0,18501.0,17436.0,9334.0,38611.0,7355.0
5994,9420.0,18537.0,8672.0,8097.0,18511.0,90223.0,9671.0,18891.0,8729.0,47932.0,7949.0
5995,8778.0,8742.0,7483.0,19046.0,9120.0,80193.0,19068.0,9035.0,18936.0,38477.0,9111.0
5996,8301.0,8362.0,18767.0,9675.0,8598.0,81608.0,17666.0,18419.0,9412.0,47881.0,8819.0
5997,8770.0,8484.0,8992.0,18344.0,8566.0,81117.0,18983.0,18453.0,9115.0,37973.0,8997.0
5998,7980.0,7985.0,9411.0,18618.0,9153.0,79609.0,18127.0,9070.0,18892.0,38398.0,8357.0
5999,8620.0,8617.0,7961.0,19223.0,9170.0,80159.0,18561.0,18202.0,9160.0,38231.0,8897.0
6000,8353.0,17643.0,7122.0,8755.0,19521.0,87905.0,9213.0,18481.0,9413.0,58263.0,8341.0
6001,8103.0,17352.0,9322.0,8882.0,19008.0,80563.0,19252.0,18556.0,8701.0,58407.0,8107.0
6002,9115.0,8840.0,18345.0,9480.0,8282.0,80500.0,18631.0,18682.0,8701.0,57258.0,7436.0
6003,8763.0,8209.0,9644.0,19356.0,9350.0,82889.0,18395.0,7897.0,18616.0,68240.0,8728.0
6004,9585.0,19151.0,9524.0,8729.0,17974.0,92288.0,9080.0,18359.0,7626.0,59240.0,8020.0
6005,9088.0,18734.0,9186.0,9175.0,19692.0,93971.0,9631.0,19294.0,8816.0,78630.0,8764.0
6006,8677.0,18023.0,7494.0,8893.0,18388.0,89647.0,18482.0,8467.0,17968.0,68867.0,8453.0
6007,8277.0,17022.0,8322.0,8353.0,18570.0,87824.0,17586.0,9137.0,18247.0,58391.0,8212.0
6008,9241.0,19264.0,8744.0,8179.0,8510.0,80360.0,18683.0,19190.0,8307.0,66845.0,7725.0
6009,8984.0,8582.0,8008.0,19189.0,9323.0,81390.0,18889.0,8855.0,18686.0,58275.0,9298.0
6010,7945.0,19259.0,8588.0,17692.0,8311.0,87980.0,18578.0,9241.0,18758.0,37455.0,8319.0
6011,8773.0,18653.0,9272.0,18766.0,8659.0,91288.0,17521.0,7962.0,19231.0,19206.0,8566.0
6012,8498.0,8515.0,9500.0,18920.0,9098.0,81681.0,18145.0,18866.0,8968.0,18787.0,8671.0
6013,7951.0,7810.0,8963.0,18453.0,8764.0,79907.0,18729.0,9102.0,18814.0,8658.0,8306.0
6014,8385.0,7997.0,9233.0,19156.0,9264.0,80409.0,17940.0,18632.0,8930.0,9084.0,8452.0
6015,8945.0,8401.0,9026.0,18078.0,8554.0,81196.0,17315.0,18565.0,8652.0,19336.0,9000.0
6016,8333.0,7577.0,9368.0,19019.0,9501.0,80861.0,19372.0,8723.0,18066.0,8286.0,8359.0
6017,8823.0,8675.0,9246.0,18508.0,8697.0,81134.0,17937.0,9223.0,18664.0,8567.0,9025.0
6018,8662.0,18903.0,8943.0,8340.0,18773.0,91699.0,9174.0,18345.0,8780.0,18598.0,8589.0
6019,,,,,,,,,,,
6020,,,,,,,,,,,
6021,,,,,,,,,,,
6022,,,,,,,,,,,
6023,,,,,,,,,,,
6024,,,,,,,,,,,
6025,,,,,,,,,,,
6026,,,,,,,,,,,
6027,,,,,,,,,,,
6028,,,,,,,,,,,
6029,,,,,,,,,,,
6030,,,,,,,,,,,
6031,,,,,,,,,,,
6032,,,,,,,,,,,
6033,,,,,,,,,,,
6034,,,,,,,,,,,
6035,,,,,,,,,,,
6036,,,,,,,,,,,
6037,,,,,,,,,,,
6038,,,,,,,,,,,
6039,,,,,,,,,,,
6040,,,,,,,,,,,
6041,,,,,,,,,,,
6042,,,,,,,,,,,
6043,,,,,,,,,,,
6044,,,,,,,,,,,
6045,,,,,,,,,,,
6046,,,,,,,,,,,
6047,,,,,,,,,,,
6048,,,,,,,,,,,
6049,,,,,,,,,,,
6050,,,,,,,,,,,
6051,,,,,,,,,,,
6052,,,,,,,,,,,
6053,,,,,,,,,,,
6054,,,,,,,,,,,
6055,,,,,,,,,,,
6056,,,,,,,,,,,
6057,,,,,,,,,,,
6058,,,,,,,,,,,
6059,,,,,,,,,,,
6060,,,,,,,,,,,
6061,,,,,,,,,,,
6062,,,,,,,,,,,
6063,,,,,,,,,,,
6064,,,,,,,,,,,
6065,,,,,,,,,,,
6066,,,,,,,,,,,
6067,,,,,,,,,,,
6068,,,,,,,,,,,
6069,,,,,,,,,,,
6070,,,,,,,,,,,
6071,,,,,,,,,,,
6072,,,,,,,,,,,
6073,,,,,,,,,,,
6074,,,,,,,,,,,
6075,,,,,,,,,,,
6076,,,,,,,,,,,
6077,,,,,,,,,,,
6078,,,,,,,,,,,
6079,,,,,,,,,,,
6080,,,,,,,,,,,
6081,,,,,,,,,,,
6082,,,,,,,,,,,
6083,,,,,,,,,,,
6084,,,,,,,,,,,
6085,,,,,,,,,,,
6086,,,,,,,,,,,
6087,,,,,,,,,,,
6088,,,,,,,,,,,
6089,,,,,,,,,,,
6090,,,,,,,,,,,
6091,,,,,,,,,,,
6092,,,,,,,,,,,
6093,,,,,,,,,,,
6094,,,,,,,,,,,
6095,,,,,,,,,,,
6096,,,,,,,,,,,
6097,,,,,,,,,,,
6098,,,,,,,,,,,
6099,,,,,,,,,,,
6100,,,,,,,,,,,
6101,,,,,,,,,,,
6102,,,,,,,,,,,
6103,,,,,,,,,,,
6104,,,,,,,,,,,
6105,,,,,,,,,,,
6106,,,,,,,,,,,
6107,,,,,,,,,,,
6108,,,,,,,,,,,
6109,,,,,,,,,,,
6110,,,,,,,,,,,
6111,,,,,,,,,,,
6112,,,,,,,,,,,
6113,,,,,,,,,,,
6114,,,,,,,,,,,
6115,,,,,,,,,,,
6116,,,,,,,,,,,
6117,,,,,,,,,,,
6118,,,,,,,,,,,
6119,,,,,,,,,,,
6120,,,,,,,,,,,
6121,,,,,,,,,,,
6122,,,,,,,,,,,
6123,,,,,,,,,,,
6124,,,,,,,,,,,
6125,,,,,,,,,,,
6126,,,,,,,,,,,
6127,,,,,,,,,,,
6128,,,,,,,,,,,
6129,,,,,,,,,,,
6130,,,,,,,,,,,
6131,,,,,,,,,,,
6132,,,,,,,,,,,
6133,,,,,,,,,,,
6134,,,,,,,,,,,
6135,,,,,,,,,,,
6136,,,,,,,,,,,
6137,,,,,,,,,,,
6138,,,,,,,,,,,
6139,,,,,,,,,,,
6140,,,,,,,,,,,
6141,,,,,,,,,,,
6142,,,,,,,,,,,
6143,,,,,,,,,,,
6144,,,,,,,,,,,
6145,,,,,,,,,,,
6146,,,,,,,,,,,
6147,,,,,,,,,,,
6148,,,,,,,,,,,
6149,,,,,,,,,,,
6150,,,,,,,,,,,
6151,,,,,,,,,,,
6152,,,,,,,,,,,
6153,,,,,,,,,,,
6154,,,,,,,,,,,
6155,,,,,,,,,,,
6156,,,,,,,,,,,
6157,,,,,,,,,,,
6158,,,,,,,,,,,
6159,,,,,,,,,,,
6160,,,,,,,,,,,
6161,,,,,,,,,,,
6162,,,,,,,,,,,
6163,,,,,,,,,,,
6164,,,,,,,,,,,
6165,,,,,,,,,,,
6166,,,,,,,,,,,
6167,,,,,,,,,,,
6168,,,,,,,,,,,
6169,,,,,,,,,,,
6170,,,,,,,,,,,
6171,,,,,,,,,,,
6172,,,,,,,,,,,
6173,,,,,,,,,,,
6174,,,,,,,,,,,
6175,,,,,,,,,,,
6176,,,,,,,,,,,
6177,,,,,,,,,,,
6178,,,,,,,,,,,
6179,,,,,,,,,,,
6180,,,,,,,,,,,
6181,,,,,,,,,,,
6182,,,,,,,,,,,
6183,,,,,,,,,,,
6184,,,,,,,,,,,
6185,,,,,,,,,,,
6186,,,,,,,,,,,
6187,,,,,,,,,,,
6188,,,,,,,,,,,
6189,,,,,,,,,,,
6190,,,,,,,,,,,
6191,,,,,,,,,,,
6192,,,,,,,,,,,
6193,,,,,,,,,,,
6194,,,,,,,,,,,
6195,,,,,,,,,,,
6196,,,,,,,,,,,
6197,,,,,,,,,,,
6198,,,,,,,,,,,
6199,,,,,,,,,,,
6200,,,,,,,,,,,
6201,,,,,,,,,,,
6202,,,,,,,,,,,
6203,,,,,,,,,,,
6204,,,,,,,,,,,
6205,,,,,,,,,,,
6206,,,,,,,,,,,
6207,,,,,,,,,,,
6208,,,,,,,,,,,
6209,,,,,,,,,,,
6210,,,,,,,,,,,
6211,,,,,,,,,,,
6212,,,,,,,,,,,
6213,,,,,,,,,,,
6214,,,,,,,,,,,
6215,,,,,,,,,,,
6216,,,,,,,,,,,
6217,,,,,,,,,,,
6218,,,,,,,,,,,
6219,,,,,,,,,,,
6220,,,,,,,,,,,
6221,,,,,,,,,,,
6222,,,,,,,,,,,
6223,,,,,,,,,,,
6224,,,,,,,,,,,
6225,,,,,,,,,,,
6226,,,,,,,,,,,
6227,,,,,,,,,,,
6228,,,,,,,,,,,
6229,,,,,,,,,,,
6230,,,,,,,,,,,
6231,,,,,,,,,,,
6232,,,,,,,,,,,
6233,,,,,,,,,,,
6234,,,,,,,,,,,
6235,,,,,,,,,,,
6236,,,,,,,,,,,
6237,,,,,,,,,,,
6238,,,,,,,,,,,
6239,,,,,,,,,,,
6240,,,,,,,,,,,
6241,,,,,,,,,,,
6242,,,,,,,,,,,
6243,,,,,,,,,,,
6244,,,,,,,,,,,
6245,,,,,,,,,,,
6246,,,,,,,,,,,
6247,,,,,,,,,,,
6248,,,,,,,,,,,
6249,,,,,,,,,,,
6250,,,,,,,,,,,
6251,,,,,,,,,,,
6252,,,,,,,,,,,
6253,,,,,,,,,,,
6254,,,,,,,,,,,
6255,,,,,,,,,,,
6256,,,,,,,,,,,
6257,,,,,,,,,,,
6258,,,,,,,,,,,
6259,,,,,,,,,,,
6260,,,,,,,,,,,
6261,,,,,,,,,,,
6262,,,,,,,,,,,
6263,,,,,,,,,,,
6264,,,,,,,,,,,
6265,,,,,,,,,,,
6266,,,,,,,,,,,
6267,,,,,,,,,,,
6268,,,,,,,,,,,
6269,,,,,,,,,,,
6270,,,,,,,,,,,
6271,,,,,,,,,,,
6272,,,,,,,,,,,
6273,,,,,,,,,,,
6274,,,,,,,,,,,
6275,,,,,,,,,,,
6276,,,,,,,,,,,
6277,,,,,,,,,,,
6278,,,,,,,,,,,
6279,,,,,,,,,,,
6280,,,,,,,,,,,
6281,,,,,,,,,,,
6282,,,,,,,,,,,
6283,,,,,,,,,,,
6284,,,,,,,,,,,
6285,,,,,,,,,,,
6286,,,,,,,,,,,
6287,,,,,,,,,,,
6288,,,,,,,,,,,
6289,,,,,,,,,,,
6290,,,,,,,,,,,
6291,,,,,,,,,,,
6292,,,,,,,,,,,
6293,,,,,,,,,,,
6294,,,,,,,,,,,
6295,,,,,,,,,,,
6296,,,,,,,,,,,
6297,,,,,,,,,,,
6298,,,,,,,,,,,
6299,,,,,,,,,,,
6300,,,,,,,,,,,
6301,,,,,,,,,,,
6302,,,,,,,,,,,
6303,,,,,,,,,,,
6304,,,,,,,,,,,
6305,,,,,,,,,,,
6306,,,,,,,,,,,
6307,,,,,,,,,,,
6308,,,,,,,,,,,
6309,,,,,,,,,,,
6310,,,,,,,,,,,
6311,,,,,,,,,,,
6312,,,,,,,,,,,
6313,,,,,,,,,,,
6314,,,,,,,,,,,
6315,,,,,,,,,,,
6316,,,,,,,,,,,
6317,,,,,,,,,,,
6318,,,,,,,,,,,
6319,,,,,,,,,,,
6320,,,,,,,,,,,
6321,,,,,,,,,,,
6322,,,,,,,,,,,
6323,,,,,,,,,,,
6324,,,,,,,,,,,
6325,,,,,,,,,,,
6326,,,,,,,,,,,
6327,,,,,,,,,,,
6328,,,,,,,,,,,
6329,,,,,,,,,,,
6330,,,,,,,,,,,
6331,,,,,,,,,,,
6332,,,,,,,,,,,
6333,,,,,,,,,,,
6334,,,,,,,,,,,
6335,,,,,,,,,,,
6336,,,,,,,,,,,
6337,,,,,,,,,,,
6338,,,,,,,,,,,
6339,,,,,,,,,,,
6340,,,,,,,,,,,
6341,,,,,,,,,,,
6342,,,,,,,,,,,
6343,,,,,,,,,,,
6344,,,,,,,,,,,
6345,,,,,,,,,,,
6346,,,,,,,,,,,
6347,,,,,,,,,,,
6348,,,,,,,,,,,
6349,,,,,,,,,,,
6350,,,,,,,,,,,
6351,,,,,,,,,,,
6352,,,,,,,,,,,
6353,,,,,,,,,,,
6354,,,,,,,,,,,
6355,,,,,,,,,,,
6356,,,,,,,,,,,
6357,,,,,,,,,,,
6358,,,,,,,,,,,
6359,,,,,,,,,,,
6360,,,,,,,,,,,
6361,,,,,,,,,,,
6362,,,,,,,,,,,
6363,,,,,,,,,,,
6364,,,,,,,,,,,
6365,,,,,,,,,,,
6366,,,,,,,,,,,
6367,,,,,,,,,,,
6368,,,,,,,,,,,
6369,,,,,,,,,,,
6370,,,,,,,,,,,
6371,,,,,,,,,,,
6372,,,,,,,,,,,
6373,,,,,,,,,,,
6374,,,,,,,,,,,
6375,,,,,,,,,,,
6376,,,,,,,,,,,
6377,,,,,,,,,,,
6378,,,,,,,,,,,
6379,,,,,,,,,,,
6380,,,,,,,,,,,
6381,,,,,,,,,,,
6382,,,,,,,,,,,
6383,,,,,,,,,,,
6384,,,,,,,,,,,
6385,,,,,,,,,,,
6386,,,,,,,,,,,
6387,,,,,,,,,,,
6388,,,,,,,,,,,
6389,,,,,,,,,,,
6390,,,,,,,,,,,
6391,,,,,,,,,,,
6392,,,,,,,,,,,
6393,,,,,,,,,,,
6394,,,,,,,,,,,
6395,,,,,,,,,,,
6396,,,,,,,,,,,
6397,,,,,,,,,,,
6398,,,,,,,,,,,
6399,,,,,,,,,,,
6400,,,,,,,,,,,
6401,,,,,,,,,,,
6402,,,,,,,,,,,
6403,,,,,,,,,,,
6404,,,,,,,,,,,
6405,,,,,,,,,,,
6406,,,,,,,,,,,
6407,,,,,,,,,,,
6408,,,,,,,,,,,
6409,,,,,,,,,,,
6410,,,,,,,,,,,
6411,,,,,,,,,,,
6412,,,,,,,,,,,
6413,,,,,,,,,,,
6414,,,,,,,,,,,
6415,,,,,,,,,,,
6416,,,,,,,,,,,
6417,,,,,,,,,,,
6418,,,,,,,,,,,
6419,,,,,,,,,,,
6420,,,,,,,,,,,
6421,,,,,,,,,,,
6422,,,,,,,,,,,
6423,,,,,,,,,,,
6424,,,,,,,,,,,
6425,,,,,,,,,,,
6426,,,,,,,,,,,
6427,,,,,,,,,,,
6428,,,,,,,,,,,
6429,,,,,,,,,,,
6430,,,,,,,,,,,
6431,,,,,,,,,,,
6432,,,,,,,,,,,
6433,,,,,,,,,,,
6434,,,,,,,,,,,
6435,,,,,,,,,,,
6436,,,,,,,,,,,
6437,,,,,,,,,,,
6438,,,,,,,,,,,
6439,,,,,,,,,,,
6440,,,,,,,,,,,
6441,,,,,,,,,,,
6442,,,,,,,,,,,
6443,,,,,,,,,,,
6444,,,,,,,,,,,
6445,,,,,,,,,,,
6446,,,,,,,,,,,
6447,,,,,,,,,,,
6448,,,,,,,,,,,
6449,,,,,,,,,,,
6450,,,,,,,,,,,
6451,,,,,,,,,,,
6452,,,,,,,,,,,
6453,,,,,,,,,,,
6454,,,,,,,,,,,
6455,,,,,,,,,,,
6456,,,,,,,,,,,
6457,,,,,,,,,,,
6458,,,,,,,,,,,
6459,,,,,,,,,,,
6460,,,,,,,,,,,
6461,,,,,,,,,,,
6462,,,,,,,,,,,
6463,,,,,,,,,,,
6464,,,,,,,,,,,
6465,,,,,,,,,,,
6466,,,,,,,,,,,
6467,,,,,,,,,,,
6468,,,,,,,,,,,
6469,,,,,,,,,,,
6470,,,,,,,,,,,
6471,,,,,,,,,,,
6472,,,,,,,,,,,
6473,,,,,,,,,,,
6474,,,,,,,,,,,
6475,,,,,,,,,,,
6476,,,,,,,,,,,
6477,,,,,,,,,,,
6478,,,,,,,,,,,
6479,,,,,,,,,,,
6480,,,,,,,,,,,
6481,,,,,,,,,,,
6482,,,,,,,,,,,
6483,,,,,,,,,,,
6484,,,,,,,,,,,
6485,,,,,,,,,,,
6486,,,,,,,,,,,
6487,,,,,,,,,,,
6488,,,,,,,,,,,
6489,,,,,,,,,,,
6490,,,,,,,,,,,
6491,,,,,,,,,,,
6492,,,,,,,,,,,
6493,,,,,,,,,,,
6494,,,,,,,,,,,
6495,,,,,,,,,,,
6496,,,,,,,,,,,
6497,,,,,,,,,,,
6498,,,,,,,,,,,
6499,,,,,,,,,,,
6500,,,,,,,,,,,
6501,,,,,,,,,,,
6502,,,,,,,,,,,
6503,,,,,,,,,,,
6504,,,,,,,,,,,
6505,,,,,,,,,,,
6506,,,,,,,,,,,
6507,,,,,,,,,,,
6508,,,,,,,,,,,
6509,,,,,,,,,,,
6510,,,,,,,,,,,
6511,,,,,,,,,,,
6512,,,,,,,,,,,
6513,,,,,,,,,,,
6514,,,,,,,,,,,
6515,,,,,,,,,,,
6516,,,,,,,,,,,
6517,,,,,,,,,,,
6518,,,,,,,,,,,
6519,,,,,,,,,,,
6520,,,,,,,,,,,
6521,,,,,,,,,,,
6522,,,,,,,,,,,
6523,,,,,,,,,,,
6524,,,,,,,,,,,
6525,,,,,,,,,,,
6526,,,,,,,,,,,
6527,,,,,,,,,,,
6528,,,,,,,,,,,
6529,,,,,,,,,,,
6530,,,,,,,,,,,
6531,,,,,,,,,,,
6532,,,,,,,,,,,
6533,,,,,,,,,,,
6534,,,,,,,,,,,
6535,,,,,,,,,,,
6536,,,,,,,,,,,
6537,,,,,,,,,,,
6538,,,,,,,,,,,
6539,,,,,,,,,,,
6540,,,,,,,,,,,
6541,,,,,,,,,,,
6542,,,,,,,,,,,
6543,,,,,,,,,,,
6544,,,,,,,,,,,
6545,,,,,,,,,,,
6546,,,,,,,,,,,
6547,,,,,,,,,,,
6548,,,,,,,,,,,
6549,,,,,,,,,,,
6550,,,,,,,,,,,
6551,,,,,,,,,,,
6552,,,,,,,,,,,
6553,,,,,,,,,,,
6554,,,,,,,,,,,
6555,,,,,,,,,,,
6556,,,,,,,,,,,
6557,,,,,,,,,,,
6558,,,,,,,,,,,
6559,,,,,,,,,,,
6560,,,,,,,,,,,
6561,,,,,,,,,,,
6562,,,,,,,,,,,
6563,,,,,,,,,,,
6564,,,,,,,,,,,
6565,,,,,,,,,,,
6566,,,,,,,,,,,
6567,,,,,,,,,,,
6568,,,,,,,,,,,
6569,,,,,,,,,,,
6570,,,,,,,,,,,
6571,,,,,,,,,,,
6572,,,,,,,,,,,
6573,,,,,,,,,,,
6574,,,,,,,,,,,
6575,,,,,,,,,,,
6576,,,,,,,,,,,
6577,,,,,,,,,,,
6578,,,,,,,,,,,
6579,,,,,,,,,,,
6580,,,,,,,,,,,
6581,,,,,,,,,,,
6582,,,,,,,,,,,
6583,,,,,,,,,,,
6584,,,,,,,,,,,
6585,,,,,,,,,,,
6586,,,,,,,,,,,
6587,,,,,,,,,,,
6588,,,,,,,,,,,
6589,,,,,,,,,,,
6590,,,,,,,,,,,
6591,,,,,,,,,,,
6592,,,,,,,,,,,
6593,,,,,,,,,,,
6594,,,,,,,,,,,
6595,,,,,,,,,,,
6596,,,,,,,,,,,
6597,,,,,,,,,,,
6598,,,,,,,,,,,
6599,,,,,,,,,,,
6600,,,,,,,,,,,
6601,,,,,,,,,,,
6602,,,,,,,,,,,
6603,,,,,,,,,,,
6604,,,,,,,,,,,
6605,,,,,,,,,,,
6606,,,,,,,,,,,
6607,,,,,,,,,,,
6608,,,,,,,,,,,
6609,,,,,,,,,,,
6610,,,,,,,,,,,
6611,,,,,,,,,,,
6612,,,,,,,,,,,
6613,,,,,,,,,,,
6614,,,,,,,,,,,
6615,,,,,,,,,,,
6616,,,,,,,,,,,
6617,,,,,,,,,,,
6618,,,,,,,,,,,
6619,,,,,,,,,,,
6620,,,,,,,,,,,
6621,,,,,,,,,,,
6622,,,,,,,,,,,
6623,,,,,,,,,,,
6624,,,,,,,,,,,
6625,,,,,,,,,,,
6626,,,,,,,,,,,
6627,,,,,,,,,,,
6628,,,,,,,,,,,
6629,,,,,,,,,,,
6630,,,,,,,,,,,
6631,,,,,,,,,,,
6632,,,,,,,,,,,
6633,,,,,,,,,,,
6634,,,,,,,,,,,
6635,,,,,,,,,,,
6636,,,,,,,,,,,
6637,,,,,,,,,,,
6638,,,,,,,,,,,
6639,,,,,,,,,,,
6640,,,,,,,,,,,
6641,,,,,,,,,,,
6642,,,,,,,,,,,
6643,,,,,,,,,,,
6644,,,,,,,,,,,
6645,,,,,,,,,,,
6646,,,,,,,,,,,
6647,,,,,,,,,,,
6648,,,,,,,,,,,
6649,,,,,,,,,,,
6650,,,,,,,,,,,
6651,,,,,,,,,,,
6652,,,,,,,,,,,
6653,,,,,,,,,,,
6654,,,,,,,,,,,
6655,,,,,,,,,,,
6656,,,,,,,,,,,
6657,,,,,,,,,,,
6658,,,,,,,,,,,
6659,,,,,,,,,,,
6660,,,,,,,,,,,
6661,,,,,,,,,,,
6662,,,,,,,,,,,
6663,,,,,,,,,,,
6664,,,,,,,,,,,
6665,,,,,,,,,,,
6666,,,,,,,,,,,
6667,,,,,,,,,,,
6668,,,,,,,,,,,
6669,,,,,,,,,,,
6670,,,,,,,,,,,
6671,,,,,,,,,,,
6672,,,,,,,,,,,
6673,,,,,,,,,,,
6674,,,,,,,,,,,
6675,,,,,,,,,,,
6676,,,,,,,,,,,
6677,,,,,,,,,,,
6678,,,,,,,,,,,
6679,,,,,,,,,,,
6680,,,,,,,,,,,
6681,,,,,,,,,,,
6682,,,,,,,,,,,
6683,,,,,,,,,,,
6684,,,,,,,,,,,
6685,,,,,,,,,,,
6686,,,,,,,,,,,
6687,,,,,,,,,,,
6688,,,,,,,,,,,
6689,,,,,,,,,,,
6690,,,,,,,,,,,
6691,,,,,,,,,,,
6692,,,,,,,,,,,
6693,,,,,,,,,,,
6694,,,,,,,,,,,
6695,,,,,,,,,,,
6696,,,,,,,,,,,
6697,,,,,,,,,,,
6698,,,,,,,,,,,
6699,,,,,,,,,,,
6700,,,,,,,,,,,
6701,,,,,,,,,,,
6702,,,,,,,,,,,
6703,,,,,,,,,,,
6704,,,,,,,,,,,
6705,,,,,,,,,,,
6706,,,,,,,,,,,
6707,,,,,,,,,,,
6708,,,,,,,,,,,
6709,,,,,,,,,,,
6710,,,,,,,,,,,
6711,,,,,,,,,,,
6712,,,,,,,,,,,
6713,,,,,,,,,,,
6714,,,,,,,,,,,
6715,,,,,,,,,,,
6716,,,,,,,,,,,
6717,,,,,,,,,,,
6718,,,,,,,,,,,
6719,,,,,,,,,,,
6720,,,,,,,,,,,
6721,,,,,,,,,,,
6722,,,,,,,,,,,
6723,,,,,,,,,,,
6724,,,,,,,,,,,
6725,,,,,,,,,,,
6726,,,,,,,,,,,
6727,,,,,,,,,,,
6728,,,,,,,,,,,
6729,,,,,,,,,,,
6730,,,,,,,,,,,
6731,,,,,,,,,,,
6732,,,,,,,,,,,
6733,,,,,,,,,,,
6734,,,,,,,,,,,
6735,,,,,,,,,,,
6736,,,,,,,,,,,
6737,,,,,,,,,,,
6738,,,,,,,,,,,
6739,,,,,,,,,,,
6740,,,,,,,,,,,
6741,,,,,,,,,,,
6742,,,,,,,,,,,
6743,,,,,,,,,,,
6744,,,,,,,,,,,
6745,,,,,,,,,,,
6746,,,,,,,,,,,
6747,,,,,,,,,,,
6748,,,,,,,,,,,
6749,,,,,,,,,,,
6750,,,,,,,,,,,
6751,,,,,,,,,,,
6752,,,,,,,,,,,
6753,,,,,,,,,,,
6754,,,,,,,,,,,
6755,,,,,,,,,,,
6756,,,,,,,,,,,
6757,,,,,,,,,,,
6758,,,,,,,,,,,
6759,,,,,,,,,,,
6760,,,,,,,,,,,
6761,,,,,,,,,,,
6762,,,,,,,,,,,
6763,,,,,,,,,,,
6764,,,,,,,,,,,
6765,,,,,,,,,,,
6766,,,,,,,,,,,
6767,,,,,,,,,,,
6768,,,,,,,,,,,
6769,,,,,,,,,,,
6770,,,,,,,,,,,
6771,,,,,,,,,,,
6772,,,,,,,,,,,
6773,,,,,,,,,,,
6774,,,,,,,,,,,
6775,,,,,,,,,,,
6776,,,,,,,,,,,
6777,,,,,,,,,,,
6778,,,,,,,,,,,
6779,,,,,,,,,,,
6780,,,,,,,,,,,
6781,,,,,,,,,,,
6782,,,,,,,,,,,
6783,,,,,,,,,,,
6784,,,,,,,,,,,
6785,,,,,,,,,,,
6786,,,,,,,,,,,
6787,,,,,,,,,,,
6788,,,,,,,,,,,
6789,,,,,,,,,,,
6790,,,,,,,,,,,
6791,,,,,,,,,,,
6792,,,,,,,,,,,
6793,,,,,,,,,,,
6794,,,,,,,,,,,
6795,,,,,,,,,,,
6796,,,,,,,,,,,
6797,,,,,,,,,,,
6798,,,,,,,,,,,
6799,,,,,,,,,,,
6800,,,,,,,,,,,
6801,,,,,,,,,,,
6802,,,,,,,,,,,
6803,,,,,,,,,,,
6804,,,,,,,,,,,
6805,,,,,,,,,,,
6806,,,,,,,,,,,
6807,,,,,,,,,,,
6808,,,,,,,,,,,
6809,,,,,,,,,,,
6810,,,,,,,,,,,
6811,,,,,,,,,,,
6812,,,,,,,,,,,
6813,,,,,,,,,,,
6814,,,,,,,,,,,
6815,,,,,,,,,,,
6816,,,,,,,,,,,
6817,,,,,,,,,,,
6818,,,,,,,,,,,
6819,,,,,,,,,,,
6820,,,,,,,,,,,
6821,,,,,,,,,,,
6822,,,,,,,,,,,
6823,,,,,,,,,,,
6824,,,,,,,,,,,
6825,,,,,,,,,,,
6826,,,,,,,,,,,
6827,,,,,,,,,,,
6828,,,,,,,,,,,
6829,,,,,,,,,,,
6830,,,,,,,,,,,
6831,,,,,,,,,,,
6832,,,,,,,,,,,
6833,,,,,,,,,,,
6834,,,,,,,,,,,
6835,,,,,,,,,,,
6836,,,,,,,,,,,
6837,,,,,,,,,,,
6838,,,,,,,,,,,
6839,,,,,,,,,,,
6840,,,,,,,,,,,
6841,,,,,,,,,,,
6842,,,,,,,,,,,
6843,,,,,,,,,,,
6844,,,,,,,,,,,
6845,,,,,,,,,,,
6846,,,,,,,,,,,
6847,,,,,,,,,,,
6848,,,,,,,,,,,
6849,,,,,,,,,,,
6850,,,,,,,,,,,
6851,,,,,,,,,,,
6852,,,,,,,,,,,
6853,,,,,,,,,,,
6854,,,,,,,,,,,
6855,,,,,,,,,,,
6856,,,,,,,,,,,
6857,,,,,,,,,,,
6858,,,,,,,,,,,
6859,,,,,,,,,,,
6860,,,,,,,,,,,
6861,,,,,,,,,,,
6862,,,,,,,,,,,
6863,,,,,,,,,,,
6864,,,,,,,,,,,
6865,,,,,,,,,,,
6866,,,,,,,,,,,
6867,,,,,,,,,,,
6868,,,,,,,,,,,
6869,,,,,,,,,,,
6870,,,,,,,,,,,
6871,,,,,,,,,,,
6872,,,,,,,,,,,
6873,,,,,,,,,,,
6874,,,,,,,,,,,
6875,,,,,,,,,,,
6876,,,,,,,,,,,
6877,,,,,,,,,,,
6878,,,,,,,,,,,
6879,,,,,,,,,,,
6880,,,,,,,,,,,
6881,,,,,,,,,,,
6882,,,,,,,,,,,
6883,,,,,,,,,,,
6884,,,,,,,,,,,
6885,,,,,,,,,,,
6886,,,,,,,,,,,
6887,,,,,,,,,,,
6888,,,,,,,,,,,
6889,,,,,,,,,,,
6890,,,,,,,,,,,
6891,,,,,,,,,,,
6892,,,,,,,,,,,
6893,,,,,,,,,,,
6894,,,,,,,,,,,
6895,,,,,,,,,,,
6896,,,,,,,,,,,
6897,,,,,,,,,,,
6898,,,,,,,,,,,
6899,,,,,,,,,,,
6900,,,,,,,,,,,
6901,,,,,,,,,,,
6902,,,,,,,,,,,
6903,,,,,,,,,,,
6904,,,,,,,,,,,
6905,,,,,,,,,,,
6906,,,,,,,,,,,
6907,,,,,,,,,,,
6908,,,,,,,,,,,
6909,,,,,,,,,,,
6910,,,,,,,,,,,
6911,,,,,,,,,,,
6912,,,,,,,,,,,
6913,,,,,,,,,,,
6914,,,,,,,,,,,
6915,,,,,,,,,,,
6916,,,,,,,,,,,
6917,,,,,,,,,,,
6918,,,,,,,,,,,
6919,,,,,,,,,,,
6920,,,,,,,,,,,
6921,,,,,,,,,,,
6922,,,,,,,,,,,
6923,,,,,,,,,,,
6924,,,,,,,,,,,
6925,,,,,,,,,,,
6926,,,,,,,,,,,
6927,,,,,,,,,,,
6928,,,,,,,,,,,
6929,,,,,,,,,,,
6930,,,,,,,,,,,
6931,,,,,,,,,,,
6932,,,,,,,,,,,
6933,,,,,,,,,,,
6934,,,,,,,,,,,
6935,,,,,,,,,,,
6936,,,,,,,,,,,
6937,,,,,,,,,,,
6938,,,,,,,,,,,
6939,,,,,,,,,,,
6940,,,,,,,,,,,
6941,,,,,,,,,,,
6942,,,,,,,,,,,
6943,,,,,,,,,,,
6944,,,,,,,,,,,
6945,,,,,,,,,,,
6946,,,,,,,,,,,
6947,,,,,,,,,,,
6948,,,,,,,,,,,
6949,,,,,,,,,,,
6950,,,,,,,,,,,
6951,,,,,,,,,,,
6952,,,,,,,,,,,
6953,,,,,,,,,,,
6954,,,,,,,,,,,
6955,,,,,,,,,,,
6956,,,,,,,,,,,
6957,,,,,,,,,,,
6958,,,,,,,,,,,
6959,,,,,,,,,,,
6960,,,,,,,,,,,
6961,,,,,,,,,,,
6962,,,,,,,,,,,
6963,,,,,,,,,,,
6964,,,,,,,,,,,
6965,,,,,,,,,,,
6966,,,,,,,,,,,
6967,,,,,,,,,,,
6968,,,,,,,,,,,
6969,,,,,,,,,,,
6970,,,,,,,,,,,
6971,,,,,,,,,,,
6972,,,,,,,,,,,
6973,,,,,,,,,,,
6974,,,,,,,,,,,
6975,,,,,,,,,,,
6976,,,,,,,,,,,
6977,,,,,,,,,,,
6978,,,,,,,,,,,
6979,,,,,,,,,,,
6980,,,,,,,,,,,
6981,,,,,,,,,,,
6982,,,,,,,,,,,
6983,,,,,,,,,,,
6984,,,,,,,,,,,
6985,,,,,,,,,,,
6986,,,,,,,,,,,
6987,,,,,,,,,,,
6988,,,,,,,,,,,
6989,,,,,,,,,,,
6990,,,,,,,,,,,
6991,,,,,,,,,,,
6992,,,,,,,,,,,
6993,,,,,,,,,,,
6994,,,,,,,,,,,
6995,,,,,,,,,,,
6996,,,,,,,,,,,
6997,,,,,,,,,,,
6998,,,,,,,,,,,
6999,,,,,,,,,,,
7000,,,,,,,,,,,
7001,,,,,,,,,,,
7002,,,,,,,,,,,
7003,,,,,,,,,,,
7004,,,,,,,,,,,
7005,,,,,,,,,,,
7006,,,,,,,,,,,
7007,,,,,,,,,,,
7008,,,,,,,,,,,
7009,,,,,,,,,,,
7010,,,,,,,,,,,
7011,,,,,,,,,,,
7012,,,,,,,,,,,
7013,,,,,,,,,,,
7014,,,,,,,,,,,
7015,,,,,,,,,,,
7016,,,,,,,,,,,
7017,,,,,,,,,,,
7018,,,,,,,,,,,
7019,,,,,,,,,,,
7020,,,,,,,,,,,
7021,,,,,,,,,,,
7022,,,,,,,,,,,
7023,,,,,,,,,,,
7024,,,,,,,,,,,
7025,,,,,,,,,,,
7026,,,,,,,,,,,
7027,,,,,,,,,,,
7028,,,,,,,,,,,
7029,,,,,,,,,,,
7030,,,,,,,,,,,
7031,,,,,,,,,,,
7032,,,,,,,,,,,
7033,,,,,,,,,,,
7034,,,,,,,,,,,
7035,,,,,,,,,,,
7036,,,,,,,,,,,
7037,,,,,,,,,,,
7038,,,,,,,,,,,
7039,,,,,,,,,,,
7040,,,,,,,,,,,
7041,,,,,,,,,,,
7042,,,,,,,,,,,
7043,,,,,,,,,,,
7044,,,,,,,,,,,
7045,,,,,,,,,,,
7046,,,,,,,,,,,
7047,,,,,,,,,,,
7048,,,,,,,,,,,
7049,,,,,,,,,,,
7050,,,,,,,,,,,
7051,,,,,,,,,,,
7052,,,,,,,,,,,
7053,,,,,,,,,,,
7054,,,,,,,,,,,
7055,,,,,,,,,,,
7056,,,,,,,,,,,
7057,,,,,,,,,,,
7058,,,,,,,,,,,
7059,,,,,,,,,,,
7060,,,,,,,,,,,
7061,,,,,,,,,,,
7062,,,,,,,,,,,
7063,,,,,,,,,,,
7064,,,,,,,,,,,
7065,,,,,,,,,,,
7066,,,,,,,,,,,
7067,,,,,,,,,,,
7068,,,,,,,,,,,
7069,,,,,,,,,,,
7070,,,,,,,,,,,
7071,,,,,,,,,,,
7072,,,,,,,,,,,
7073,,,,,,,,,,,
7074,,,,,,,,,,,
7075,,,,,,,,,,,
7076,,,,,,,,,,,
7077,,,,,,,,,,,
7078,,,,,,,,,,,
7079,,,,,,,,,,,
7080,,,,,,,,,,,
7081,,,,,,,,,,,
7082,,,,,,,,,,,
7083,,,,,,,,,,,
7084,,,,,,,,,,,
7085,,,,,,,,,,,
7086,,,,,,,,,,,
7087,,,,,,,,,,,
7088,,,,,,,,,,,
7089,,,,,,,,,,,
7090,,,,,,,,,,,
7091,,,,,,,,,,,
7092,,,,,,,,,,,
7093,,,,,,,,,,,
7094,,,,,,,,,,,
7095,,,,,,,,,,,
7096,,,,,,,,,,,
7097,,,,,,,,,,,
7098,,,,,,,,,,,
7099,,,,,,,,,,,
7100,,,,,,,,,,,
7101,,,,,,,,,,,
7102,,,,,,,,,,,
7103,,,,,,,,,,,
7104,,,,,,,,,,,
7105,,,,,,,,,,,
7106,,,,,,,,,,,
7107,,,,,,,,,,,
7108,,,,,,,,,,,
7109,,,,,,,,,,,
7110,,,,,,,,,,,
7111,,,,,,,,,,,
7112,,,,,,,,,,,
7113,,,,,,,,,,,
7114,,,,,,,,,,,
7115,,,,,,,,,,,
7116,,,,,,,,,,,
7117,,,,,,,,,,,
7118,,,,,,,,,,,
7119,,,,,,,,,,,
7120,,,,,,,,,,,
7121,,,,,,,,,,,
7122,,,,,,,,,,,
7123,,,,,,,,,,,
7124,,,,,,,,,,,
7125,,,,,,,,,,,
7126,,,,,,,,,,,
7127,,,,,,,,,,,
7128,,,,,,,,,,,
7129,,,,,,,,,,,
7130,,,,,,,,,,,
7131,,,,,,,,,,,
7132,,,,,,,,,,,
7133,,,,,,,,,,,
7134,,,,,,,,,,,
7135,,,,,,,,,,,
7136,,,,,,,,,,,
7137,,,,,,,,,,,
7138,,,,,,,,,,,
7139,,,,,,,,,,,
7140,,,,,,,,,,,
7141,,,,,,,,,,,
7142,,,,,,,,,,,
7143,,,,,,,,,,,
7144,,,,,,,,,,,
7145,,,,,,,,,,,
7146,,,,,,,,,,,
7147,,,,,,,,,,,
7148,,,,,,,,,,,
7149,,,,,,,,,,,
7150,,,,,,,,,,,
7151,,,,,,,,,,,
7152,,,,,,,,,,,
7153,,,,,,,,,,,
7154,,,,,,,,,,,
7155,,,,,,,,,,,
7156,,,,,,,,,,,
7157,,,,,,,,,,,
7158,,,,,,,,,,,
7159,,,,,,,,,,,
7160,,,,,,,,,,,
7161,,,,,,,,,,,
7162,,,,,,,,,,,
7163,,,,,,,,,,,
7164,,,,,,,,,,,
7165,,,,,,,,,,,
7166,,,,,,,,,,,
7167,,,,,,,,,,,
7168,,,,,,,,,,,
7169,,,,,,,,,,,
7170,,,,,,,,,,,
7171,,,,,,,,,,,
7172,,,,,,,,,,,
7173,,,,,,,,,,,
7174,,,,,,,,,,,
7175,,,,,,,,,,,
7176,,,,,,,,,,,
7177,,,,,,,,,,,
7178,,,,,,,,,,,
7179,,,,,,,,,,,
7180,,,,,,,,,,,
7181,,,,,,,,,,,
7182,,,,,,,,,,,
7183,,,,,,,,,,,
7184,,,,,,,,,,,
7185,,,,,,,,,,,
7186,,,,,,,,,,,
7187,,,,,,,,,,,
7188,,,,,,,,,,,
7189,,,,,,,,,,,
7190,,,,,,,,,,,
7191,,,,,,,,,,,
7192,,,,,,,,,,,
7193,,,,,,,,,,,
7194,,,,,,,,,,,
7195,,,,,,,,,,,
7196,,,,,,,,,,,
7197,,,,,,,,,,,
7198,,,,,,,,,,,
7199,,,,,,,,,,,
7200,,,,,,,,,,,
7201,,,,,,,,,,,
7202,,,,,,,,,,,
7203,,,,,,,,,,,
7204,,,,,,,,,,,
7205,,,,,,,,,,,
7206,,,,,,,,,,,
7207,,,,,,,,,,,
7208,,,,,,,,,,,
7209,,,,,,,,,,,
7210,,,,,,,,,,,
7211,,,,,,,,,,,
7212,,,,,,,,,,,
7213,,,,,,,,,,,
7214,,,,,,,,,,,
7215,,,,,,,,,,,
7216,,,,,,,,,,,
7217,,,,,,,,,,,
7218,,,,,,,,,,,
7219,,,,,,,,,,,
7220,,,,,,,,,,,
7221,,,,,,,,,,,
7222,,,,,,,,,,,
7223,,,,,,,,,,,
7224,,,,,,,,,,,
7225,,,,,,,,,,,
7226,,,,,,,,,,,
7227,,,,,,,,,,,
7228,,,,,,,,,,,
7229,,,,,,,,,,,
7230,,,,,,,,,,,
7231,,,,,,,,,,,
7232,,,,,,,,,,,
7233,,,,,,,,,,,
7234,,,,,,,,,,,
7235,,,,,,,,,,,
7236,,,,,,,,,,,
7237,,,,,,,,,,,
7238,,,,,,,,,,,
7239,,,,,,,,,,,
7240,,,,,,,,,,,
7241,,,,,,,,,,,
7242,,,,,,,,,,,
7243,,,,,,,,,,,
7244,,,,,,,,,,,
7245,,,,,,,,,,,
7246,,,,,,,,,,,
7247,,,,,,,,,,,
7248,,,,,,,,,,,
7249,,,,,,,,,,,
7250,,,,,,,,,,,
7251,,,,,,,,,,,
7252,,,,,,,,,,,
7253,,,,,,,,,,,
7254,,,,,,,,,,,
7255,,,,,,,,,,,
7256,,,,,,,,,,,
7257,,,,,,,,,,,
7258,,,,,,,,,,,
7259,,,,,,,,,,,
7260,,,,,,,,,,,
7261,,,,,,,,,,,
7262,,,,,,,,,,,
7263,,,,,,,,,,,
7264,,,,,,,,,,,
7265,,,,,,,,,,,
7266,,,,,,,,,,,
7267,,,,,,,,,,,
7268,,,,,,,,,,,
7269,,,,,,,,,,,
7270,,,,,,,,,,,
7271,,,,,,,,,,,
7272,,,,,,,,,,,
7273,,,,,,,,,,,
7274,,,,,,,,,,,
7275,,,,,,,,,,,
7276,,,,,,,,,,,
7277,,,,,,,,,,,
7278,,,,,,,,,,,
7279,,,,,,,,,,,
7280,,,,,,,,,,,
7281,,,,,,,,,,,
7282,,,,,,,,,,,
7283,,,,,,,,,,,
7284,,,,,,,,,,,
7285,,,,,,,,,,,
7286,,,,,,,,,,,
7287,,,,,,,,,,,
7288,,,,,,,,,,,
7289,,,,,,,,,,,
7290,,,,,,,,,,,
7291,,,,,,,,,,,
7292,,,,,,,,,,,
7293,,,,,,,,,,,
7294,,,,,,,,,,,
7295,,,,,,,,,,,
7296,,,,,,,,,,,
7297,,,,,,,,,,,
7298,,,,,,,,,,,
7299,,,,,,,,,,,
7300,,,,,,,,,,,
7301,,,,,,,,,,,
7302,,,,,,,,,,,
7303,,,,,,,,,,,
7304,,,,,,,,,,,
7305,,,,,,,,,,,
7306,,,,,,,,,,,
7307,,,,,,,,,,,
7308,,,,,,,,,,,
7309,,,,,,,,,,,
7310,,,,,,,,,,,
7311,,,,,,,,,,,
7312,,,,,,,,,,,
7313,,,,,,,,,,,
7314,,,,,,,,,,,
7315,,,,,,,,,,,
7316,,,,,,,,,,,
7317,,,,,,,,,,,
7318,,,,,,,,,,,
7319,,,,,,,,,,,
7320,,,,,,,,,,,
7321,,,,,,,,,,,
7322,,,,,,,,,,,
7323,,,,,,,,,,,
7324,,,,,,,,,,,
7325,,,,,,,,,,,
7326,,,,,,,,,,,
7327,,,,,,,,,,,
7328,,,,,,,,,,,
7329,,,,,,,,,,,
7330,,,,,,,,,,,
7331,,,,,,,,,,,
7332,,,,,,,,,,,
7333,,,,,,,,,,,
7334,,,,,,,,,,,
7335,,,,,,,,,,,
7336,,,,,,,,,,,
7337,,,,,,,,,,,
7338,,,,,,,,,,,
7339,,,,,,,,,,,
7340,,,,,,,,,,,
7341,,,,,,,,,,,
7342,,,,,,,,,,,
7343,,,,,,,,,,,
7344,,,,,,,,,,,
7345,,,,,,,,,,,
7346,,,,,,,,,,,
7347,,,,,,,,,,,
7348,,,,,,,,,,,
7349,,,,,,,,,,,
7350,,,,,,,,,,,
7351,,,,,,,,,,,
7352,,,,,,,,,,,
7353,,,,,,,,,,,
7354,,,,,,,,,,,
7355,,,,,,,,,,,
7356,,,,,,,,,,,
7357,,,,,,,,,,,
7358,,,,,,,,,,,
7359,,,,,,,,,,,
7360,,,,,,,,,,,
7361,,,,,,,,,,,
7362,,,,,,,,,,,
7363,,,,,,,,,,,
7364,,,,,,,,,,,
7365,,,,,,,,,,,
7366,,,,,,,,,,,
7367,,,,,,,,,,,
7368,,,,,,,,,,,
7369,,,,,,,,,,,
7370,,,,,,,,,,,
7371,,,,,,,,,,,
7372,,,,,,,,,,,
7373,,,,,,,,,,,
7374,,,,,,,,,,,
7375,,,,,,,,,,,
7376,,,,,,,,,,,
7377,,,,,,,,,,,
7378,,,,,,,,,,,
7379,,,,,,,,,,,
7380,,,,,,,,,,,
7381,,,,,,,,,,,
7382,,,,,,,,,,,
7383,,,,,,,,,,,
7384,,,,,,,,,,,
7385,,,,,,,,,,,
7386,,,,,,,,,,,
7387,,,,,,,,,,,
7388,,,,,,,,,,,
7389,,,,,,,,,,,
7390,,,,,,,,,,,
7391,,,,,,,,,,,
7392,,,,,,,,,,,
7393,,,,,,,,,,,
7394,,,,,,,,,,,
7395,,,,,,,,,,,
7396,,,,,,,,,,,
7397,,,,,,,,,,,
7398,,,,,,,,,,,
7399,,,,,,,,,,,
7400,,,,,,,,,,,
7401,,,,,,,,,,,
7402,,,,,,,,,,,
7403,,,,,,,,,,,
7404,,,,,,,,,,,
7405,,,,,,,,,,,
7406,,,,,,,,,,,
7407,,,,,,,,,,,
7408,,,,,,,,,,,
7409,,,,,,,,,,,
7410,,,,,,,,,,,
7411,,,,,,,,,,,
7412,,,,,,,,,,,
7413,,,,,,,,,,,
7414,,,,,,,,,,,
7415,,,,,,,,,,,
7416,,,,,,,,,,,
7417,,,,,,,,,,,
7418,,,,,,,,,,,
7419,,,,,,,,,,,
7420,,,,,,,,,,,
7421,,,,,,,,,,,
7422,,,,,,,,,,,
7423,,,,,,,,,,,
7424,,,,,,,,,,,
7425,,,,,,,,,,,
7426,,,,,,,,,,,
7427,,,,,,,,,,,
7428,,,,,,,,,,,
7429,,,,,,,,,,,
7430,,,,,,,,,,,
7431,,,,,,,,,,,
7432,,,,,,,,,,,
7433,,,,,,,,,,,
7434,,,,,,,,,,,
7435,,,,,,,,,,,
7436,,,,,,,,,,,
7437,,,,,,,,,,,
7438,,,,,,,,,,,
7439,,,,,,,,,,,
7440,,,,,,,,,,,
7441,,,,,,,,,,,
7442,,,,,,,,,,,
7443,,,,,,,,,,,
7444,,,,,,,,,,,
7445,,,,,,,,,,,
7446,,,,,,,,,,,
7447,,,,,,,,,,,
7448,,,,,,,,,,,
7449,,,,,,,,,,,
7450,,,,,,,,,,,
7451,,,,,,,,,,,
7452,,,,,,,,,,,
7453,,,,,,,,,,,
7454,,,,,,,,,,,
7455,,,,,,,,,,,
7456,,,,,,,,,,,
7457,,,,,,,,,,,
7458,,,,,,,,,,,
7459,,,,,,,,,,,
7460,,,,,,,,,,,
7461,,,,,,,,,,,
7462,,,,,,,,,,,
7463,,,,,,,,,,,
7464,,,,,,,,,,,
7465,,,,,,,,,,,
7466,,,,,,,,,,,
7467,,,,,,,,,,,
7468,,,,,,,,,,,
7469,,,,,,,,,,,
7470,,,,,,,,,,,
7471,,,,,,,,,,,
7472,,,,,,,,,,,
7473,,,,,,,,,,,
7474,,,,,,,,,,,
7475,,,,,,,,,,,
7476,,,,,,,,,,,
7477,,,,,,,,,,,
7478,,,,,,,,,,,
7479,,,,,,,,,,,
7480,,,,,,,,,,,
7481,,,,,,,,,,,
7482,,,,,,,,,,,
7483,,,,,,,,,,,
7484,,,,,,,,,,,
7485,,,,,,,,,,,
7486,,,,,,,,,,,
7487,,,,,,,,,,,
7488,,,,,,,,,,,
7489,,,,,,,,,,,
7490,,,,,,,,,,,
7491,,,,,,,,,,,
7492,,,,,,,,,,,
7493,,,,,,,,,,,
7494,,,,,,,,,,,
7495,,,,,,,,,,,
7496,,,,,,,,,,,
7497,,,,,,,,,,,
7498,,,,,,,,,,,
7499,,,,,,,,,,,
7500,,,,,,,,,,,
7501,,,,,,,,,,,
7502,,,,,,,,,,,
7503,,,,,,,,,,,
7504,,,,,,,,,,,
7505,,,,,,,,,,,
7506,,,,,,,,,,,
7507,,,,,,,,,,,
7508,,,,,,,,,,,
7509,,,,,,,,,,,
7510,,,,,,,,,,,
7511,,,,,,,,,,,
7512,,,,,,,,,,,
7513,,,,,,,,,,,
7514,,,,,,,,,,,
7515,,,,,,,,,,,
7516,,,,,,,,,,,
7517,,,,,,,,,,,
7518,,,,,,,,,,,
7519,,,,,,,,,,,
7520,,,,,,,,,,,
7521,,,,,,,,,,,
7522,,,,,,,,,,,
7523,,,,,,,,,,,
7524,,,,,,,,,,,
7525,,,,,,,,,,,
7526,,,,,,,,,,,
7527,,,,,,,,,,,
7528,,,,,,,,,,,
7529,,,,,,,,,,,
7530,,,,,,,,,,,
7531,,,,,,,,,,,
7532,,,,,,,,,,,
7533,,,,,,,,,,,
7534,,,,,,,,,,,
7535,,,,,,,,,,,
7536,,,,,,,,,,,
7537,,,,,,,,,,,
7538,,,,,,,,,,,
7539,,,,,,,,,,,
7540,,,,,,,,,,,
7541,,,,,,,,,,,
7542,,,,,,,,,,,
7543,,,,,,,,,,,
7544,,,,,,,,,,,
7545,,,,,,,,,,,
7546,,,,,,,,,,,
7547,,,,,,,,,,,
7548,,,,,,,,,,,
7549,,,,,,,,,,,
7550,,,,,,,,,,,
7551,,,,,,,,,,,
7552,,,,,,,,,,,
7553,,,,,,,,,,,
7554,,,,,,,,,,,
7555,,,,,,,,,,,
7556,,,,,,,,,,,
7557,,,,,,,,,,,
7558,,,,,,,,,,,
7559,,,,,,,,,,,
7560,,,,,,,,,,,
7561,,,,,,,,,,,
7562,,,,,,,,,,,
7563,,,,,,,,,,,
7564,,,,,,,,,,,
7565,,,,,,,,,,,
7566,,,,,,,,,,,
7567,,,,,,,,,,,
7568,,,,,,,,,,,
7569,,,,,,,,,,,
7570,,,,,,,,,,,
7571,,,,,,,,,,,
7572,,,,,,,,,,,
7573,,,,,,,,,,,
7574,,,,,,,,,,,
7575,,,,,,,,,,,
7576,,,,,,,,,,,
7577,,,,,,,,,,,
7578,,,,,,,,,,,
7579,,,,,,,,,,,
7580,,,,,,,,,,,
7581,,,,,,,,,,,
7582,,,,,,,,,,,
7583,,,,,,,,,,,
7584,,,,,,,,,,,
7585,,,,,,,,,,,
7586,,,,,,,,,,,
7587,,,,,,,,,,,
7588,,,,,,,,,,,
7589,,,,,,,,,,,
7590,,,,,,,,,,,
7591,,,,,,,,,,,
7592,,,,,,,,,,,
7593,,,,,,,,,,,
7594,,,,,,,,,,,
7595,,,,,,,,,,,
7596,,,,,,,,,,,
7597,,,,,,,,,,,
7598,,,,,,,,,,,
7599,,,,,,,,,,,
7600,,,,,,,,,,,
7601,,,,,,,,,,,
7602,,,,,,,,,,,
7603,,,,,,,,,,,
7604,,,,,,,,,,,
7605,,,,,,,,,,,
7606,,,,,,,,,,,
7607,,,,,,,,,,,
7608,,,,,,,,,,,
7609,,,,,,,,,,,
7610,,,,,,,,,,,
7611,,,,,,,,,,,
7612,,,,,,,,,,,
7613,,,,,,,,,,,
7614,,,,,,,,,,,
7615,,,,,,,,,,,
7616,,,,,,,,,,,
7617,,,,,,,,,,,
7618,,,,,,,,,,,
7619,,,,,,,,,,,
7620,,,,,,,,,,,
7621,,,,,,,,,,,
7622,,,,,,,,,,,
7623,,,,,,,,,,,
7624,,,,,,,,,,,
7625,,,,,,,,,,,
7626,,,,,,,,,,,
7627,,,,,,,,,,,
7628,,,,,,,,,,,
7629,,,,,,,,,,,
7630,,,,,,,,,,,
7631,,,,,,,,,,,
7632,,,,,,,,,,,
7633,,,,,,,,,,,
7634,,,,,,,,,,,
7635,,,,,,,,,,,
7636,,,,,,,,,,,
7637,,,,,,,,,,,
7638,,,,,,,,,,,
7639,,,,,,,,,,,
7640,,,,,,,,,,,
7641,,,,,,,,,,,
7642,,,,,,,,,,,
7643,,,,,,,,,,,
7644,,,,,,,,,,,
7645,,,,,,,,,,,
7646,,,,,,,,,,,
7647,,,,,,,,,,,
7648,,,,,,,,,,,
7649,,,,,,,,,,,
7650,,,,,,,,,,,
7651,,,,,,,,,,,
7652,,,,,,,,,,,
7653,,,,,,,,,,,
7654,,,,,,,,,,,
7655,,,,,,,,,,,
7656,,,,,,,,,,,
7657,,,,,,,,,,,
7658,,,,,,,,,,,
7659,,,,,,,,,,,
7660,,,,,,,,,,,
7661,,,,,,,,,,,
7662,,,,,,,,,,,
7663,,,,,,,,,,,
7664,,,,,,,,,,,
7665,,,,,,,,,,,
7666,,,,,,,,,,,
7667,,,,,,,,,,,
7668,,,,,,,,,,,
7669,,,,,,,,,,,
7670,,,,,,,,,,,
7671,,,,,,,,,,,
7672,,,,,,,,,,,
7673,,,,,,,,,,,
7674,,,,,,,,,,,
7675,,,,,,,,,,,
7676,,,,,,,,,,,
7677,,,,,,,,,,,
7678,,,,,,,,,,,
7679,,,,,,,,,,,
7680,,,,,,,,,,,
7681,,,,,,,,,,,
7682,,,,,,,,,,,
7683,,,,,,,,,,,
7684,,,,,,,,,,,
7685,,,,,,,,,,,
7686,,,,,,,,,,,
7687,,,,,,,,,,,
7688,,,,,,,,,,,
7689,,,,,,,,,,,
7690,,,,,,,,,,,
7691,,,,,,,,,,,
7692,,,,,,,,,,,
7693,,,,,,,,,,,
7694,,,,,,,,,,,
7695,,,,,,,,,,,
7696,,,,,,,,,,,
7697,,,,,,,,,,,
7698,,,,,,,,,,,
7699,,,,,,,,,,,
7700,,,,,,,,,,,
7701,,,,,,,,,,,
7702,,,,,,,,,,,
7703,,,,,,,,,,,
7704,,,,,,,,,,,
7705,,,,,,,,,,,
7706,,,,,,,,,,,
7707,,,,,,,,,,,
7708,,,,,,,,,,,
7709,,,,,,,,,,,
7710,,,,,,,,,,,
7711,,,,,,,,,,,
7712,,,,,,,,,,,
7713,,,,,,,,,,,
7714,,,,,,,,,,,
7715,,,,,,,,,,,
7716,,,,,,,,,,,
7717,,,,,,,,,,,
7718,,,,,,,,,,,
7719,,,,,,,,,,,
7720,,,,,,,,,,,
7721,,,,,,,,,,,
7722,,,,,,,,,,,
7723,,,,,,,,,,,
7724,,,,,,,,,,,
7725,,,,,,,,,,,
7726,,,,,,,,,,,
7727,,,,,,,,,,,
7728,,,,,,,,,,,
7729,,,,,,,,,,,
7730,,,,,,,,,,,
7731,,,,,,,,,,,
7732,,,,,,,,,,,
7733,,,,,,,,,,,
7734,,,,,,,,,,,
7735,,,,,,,,,,,
7736,,,,,,,,,,,
7737,,,,,,,,,,,
7738,,,,,,,,,,,
7739,,,,,,,,,,,
7740,,,,,,,,,,,
7741,,,,,,,,,,,
7742,,,,,,,,,,,
7743,,,,,,,,,,,
7744,,,,,,,,,,,
7745,,,,,,,,,,,
7746,,,,,,,,,,,
7747,,,,,,,,,,,
7748,,,,,,,,,,,
7749,,,,,,,,,,,
7750,,,,,,,,,,,
7751,,,,,,,,,,,
7752,,,,,,,,,,,
7753,,,,,,,,,,,
7754,,,,,,,,,,,
7755,,,,,,,,,,,
7756,,,,,,,,,,,
7757,,,,,,,,,,,
7758,,,,,,,,,,,
7759,,,,,,,,,,,
7760,,,,,,,,,,,
7761,,,,,,,,,,,
7762,,,,,,,,,,,
7763,,,,,,,,,,,
7764,,,,,,,,,,,
7765,,,,,,,,,,,
7766,,,,,,,,,,,
7767,,,,,,,,,,,
7768,,,,,,,,,,,
7769,,,,,,,,,,,
7770,,,,,,,,,,,
7771,,,,,,,,,,,
7772,,,,,,,,,,,
7773,,,,,,,,,,,
7774,,,,,,,,,,,
7775,,,,,,,,,,,
7776,,,,,,,,,,,
7777,,,,,,,,,,,
7778,,,,,,,,,,,
7779,,,,,,,,,,,
7780,,,,,,,,,,,
7781,,,,,,,,,,,
7782,,,,,,,,,,,
7783,,,,,,,,,,,
7784,,,,,,,,,,,
7785,,,,,,,,,,,
7786,,,,,,,,,,,
7787,,,,,,,,,,,
7788,,,,,,,,,,,
7789,,,,,,,,,,,
7790,,,,,,,,,,,
7791,,,,,,,,,,,
7792,,,,,,,,,,,
7793,,,,,,,,,,,
7794,,,,,,,,,,,
7795,,,,,,,,,,,
7796,,,,,,,,,,,
7797,,,,,,,,,,,
7798,,,,,,,,,,,
7799,,,,,,,,,,,
7800,,,,,,,,,,,
7801,,,,,,,,,,,
7802,,,,,,,,,,,
7803,,,,,,,,,,,
7804,,,,,,,,,,,
7805,,,,,,,,,,,
7806,,,,,,,,,,,
7807,,,,,,,,,,,
7808,,,,,,,,,,,
7809,,,,,,,,,,,
7810,,,,,,,,,,,
7811,,,,,,,,,,,
7812,,,,,,,,,,,
7813,,,,,,,,,,,
7814,,,,,,,,,,,
7815,,,,,,,,,,,
7816,,,,,,,,,,,
7817,,,,,,,,,,,
7818,,,,,,,,,,,
7819,,,,,,,,,,,
7820,,,,,,,,,,,
7821,,,,,,,,,,,
7822,,,,,,,,,,,
7823,,,,,,,,,,,
7824,,,,,,,,,,,
7825,,,,,,,,,,,
7826,,,,,,,,,,,
7827,,,,,,,,,,,
7828,,,,,,,,,,,
7829,,,,,,,,,,,
7830,,,,,,,,,,,
7831,,,,,,,,,,,
7832,,,,,,,,,,,
7833,,,,,,,,,,,
7834,,,,,,,,,,,
7835,,,,,,,,,,,
7836,,,,,,,,,,,
7837,,,,,,,,,,,
7838,,,,,,,,,,,
7839,,,,,,,,,,,
7840,,,,,,,,,,,
7841,,,,,,,,,,,
7842,,,,,,,,,,,
7843,,,,,,,,,,,
7844,,,,,,,,,,,
7845,,,,,,,,,,,
7846,,,,,,,,,,,
7847,,,,,,,,,,,
7848,,,,,,,,,,,
7849,,,,,,,,,,,
7850,,,,,,,,,,,
7851,,,,,,,,,,,
7852,,,,,,,,,,,
7853,,,,,,,,,,,
7854,,,,,,,,,,,
7855,,,,,,,,,,,
7856,,,,,,,,,,,
7857,,,,,,,,,,,
7858,,,,,,,,,,,
7859,,,,,,,,,,,
7860,,,,,,,,,,,
7861,,,,,,,,,,,
7862,,,,,,,,,,,
7863,,,,,,,,,,,
7864,,,,,,,,,,,
7865,,,,,,,,,,,
7866,,,,,,,,,,,
7867,,,,,,,,,,,
7868,,,,,,,,,,,
7869,,,,,,,,,,,
7870,,,,,,,,,,,
7871,,,,,,,,,,,
7872,,,,,,,,,,,
7873,,,,,,,,,,,
7874,,,,,,,,,,,
7875,,,,,,,,,,,
7876,,,,,,,,,,,
7877,,,,,,,,,,,
7878,,,,,,,,,,,
7879,,,,,,,,,,,
7880,,,,,,,,,,,
7881,,,,,,,,,,,
7882,,,,,,,,,,,
7883,,,,,,,,,,,
7884,,,,,,,,,,,
7885,,,,,,,,,,,
7886,,,,,,,,,,,
7887,,,,,,,,,,,
7888,,,,,,,,,,,
7889,,,,,,,,,,,
7890,,,,,,,,,,,
7891,,,,,,,,,,,
7892,,,,,,,,,,,
7893,,,,,,,,,,,
7894,,,,,,,,,,,
7895,,,,,,,,,,,
7896,,,,,,,,,,,
7897,,,,,,,,,,,
7898,,,,,,,,,,,
7899,,,,,,,,,,,
7900,,,,,,,,,,,
7901,,,,,,,,,,,
7902,,,,,,,,,,,
7903,,,,,,,,,,,
7904,,,,,,,,,,,
7905,,,,,,,,,,,
7906,,,,,,,,,,,
7907,,,,,,,,,,,
7908,,,,,,,,,,,
7909,,,,,,,,,,,
7910,,,,,,,,,,,
7911,,,,,,,,,,,
7912,,,,,,,,,,,
7913,,,,,,,,,,,
7914,,,,,,,,,,,
7915,,,,,,,,,,,
7916,,,,,,,,,,,
7917,,,,,,,,,,,
7918,,,,,,,,,,,
7919,,,,,,,,,,,
7920,,,,,,,,,,,
7921,,,,,,,,,,,
7922,,,,,,,,,,,
7923,,,,,,,,,,,
7924,,,,,,,,,,,
7925,,,,,,,,,,,
7926,,,,,,,,,,,
7927,,,,,,,,,,,
7928,,,,,,,,,,,
7929,,,,,,,,,,,
7930,,,,,,,,,,,
7931,,,,,,,,,,,
7932,,,,,,,,,,,
7933,,,,,,,,,,,
7934,,,,,,,,,,,
7935,,,,,,,,,,,
7936,,,,,,,,,,,
7937,,,,,,,,,,,
7938,,,,,,,,,,,
7939,,,,,,,,,,,
7940,,,,,,,,,,,
7941,,,,,,,,,,,
7942,,,,,,,,,,,
7943,,,,,,,,,,,
7944,,,,,,,,,,,
7945,,,,,,,,,,,
7946,,,,,,,,,,,
7947,,,,,,,,,,,
7948,,,,,,,,,,,
7949,,,,,,,,,,,
7950,,,,,,,,,,,
7951,,,,,,,,,,,
7952,,,,,,,,,,,
7953,,,,,,,,,,,
7954,,,,,,,,,,,
7955,,,,,,,,,,,
7956,,,,,,,,,,,
7957,,,,,,,,,,,
7958,,,,,,,,,,,
7959,,,,,,,,,,,
7960,,,,,,,,,,,
7961,,,,,,,,,,,
7962,,,,,,,,,,,
7963,,,,,,,,,,,
7964,,,,,,,,,,,
7965,,,,,,,,,,,
7966,,,,,,,,,,,
7967,,,,,,,,,,,
7968,,,,,,,,,,,
7969,,,,,,,,,,,
7970,,,,,,,,,,,
7971,,,,,,,,,,,
7972,,,,,,,,,,,
7973,,,,,,,,,,,
7974,,,,,,,,,,,
7975,,,,,,,,,,,
7976,,,,,,,,,,,
7977,,,,,,,,,,,
7978,,,,,,,,,,,
7979,,,,,,,,,,,
7980,,,,,,,,,,,
7981,,,,,,,,,,,
7982,,,,,,,,,,,
7983,,,,,,,,,,,
7984,,,,,,,,,,,
7985,,,,,,,,,,,
7986,,,,,,,,,,,
7987,,,,,,,,,,,
7988,,,,,,,,,,,
7989,,,,,,,,,,,
7990,,,,,,,,,,,
7991,,,,,,,,,,,
7992,,,,,,,,,,,
7993,,,,,,,,,,,
7994,,,,,,,,,,,
7995,,,,,,,,,,,
7996,,,,,,,,,,,
7997,,,,,,,,,,,
7998,,,,,,,,,,,
7999,,,,,,,,,,,
8000,,,,,,,,,,,
8001,,,,,,,,,,,
8002,,,,,,,,,,,
8003,,,,,,,,,,,
8004,,,,,,,,,,,
8005,,,,,,,,,,,
8006,,,,,,,,,,,
8007,,,,,,,,,,,
8008,,,,,,,,,,,
8009,,,,,,,,,,,
8010,,,,,,,,,,,
8011,,,,,,,,,,,
8012,,,,,,,,,,,
8013,,,,,,,,,,,
8014,,,,,,,,,,,
8015,,,,,,,,,,,
8016,,,,,,,,,,,
8017,,,,,,,,,,,
8018,,,,,,,,,,,
8019,,,,,,,,,,,
8020,,,,,,,,,,,
8021,,,,,,,,,,,
8022,,,,,,,,,,,
8023,,,,,,,,,,,
8024,,,,,,,,,,,
8025,,,,,,,,,,,
8026,,,,,,,,,,,
8027,,,,,,,,,,,
8028,,,,,,,,,,,
8029,,,,,,,,,,,
8030,,,,,,,,,,,
8031,,,,,,,,,,,
8032,,,,,,,,,,,
8033,,,,,,,,,,,
8034,,,,,,,,,,,
8035,,,,,,,,,,,
8036,,,,,,,,,,,
8037,,,,,,,,,,,
8038,,,,,,,,,,,
8039,,,,,,,,,,,
8040,,,,,,,,,,,
8041,,,,,,,,,,,
8042,,,,,,,,,,,
8043,,,,,,,,,,,
8044,,,,,,,,,,,
8045,,,,,,,,,,,
8046,,,,,,,,,,,
8047,,,,,,,,,,,
8048,,,,,,,,,,,
8049,,,,,,,,,,,
8050,,,,,,,,,,,
8051,,,,,,,,,,,
8052,,,,,,,,,,,
8053,,,,,,,,,,,
8054,,,,,,,,,,,
8055,,,,,,,,,,,
8056,,,,,,,,,,,
8057,,,,,,,,,,,
8058,,,,,,,,,,,
8059,,,,,,,,,,,
8060,,,,,,,,,,,
8061,,,,,,,,,,,
8062,,,,,,,,,,,
8063,,,,,,,,,,,
8064,,,,,,,,,,,
8065,,,,,,,,,,,
8066,,,,,,,,,,,
8067,,,,,,,,,,,
8068,,,,,,,,,,,
8069,,,,,,,,,,,
8070,,,,,,,,,,,
8071,,,,,,,,,,,
8072,,,,,,,,,,,
8073,,,,,,,,,,,
8074,,,,,,,,,,,
8075,,,,,,,,,,,
8076,,,,,,,,,,,
8077,,,,,,,,,,,
8078,,,,,,,,,,,
8079,,,,,,,,,,,
8080,,,,,,,,,,,
8081,,,,,,,,,,,
8082,,,,,,,,,,,
8083,,,,,,,,,,,
8084,,,,,,,,,,,
8085,,,,,,,,,,,
8086,,,,,,,,,,,
8087,,,,,,,,,,,
8088,,,,,,,,,,,
8089,,,,,,,,,,,
8090,,,,,,,,,,,
8091,,,,,,,,,,,
8092,,,,,,,,,,,
8093,,,,,,,,,,,
8094,,,,,,,,,,,
8095,,,,,,,,,,,
8096,,,,,,,,,,,
8097,,,,,,,,,,,
8098,,,,,,,,,,,
8099,,,,,,,,,,,
8100,,,,,,,,,,,
8101,,,,,,,,,,,
8102,,,,,,,,,,,
8103,,,,,,,,,,,
8104,,,,,,,,,,,
8105,,,,,,,,,,,
8106,,,,,,,,,,,
8107,,,,,,,,,,,
8108,,,,,,,,,,,
8109,,,,,,,,,,,
8110,,,,,,,,,,,
8111,,,,,,,,,,,
8112,,,,,,,,,,,
8113,,,,,,,,,,,
8114,,,,,,,,,,,
8115,,,,,,,,,,,
8116,,,,,,,,,,,
8117,,,,,,,,,,,
8118,,,,,,,,,,,
8119,,,,,,,,,,,
8120,,,,,,,,,,,
8121,,,,,,,,,,,
8122,,,,,,,,,,,
8123,,,,,,,,,,,
8124,,,,,,,,,,,
8125,,,,,,,,,,,
8126,,,,,,,,,,,
8127,,,,,,,,,,,
8128,,,,,,,,,,,
8129,,,,,,,,,,,
8130,,,,,,,,,,,
8131,,,,,,,,,,,
8132,,,,,,,,,,,
8133,,,,,,,,,,,
8134,,,,,,,,,,,
8135,,,,,,,,,,,
8136,,,,,,,,,,,
8137,,,,,,,,,,,
8138,,,,,,,,,,,
8139,,,,,,,,,,,
8140,,,,,,,,,,,
8141,,,,,,,,,,,
8142,,,,,,,,,,,
8143,,,,,,,,,,,
8144,,,,,,,,,,,
8145,,,,,,,,,,,
8146,,,,,,,,,,,
8147,,,,,,,,,,,
8148,,,,,,,,,,,
8149,,,,,,,,,,,
8150,,,,,,,,,,,
8151,,,,,,,,,,,
8152,,,,,,,,,,,
8153,,,,,,,,,,,
8154,,,,,,,,,,,
8155,,,,,,,,,,,
8156,,,,,,,,,,,
8157,,,,,,,,,,,
8158,,,,,,,,,,,
8159,,,,,,,,,,,
8160,,,,,,,,,,,
8161,,,,,,,,,,,
8162,,,,,,,,,,,
8163,,,,,,,,,,,
8164,,,,,,,,,,,
8165,,,,,,,,,,,
8166,,,,,,,,,,,
8167,,,,,,,,,,,
8168,,,,,,,,,,,
8169,,,,,,,,,,,
8170,,,,,,,,,,,
8171,,,,,,,,,,,
8172,,,,,,,,,,,
8173,,,,,,,,,,,
8174,,,,,,,,,,,
8175,,,,,,,,,,,
8176,,,,,,,,,,,
8177,,,,,,,,,,,
8178,,,,,,,,,,,
8179,,,,,,,,,,,
8180,,,,,,,,,,,
8181,,,,,,,,,,,
8182,,,,,,,,,,,
8183,,,,,,,,,,,
8184,,,,,,,,,,,
8185,,,,,,,,,,,
8186,,,,,,,,,,,
8187,,,,,,,,,,,
8188,,,,,,,,,,,
8189,,,,,,,,,,,
8190,,,,,,,,,,,
8191,,,,,,,,,,,
8192,,,,,,,,,,,
8193,,,,,,,,,,,
8194,,,,,,,,,,,
8195,,,,,,,,,,,
8196,,,,,,,,,,,
8197,,,,,,,,,,,
8198,,,,,,,,,,,
8199,,,,,,,,,,,
8200,,,,,,,,,,,
8201,,,,,,,,,,,
8202,,,,,,,,,,,
8203,,,,,,,,,,,
8204,,,,,,,,,,,
8205,,,,,,,,,,,
8206,,,,,,,,,,,
8207,,,,,,,,,,,
8208,,,,,,,,,,,
8209,,,,,,,,,,,
8210,,,,,,,,,,,
8211,,,,,,,,,,,
8212,,,,,,,,,,,
8213,,,,,,,,,,,
8214,,,,,,,,,,,
8215,,,,,,,,,,,
8216,,,,,,,,,,,
8217,,,,,,,,,,,
8218,,,,,,,,,,,
8219,,,,,,,,,,,
8220,,,,,,,,,,,
8221,,,,,,,,,,,
8222,,,,,,,,,,,
8223,,,,,,,,,,,
8224,,,,,,,,,,,
8225,,,,,,,,,,,
8226,,,,,,,,,,,
8227,,,,,,,,,,,
8228,,,,,,,,,,,
8229,,,,,,,,,,,
8230,,,,,,,,,,,
8231,,,,,,,,,,,
8232,,,,,,,,,,,
8233,,,,,,,,,,,
8234,,,,,,,,,,,
8235,,,,,,,,,,,
8236,,,,,,,,,,,
8237,,,,,,,,,,,
8238,,,,,,,,,,,
8239,,,,,,,,,,,
8240,,,,,,,,,,,
8241,,,,,,,,,,,
8242,,,,,,,,,,,
8243,,,,,,,,,,,
8244,,,,,,,,,,,
8245,,,,,,,,,,,
8246,,,,,,,,,,,
8247,,,,,,,,,,,
8248,,,,,,,,,,,
8249,,,,,,,,,,,
8250,,,,,,,,,,,
8251,,,,,,,,,,,
8252,,,,,,,,,,,
8253,,,,,,,,,,,
8254,,,,,,,,,,,
8255,,,,,,,,,,,
8256,,,,,,,,,,,
8257,,,,,,,,,,,
8258,,,,,,,,,,,
8259,,,,,,,,,,,
8260,,,,,,,,,,,
8261,,,,,,,,,,,
8262,,,,,,,,,,,
8263,,,,,,,,,,,
8264,,,,,,,,,,,
8265,,,,,,,,,,,
8266,,,,,,,,,,,
8267,,,,,,,,,,,
8268,,,,,,,,,,,
8269,,,,,,,,,,,
8270,,,,,,,,,,,
8271,,,,,,,,,,,
8272,,,,,,,,,,,
8273,,,,,,,,,,,
8274,,,,,,,,,,,
8275,,,,,,,,,,,
8276,,,,,,,,,,,
8277,,,,,,,,,,,
8278,,,,,,,,,,,
8279,,,,,,,,,,,
8280,,,,,,,,,,,
8281,,,,,,,,,,,
8282,,,,,,,,,,,
8283,,,,,,,,,,,
8284,,,,,,,,,,,
8285,,,,,,,,,,,
8286,,,,,,,,,,,
8287,,,,,,,,,,,
8288,,,,,,,,,,,
8289,,,,,,,,,,,
8290,,,,,,,,,,,
8291,,,,,,,,,,,
8292,,,,,,,,,,,
8293,,,,,,,,,,,
8294,,,,,,,,,,,
8295,,,,,,,,,,,
8296,,,,,,,,,,,
8297,,,,,,,,,,,
8298,,,,,,,,,,,
8299,,,,,,,,,,,
8300,,,,,,,,,,,
8301,,,,,,,,,,,
8302,,,,,,,,,,,
8303,,,,,,,,,,,
8304,,,,,,,,,,,
8305,,,,,,,,,,,
8306,,,,,,,,,,,
8307,,,,,,,,,,,
8308,,,,,,,,,,,
8309,,,,,,,,,,,
8310,,,,,,,,,,,
8311,,,,,,,,,,,
8312,,,,,,,,,,,
8313,,,,,,,,,,,
8314,,,,,,,,,,,
8315,,,,,,,,,,,
8316,,,,,,,,,,,
8317,,,,,,,,,,,
8318,,,,,,,,,,,
8319,,,,,,,,,,,
8320,,,,,,,,,,,
8321,,,,,,,,,,,
8322,,,,,,,,,,,
8323,,,,,,,,,,,
8324,,,,,,,,,,,
8325,,,,,,,,,,,
8326,,,,,,,,,,,
8327,,,,,,,,,,,
8328,,,,,,,,,,,
8329,,,,,,,,,,,
8330,,,,,,,,,,,
8331,,,,,,,,,,,
8332,,,,,,,,,,,
8333,,,,,,,,,,,
8334,,,,,,,,,,,
8335,,,,,,,,,,,
8336,,,,,,,,,,,
8337,,,,,,,,,,,
8338,,,,,,,,,,,
8339,,,,,,,,,,,
8340,,,,,,,,,,,
8341,,,,,,,,,,,
8342,,,,,,,,,,,
8343,,,,,,,,,,,
8344,,,,,,,,,,,
8345,,,,,,,,,,,
8346,,,,,,,,,,,
8347,,,,,,,,,,,
8348,,,,,,,,,,,
8349,,,,,,,,,,,
8350,,,,,,,,,,,
8351,,,,,,,,,,,
8352,,,,,,,,,,,
8353,,,,,,,,,,,
8354,,,,,,,,,,,
8355,,,,,,,,,,,
8356,,,,,,,,,,,
8357,,,,,,,,,,,
8358,,,,,,,,,,,
8359,,,,,,,,,,,
8360,,,,,,,,,,,
8361,,,,,,,,,,,
8362,,,,,,,,,,,
8363,,,,,,,,,,,
8364,,,,,,,,,,,
8365,,,,,,,,,,,
8366,,,,,,,,,,,
8367,,,,,,,,,,,
8368,,,,,,,,,,,
8369,,,,,,,,,,,
8370,,,,,,,,,,,
8371,,,,,,,,,,,
8372,,,,,,,,,,,
8373,,,,,,,,,,,
8374,,,,,,,,,,,
8375,,,,,,,,,,,
8376,,,,,,,,,,,
8377,,,,,,,,,,,
8378,,,,,,,,,,,
8379,,,,,,,,,,,
8380,,,,,,,,,,,
8381,,,,,,,,,,,
8382,,,,,,,,,,,
8383,,,,,,,,,,,
8384,,,,,,,,,,,
8385,,,,,,,,,,,
8386,,,,,,,,,,,
8387,,,,,,,,,,,
8388,,,,,,,,,,,
8389,,,,,,,,,,,
8390,,,,,,,,,,,
8391,,,,,,,,,,,
8392,,,,,,,,,,,
8393,,,,,,,,,,,
8394,,,,,,,,,,,
8395,,,,,,,,,,,
8396,,,,,,,,,,,
8397,,,,,,,,,,,
8398,,,,,,,,,,,
8399,,,,,,,,,,,
8400,,,,,,,,,,,
8401,,,,,,,,,,,
8402,,,,,,,,,,,
8403,,,,,,,,,,,
8404,,,,,,,,,,,
8405,,,,,,,,,,,
8406,,,,,,,,,,,
8407,,,,,,,,,,,
8408,,,,,,,,,,,
8409,,,,,,,,,,,
8410,,,,,,,,,,,
8411,,,,,,,,,,,
8412,,,,,,,,,,,
8413,,,,,,,,,,,
8414,,,,,,,,,,,
8415,,,,,,,,,,,
8416,,,,,,,,,,,
8417,,,,,,,,,,,
8418,,,,,,,,,,,
8419,,,,,,,,,,,
8420,,,,,,,,,,,
8421,,,,,,,,,,,
8422,,,,,,,,,,,
8423,,,,,,,,,,,
8424,,,,,,,,,,,
8425,,,,,,,,,,,
8426,,,,,,,,,,,
8427,,,,,,,,,,,
8428,,,,,,,,,,,
8429,,,,,,,,,,,
8430,,,,,,,,,,,
8431,,,,,,,,,,,
8432,,,,,,,,,,,
8433,,,,,,,,,,,
8434,,,,,,,,,,,
8435,,,,,,,,,,,
8436,,,,,,,,,,,
8437,,,,,,,,,,,
8438,,,,,,,,,,,
8439,,,,,,,,,,,
8440,,,,,,,,,,,
8441,,,,,,,,,,,
8442,,,,,,,,,,,
8443,,,,,,,,,,,
8444,,,,,,,,,,,
8445,,,,,,,,,,,
8446,,,,,,,,,,,
8447,,,,,,,,,,,
8448,,,,,,,,,,,
8449,,,,,,,,,,,
8450,,,,,,,,,,,
8451,,,,,,,,,,,
8452,,,,,,,,,,,
8453,,,,,,,,,,,
8454,,,,,,,,,,,
8455,,,,,,,,,,,
8456,,,,,,,,,,,
8457,,,,,,,,,,,
8458,,,,,,,,,,,
8459,,,,,,,,,,,
8460,,,,,,,,,,,
8461,,,,,,,,,,,
8462,,,,,,,,,,,
8463,,,,,,,,,,,
8464,,,,,,,,,,,
8465,,,,,,,,,,,
8466,,,,,,,,,,,
8467,,,,,,,,,,,
8468,,,,,,,,,,,
8469,,,,,,,,,,,
8470,,,,,,,,,,,
8471,,,,,,,,,,,
8472,,,,,,,,,,,
8473,,,,,,,,,,,
8474,,,,,,,,,,,
8475,,,,,,,,,,,
8476,,,,,,,,,,,
8477,,,,,,,,,,,
8478,,,,,,,,,,,
8479,,,,,,,,,,,
8480,,,,,,,,,,,
8481,,,,,,,,,,,
8482,,,,,,,,,,,
8483,,,,,,,,,,,
8484,,,,,,,,,,,
8485,,,,,,,,,,,
8486,,,,,,,,,,,
8487,,,,,,,,,,,
8488,,,,,,,,,,,
8489,,,,,,,,,,,
8490,,,,,,,,,,,
8491,,,,,,,,,,,
8492,,,,,,,,,,,
8493,,,,,,,,,,,
8494,,,,,,,,,,,
8495,,,,,,,,,,,
8496,,,,,,,,,,,
8497,,,,,,,,,,,
8498,,,,,,,,,,,
8499,,,,,,,,,,,
8500,,,,,,,,,,,
8501,,,,,,,,,,,
8502,,,,,,,,,,,
8503,,,,,,,,,,,
8504,,,,,,,,,,,
8505,,,,,,,,,,,
8506,,,,,,,,,,,
8507,,,,,,,,,,,
8508,,,,,,,,,,,
8509,,,,,,,,,,,
8510,,,,,,,,,,,
8511,,,,,,,,,,,
8512,,,,,,,,,,,
8513,,,,,,,,,,,
8514,,,,,,,,,,,
8515,,,,,,,,,,,
8516,,,,,,,,,,,
8517,,,,,,,,,,,
8518,,,,,,,,,,,
8519,,,,,,,,,,,
8520,,,,,,,,,,,
8521,,,,,,,,,,,
8522,,,,,,,,,,,
8523,,,,,,,,,,,
8524,,,,,,,,,,,
8525,,,,,,,,,,,
8526,,,,,,,,,,,
8527,,,,,,,,,,,
8528,,,,,,,,,,,
8529,,,,,,,,,,,
8530,,,,,,,,,,,
8531,,,,,,,,,,,
8532,,,,,,,,,,,
8533,,,,,,,,,,,
8534,,,,,,,,,,,
8535,,,,,,,,,,,
8536,,,,,,,,,,,
8537,,,,,,,,,,,
8538,,,,,,,,,,,
8539,,,,,,,,,,,
8540,,,,,,,,,,,
8541,,,,,,,,,,,
8542,,,,,,,,,,,
8543,,,,,,,,,,,
8544,,,,,,,,,,,
8545,,,,,,,,,,,
8546,,,,,,,,,,,
8547,,,,,,,,,,,
8548,,,,,,,,,,,
8549,,,,,,,,,,,
8550,,,,,,,,,,,
8551,,,,,,,,,,,
8552,,,,,,,,,,,
8553,,,,,,,,,,,
8554,,,,,,,,,,,
8555,,,,,,,,,,,
8556,,,,,,,,,,,
8557,,,,,,,,,,,
8558,,,,,,,,,,,
8559,,,,,,,,,,,
8560,,,,,,,,,,,
8561,,,,,,,,,,,
8562,,,,,,,,,,,
8563,,,,,,,,,,,
8564,,,,,,,,,,,
8565,,,,,,,,,,,
8566,,,,,,,,,,,
8567,,,,,,,,,,,
8568,,,,,,,,,,,
8569,,,,,,,,,,,
8570,,,,,,,,,,,
8571,,,,,,,,,,,
8572,,,,,,,,,,,
8573,,,,,,,,,,,
8574,,,,,,,,,,,
8575,,,,,,,,,,,
8576,,,,,,,,,,,
8577,,,,,,,,,,,
8578,,,,,,,,,,,
8579,,,,,,,,,,,
8580,,,,,,,,,,,
8581,,,,,,,,,,,
8582,,,,,,,,,,,
8583,,,,,,,,,,,
8584,,,,,,,,,,,
8585,,,,,,,,,,,
8586,,,,,,,,,,,
8587,,,,,,,,,,,
8588,,,,,,,,,,,
8589,,,,,,,,,,,
8590,,,,,,,,,,,
8591,,,,,,,,,,,
8592,,,,,,,,,,,
8593,,,,,,,,,,,
8594,,,,,,,,,,,
8595,,,,,,,,,,,
8596,,,,,,,,,,,
8597,,,,,,,,,,,
8598,,,,,,,,,,,
8599,,,,,,,,,,,
8600,,,,,,,,,,,
8601,,,,,,,,,,,
8602,,,,,,,,,,,
8603,,,,,,,,,,,
8604,,,,,,,,,,,
8605,,,,,,,,,,,
8606,,,,,,,,,,,
8607,,,,,,,,,,,
8608,,,,,,,,,,,
8609,,,,,,,,,,,
8610,,,,,,,,,,,
8611,,,,,,,,,,,
8612,,,,,,,,,,,
8613,,,,,,,,,,,
8614,,,,,,,,,,,
8615,,,,,,,,,,,
8616,,,,,,,,,,,
8617,,,,,,,,,,,
8618,,,,,,,,,,,
8619,,,,,,,,,,,
8620,,,,,,,,,,,
8621,,,,,,,,,,,
8622,,,,,,,,,,,
8623,,,,,,,,,,,
8624,,,,,,,,,,,
8625,,,,,,,,,,,
8626,,,,,,,,,,,
8627,,,,,,,,,,,
8628,,,,,,,,,,,
8629,,,,,,,,,,,
8630,,,,,,,,,,,
8631,,,,,,,,,,,
8632,,,,,,,,,,,
8633,,,,,,,,,,,
8634,,,,,,,,,,,
8635,,,,,,,,,,,
8636,,,,,,,,,,,
8637,,,,,,,,,,,
8638,,,,,,,,,,,
8639,,,,,,,,,,,
8640,,,,,,,,,,,
8641,,,,,,,,,,,
8642,,,,,,,,,,,
8643,,,,,,,,,,,
8644,,,,,,,,,,,
8645,,,,,,,,,,,
8646,,,,,,,,,,,
8647,,,,,,,,,,,
8648,,,,,,,,,,,
8649,,,,,,,,,,,
8650,,,,,,,,,,,
8651,,,,,,,,,,,
8652,,,,,,,,,,,
8653,,,,,,,,,,,
8654,,,,,,,,,,,
8655,,,,,,,,,,,
8656,,,,,,,,,,,
8657,,,,,,,,,,,
8658,,,,,,,,,,,
8659,,,,,,,,,,,
8660,,,,,,,,,,,
8661,,,,,,,,,,,
8662,,,,,,,,,,,
8663,,,,,,,,,,,
8664,,,,,,,,,,,
8665,,,,,,,,,,,
8666,,,,,,,,,,,
8667,,,,,,,,,,,
8668,,,,,,,,,,,
8669,,,,,,,,,,,
8670,,,,,,,,,,,
8671,,,,,,,,,,,
8672,,,,,,,,,,,
8673,,,,,,,,,,,
8674,,,,,,,,,,,
8675,,,,,,,,,,,
8676,,,,,,,,,,,
8677,,,,,,,,,,,
8678,,,,,,,,,,,
8679,,,,,,,,,,,
8680,,,,,,,,,,,
8681,,,,,,,,,,,
8682,,,,,,,,,,,
8683,,,,,,,,,,,
8684,,,,,,,,,,,
8685,,,,,,,,,,,
8686,,,,,,,,,,,
8687,,,,,,,,,,,
8688,,,,,,,,,,,
8689,,,,,,,,,,,
8690,,,,,,,,,,,
8691,,,,,,,,,,,
8692,,,,,,,,,,,
8693,,,,,,,,,,,
8694,,,,,,,,,,,
8695,,,,,,,,,,,
8696,,,,,,,,,,,
8697,,,,,,,,,,,
8698,,,,,,,,,,,
8699,,,,,,,,,,,
8700,,,,,,,,,,,
8701,,,,,,,,,,,
8702,,,,,,,,,,,
8703,,,,,,,,,,,
8704,,,,,,,,,,,
8705,,,,,,,,,,,
8706,,,,,,,,,,,
8707,,,,,,,,,,,
8708,,,,,,,,,,,
8709,,,,,,,,,,,
8710,,,,,,,,,,,
8711,,,,,,,,,,,
8712,,,,,,,,,,,
8713,,,,,,,,,,,
8714,,,,,,,,,,,
8715,,,,,,,,,,,
8716,,,,,,,,,,,
8717,,,,,,,,,,,
8718,,,,,,,,,,,
8719,,,,,,,,,,,
8720,,,,,,,,,,,
8721,,,,,,,,,,,
8722,,,,,,,,,,,
8723,,,,,,,,,,,
8724,,,,,,,,,,,
8725,,,,,,,,,,,
8726,,,,,,,,,,,
8727,,,,,,,,,,,
8728,,,,,,,,,,,
8729,,,,,,,,,,,
8730,,,,,,,,,,,
8731,,,,,,,,,,,
8732,,,,,,,,,,,
8733,,,,,,,,,,,
8734,,,,,,,,,,,
8735,,,,,,,,,,,
8736,,,,,,,,,,,
8737,,,,,,,,,,,
8738,,,,,,,,,,,
8739,,,,,,,,,,,
8740,,,,,,,,,,,
8741,,,,,,,,,,,
8742,,,,,,,,,,,
8743,,,,,,,,,,,
8744,,,,,,,,,,,
8745,,,,,,,,,,,
8746,,,,,,,,,,,
8747,,,,,,,,,,,
8748,,,,,,,,,,,
8749,,,,,,,,,,,
8750,,,,,,,,,,,
8751,,,,,,,,,,,
8752,,,,,,,,,,,
8753,,,,,,,,,,,
8754,,,,,,,,,,,
8755,,,,,,,,,,,
8756,,,,,,,,,,,
8757,,,,,,,,,,,
8758,,,,,,,,,,,
8759,,,,,,,,,,,
8760,,,,,,,,,,,
8761,,,,,,,,,,,
8762,,,,,,,,,,,
8763,,,,,,,,,,,
8764,,,,,,,,,,,
8765,,,,,,,,,,,
8766,,,,,,,,,,,
8767,,,,,,,,,,,
8768,,,,,,,,,,,
8769,,,,,,,,,,,
8770,,,,,,,,,,,
8771,,,,,,,,,,,
8772,,,,,,,,,,,
8773,,,,,,,,,,,
8774,,,,,,,,,,,
8775,,,,,,,,,,,
8776,,,,,,,,,,,
8777,,,,,,,,,,,
8778,,,,,,,,,,,
8779,,,,,,,,,,,
8780,,,,,,,,,,,
8781,,,,,,,,,,,
8782,,,,,,,,,,,
8783,,,,,,,,,,,
8784,,,,,,,,,,,
8785,,,,,,,,,,,
8786,,,,,,,,,,,
8787,,,,,,,,,,,
8788,,,,,,,,,,,
8789,,,,,,,,,,,
8790,,,,,,,,,,,
8791,,,,,,,,,,,
8792,,,,,,,,,,,
8793,,,,,,,,,,,
8794,,,,,,,,,,,
8795,,,,,,,,,,,
8796,,,,,,,,,,,
8797,,,,,,,,,,,
8798,,,,,,,,,,,
8799,,,,,,,,,,,
8800,,,,,,,,,,,
8801,,,,,,,,,,,
8802,,,,,,,,,,,
8803,,,,,,,,,,,
8804,,,,,,,,,,,
8805,,,,,,,,,,,
8806,,,,,,,,,,,
8807,,,,,,,,,,,
8808,,,,,,,,,,,
8809,,,,,,,,,,,
8810,,,,,,,,,,,
8811,,,,,,,,,,,
8812,,,,,,,,,,,
8813,,,,,,,,,,,
8814,,,,,,,,,,,
8815,,,,,,,,,,,
8816,,,,,,,,,,,
8817,,,,,,,,,,,
8818,,,,,,,,,,,
8819,,,,,,,,,,,
8820,,,,,,,,,,,
8821,,,,,,,,,,,
8822,,,,,,,,,,,
8823,,,,,,,,,,,
8824,,,,,,,,,,,
8825,,,,,,,,,,,
8826,,,,,,,,,,,
8827,,,,,,,,,,,
8828,,,,,,,,,,,
8829,,,,,,,,,,,
8830,,,,,,,,,,,
8831,,,,,,,,,,,
8832,,,,,,,,,,,
8833,,,,,,,,,,,
8834,,,,,,,,,,,
8835,,,,,,,,,,,
8836,,,,,,,,,,,
8837,,,,,,,,,,,
8838,,,,,,,,,,,
8839,,,,,,,,,,,
8840,,,,,,,,,,,
8841,,,,,,,,,,,
8842,,,,,,,,,,,
8843,,,,,,,,,,,
8844,,,,,,,,,,,
8845,,,,,,,,,,,
8846,,,,,,,,,,,
8847,,,,,,,,,,,
8848,,,,,,,,,,,
8849,,,,,,,,,,,
8850,,,,,,,,,,,
8851,,,,,,,,,,,
8852,,,,,,,,,,,
8853,,,,,,,,,,,
8854,,,,,,,,,,,
8855,,,,,,,,,,,
8856,,,,,,,,,,,
8857,,,,,,,,,,,
8858,,,,,,,,,,,
8859,,,,,,,,,,,
8860,,,,,,,,,,,
8861,,,,,,,,,,,
8862,,,,,,,,,,,
8863,,,,,,,,,,,
8864,,,,,,,,,,,
8865,,,,,,,,,,,
8866,,,,,,,,,,,
8867,,,,,,,,,,,
8868,,,,,,,,,,,
8869,,,,,,,,,,,
8870,,,,,,,,,,,
8871,,,,,,,,,,,
8872,,,,,,,,,,,
8873,,,,,,,,,,,
8874,,,,,,,,,,,
8875,,,,,,,,,,,
8876,,,,,,,,,,,
8877,,,,,,,,,,,
8878,,,,,,,,,,,
8879,,,,,,,,,,,
8880,,,,,,,,,,,
8881,,,,,,,,,,,
8882,,,,,,,,,,,
8883,,,,,,,,,,,
8884,,,,,,,,,,,
8885,,,,,,,,,,,
8886,,,,,,,,,,,
8887,,,,,,,,,,,
8888,,,,,,,,,,,
8889,,,,,,,,,,,
8890,,,,,,,,,,,
8891,,,,,,,,,,,
8892,,,,,,,,,,,
8893,,,,,,,,,,,
8894,,,,,,,,,,,
8895,,,,,,,,,,,
8896,,,,,,,,,,,
8897,,,,,,,,,,,
8898,,,,,,,,,,,
8899,,,,,,,,,,,
8900,,,,,,,,,,,
8901,,,,,,,,,,,
8902,,,,,,,,,,,
8903,,,,,,,,,,,
8904,,,,,,,,,,,
8905,,,,,,,,,,,
8906,,,,,,,,,,,
8907,,,,,,,,,,,
8908,,,,,,,,,,,
8909,,,,,,,,,,,
8910,,,,,,,,,,,
8911,,,,,,,,,,,
8912,,,,,,,,,,,
8913,,,,,,,,,,,
8914,,,,,,,,,,,
8915,,,,,,,,,,,
8916,,,,,,,,,,,
8917,,,,,,,,,,,
8918,,,,,,,,,,,
8919,,,,,,,,,,,
8920,,,,,,,,,,,
8921,,,,,,,,,,,
8922,,,,,,,,,,,
8923,,,,,,,,,,,
8924,,,,,,,,,,,
8925,,,,,,,,,,,
8926,,,,,,,,,,,
8927,,,,,,,,,,,
8928,,,,,,,,,,,
8929,,,,,,,,,,,
8930,,,,,,,,,,,
8931,,,,,,,,,,,
8932,,,,,,,,,,,
8933,,,,,,,,,,,
8934,,,,,,,,,,,
8935,,,,,,,,,,,
8936,,,,,,,,,,,
8937,,,,,,,,,,,
8938,,,,,,,,,,,
8939,,,,,,,,,,,
8940,,,,,,,,,,,
8941,,,,,,,,,,,
8942,,,,,,,,,,,
8943,,,,,,,,,,,
8944,,,,,,,,,,,
8945,,,,,,,,,,,
8946,,,,,,,,,,,
8947,,,,,,,,,,,
8948,,,,,,,,,,,
8949,,,,,,,,,,,
8950,,,,,,,,,,,
8951,,,,,,,,,,,
8952,,,,,,,,,,,
8953,,,,,,,,,,,
8954,,,,,,,,,,,
8955,,,,,,,,,,,
8956,,,,,,,,,,,
8957,,,,,,,,,,,
8958,,,,,,,,,,,
8959,,,,,,,,,,,
8960,,,,,,,,,,,
8961,,,,,,,,,,,
8962,,,,,,,,,,,
8963,,,,,,,,,,,
8964,,,,,,,,,,,
8965,,,,,,,,,,,
8966,,,,,,,,,,,
8967,,,,,,,,,,,
8968,,,,,,,,,,,
8969,,,,,,,,,,,
8970,,,,,,,,,,,
8971,,,,,,,,,,,
8972,,,,,,,,,,,
8973,,,,,,,,,,,
8974,,,,,,,,,,,
8975,,,,,,,,,,,
8976,,,,,,,,,,,
8977,,,,,,,,,,,
8978,,,,,,,,,,,
8979,,,,,,,,,,,
8980,,,,,,,,,,,
8981,,,,,,,,,,,
8982,,,,,,,,,,,
8983,,,,,,,,,,,
8984,,,,,,,,,,,
8985,,,,,,,,,,,
8986,,,,,,,,,,,
8987,,,,,,,,,,,
8988,,,,,,,,,,,
8989,,,,,,,,,,,
8990,,,,,,,,,,,
8991,,,,,,,,,,,
8992,,,,,,,,,,,
8993,,,,,,,,,,,
8994,,,,,,,,,,,
8995,,,,,,,,,,,
8996,,,,,,,,,,,
8997,,,,,,,,,,,
8998,,,,,,,,,,,
8999,,,,,,,,,,,
9000,,,,,,,,,,,
9001,,,,,,,,,,,
9002,,,,,,,,,,,
9003,,,,,,,,,,,
9004,,,,,,,,,,,
9005,,,,,,,,,,,
9006,,,,,,,,,,,
9007,,,,,,,,,,,
9008,,,,,,,,,,,
9009,,,,,,,,,,,
9010,,,,,,,,,,,
9011,,,,,,,,,,,
9012,,,,,,,,,,,
9013,,,,,,,,,,,
9014,,,,,,,,,,,
9015,,,,,,,,,,,
9016,,,,,,,,,,,
9017,,,,,,,,,,,
9018,,,,,,,,,,,
9019,,,,,,,,,,,
9020,,,,,,,,,,,
9021,,,,,,,,,,,
9022,,,,,,,,,,,
9023,,,,,,,,,,,
9024,,,,,,,,,,,
9025,,,,,,,,,,,
9026,,,,,,,,,,,
9027,,,,,,,,,,,
9028,,,,,,,,,,,
9029,,,,,,,,,,,
9030,,,,,,,,,,,
9031,,,,,,,,,,,
9032,,,,,,,,,,,
9033,,,,,,,,,,,
9034,,,,,,,,,,,
9035,,,,,,,,,,,
9036,,,,,,,,,,,
9037,,,,,,,,,,,
9038,,,,,,,,,,,
9039,,,,,,,,,,,
9040,,,,,,,,,,,
9041,,,,,,,,,,,
9042,,,,,,,,,,,
9043,,,,,,,,,,,
9044,,,,,,,,,,,
9045,,,,,,,,,,,
9046,,,,,,,,,,,
9047,,,,,,,,,,,
9048,,,,,,,,,,,
9049,,,,,,,,,,,
9050,,,,,,,,,,,
9051,,,,,,,,,,,
9052,,,,,,,,,,,
9053,,,,,,,,,,,
9054,,,,,,,,,,,
9055,,,,,,,,,,,
9056,,,,,,,,,,,
9057,,,,,,,,,,,
9058,,,,,,,,,,,
9059,,,,,,,,,,,
9060,,,,,,,,,,,
9061,,,,,,,,,,,
9062,,,,,,,,,,,
9063,,,,,,,,,,,
9064,,,,,,,,,,,
9065,,,,,,,,,,,
9066,,,,,,,,,,,
9067,,,,,,,,,,,
9068,,,,,,,,,,,
9069,,,,,,,,,,,
9070,,,,,,,,,,,
9071,,,,,,,,,,,
9072,,,,,,,,,,,
9073,,,,,,,,,,,
9074,,,,,,,,,,,
9075,,,,,,,,,,,
9076,,,,,,,,,,,
9077,,,,,,,,,,,
9078,,,,,,,,,,,
9079,,,,,,,,,,,
9080,,,,,,,,,,,
9081,,,,,,,,,,,
9082,,,,,,,,,,,
9083,,,,,,,,,,,
9084,,,,,,,,,,,
9085,,,,,,,,,,,
9086,,,,,,,,,,,
9087,,,,,,,,,,,
9088,,,,,,,,,,,
9089,,,,,,,,,,,
9090,,,,,,,,,,,
9091,,,,,,,,,,,
9092,,,,,,,,,,,
9093,,,,,,,,,,,
9094,,,,,,,,,,,
9095,,,,,,,,,,,
9096,,,,,,,,,,,
9097,,,,,,,,,,,
9098,,,,,,,,,,,
9099,,,,,,,,,,,
9100,,,,,,,,,,,
9101,,,,,,,,,,,
9102,,,,,,,,,,,
9103,,,,,,,,,,,
9104,,,,,,,,,,,
9105,,,,,,,,,,,
9106,,,,,,,,,,,
9107,,,,,,,,,,,
9108,,,,,,,,,,,
9109,,,,,,,,,,,
9110,,,,,,,,,,,
9111,,,,,,,,,,,
9112,,,,,,,,,,,
9113,,,,,,,,,,,
9114,,,,,,,,,,,
9115,,,,,,,,,,,
9116,,,,,,,,,,,
9117,,,,,,,,,,,
9118,,,,,,,,,,,
9119,,,,,,,,,,,
9120,,,,,,,,,,,
9121,,,,,,,,,,,
9122,,,,,,,,,,,
9123,,,,,,,,,,,
9124,,,,,,,,,,,
9125,,,,,,,,,,,
9126,,,,,,,,,,,
9127,,,,,,,,,,,
9128,,,,,,,,,,,
9129,,,,,,,,,,,
9130,,,,,,,,,,,
9131,,,,,,,,,,,
9132,,,,,,,,,,,
9133,,,,,,,,,,,
9134,,,,,,,,,,,
9135,,,,,,,,,,,
9136,,,,,,,,,,,
9137,,,,,,,,,,,
9138,,,,,,,,,,,
9139,,,,,,,,,,,
9140,,,,,,,,,,,
9141,,,,,,,,,,,
9142,,,,,,,,,,,
9143,,,,,,,,,,,
9144,,,,,,,,,,,
9145,,,,,,,,,,,
9146,,,,,,,,,,,
9147,,,,,,,,,,,
9148,,,,,,,,,,,
9149,,,,,,,,,,,
9150,,,,,,,,,,,
9151,,,,,,,,,,,
9152,,,,,,,,,,,
9153,,,,,,,,,,,
9154,,,,,,,,,,,
9155,,,,,,,,,,,
9156,,,,,,,,,,,
9157,,,,,,,,,,,
9158,,,,,,,,,,,
9159,,,,,,,,,,,
9160,,,,,,,,,,,
9161,,,,,,,,,,,
9162,,,,,,,,,,,
9163,,,,,,,,,,,
9164,,,,,,,,,,,
9165,,,,,,,,,,,
9166,,,,,,,,,,,
9167,,,,,,,,,,,
9168,,,,,,,,,,,
9169,,,,,,,,,,,
9170,,,,,,,,,,,
9171,,,,,,,,,,,
9172,,,,,,,,,,,
9173,,,,,,,,,,,
9174,,,,,,,,,,,
9175,,,,,,,,,,,
9176,,,,,,,,,,,
9177,,,,,,,,,,,
9178,,,,,,,,,,,
9179,,,,,,,,,,,
9180,,,,,,,,,,,
9181,,,,,,,,,,,
9182,,,,,,,,,,,
9183,,,,,,,,,,,
9184,,,,,,,,,,,
9185,,,,,,,,,,,
9186,,,,,,,,,,,
9187,,,,,,,,,,,
9188,,,,,,,,,,,
9189,,,,,,,,,,,
9190,,,,,,,,,,,
9191,,,,,,,,,,,
9192,,,,,,,,,,,
9193,,,,,,,,,,,
9194,,,,,,,,,,,
9195,,,,,,,,,,,
9196,,,,,,,,,,,
9197,,,,,,,,,,,
9198,,,,,,,,,,,
9199,,,,,,,,,,,
9200,,,,,,,,,,,
9201,,,,,,,,,,,
9202,,,,,,,,,,,
9203,,,,,,,,,,,
9204,,,,,,,,,,,
9205,,,,,,,,,,,
9206,,,,,,,,,,,
9207,,,,,,,,,,,
9208,,,,,,,,,,,
9209,,,,,,,,,,,
9210,,,,,,,,,,,
9211,,,,,,,,,,,
9212,,,,,,,,,,,
9213,,,,,,,,,,,
9214,,,,,,,,,,,
9215,,,,,,,,,,,
9216,,,,,,,,,,,
9217,,,,,,,,,,,
9218,,,,,,,,,,,
9219,,,,,,,,,,,
9220,,,,,,,,,,,
9221,,,,,,,,,,,
9222,,,,,,,,,,,
9223,,,,,,,,,,,
9224,,,,,,,,,,,
9225,,,,,,,,,,,
9226,,,,,,,,,,,
9227,,,,,,,,,,,
9228,,,,,,,,,,,
9229,,,,,,,,,,,
9230,,,,,,,,,,,
9231,,,,,,,,,,,
9232,,,,,,,,,,,
9233,,,,,,,,,,,
9234,,,,,,,,,,,
9235,,,,,,,,,,,
9236,,,,,,,,,,,
9237,,,,,,,,,,,
9238,,,,,,,,,,,
9239,,,,,,,,,,,
9240,,,,,,,,,,,
9241,,,,,,,,,,,
9242,,,,,,,,,,,
9243,,,,,,,,,,,
9244,,,,,,,,,,,
9245,,,,,,,,,,,
9246,,,,,,,,,,,
9247,,,,,,,,,,,
9248,,,,,,,,,,,
9249,,,,,,,,,,,
9250,,,,,,,,,,,
9251,,,,,,,,,,,
9252,,,,,,,,,,,
9253,,,,,,,,,,,
9254,,,,,,,,,,,
9255,,,,,,,,,,,
9256,,,,,,,,,,,
9257,,,,,,,,,,,
9258,,,,,,,,,,,
9259,,,,,,,,,,,
9260,,,,,,,,,,,
9261,,,,,,,,,,,
9262,,,,,,,,,,,
9263,,,,,,,,,,,
9264,,,,,,,,,,,
9265,,,,,,,,,,,
9266,,,,,,,,,,,
9267,,,,,,,,,,,
9268,,,,,,,,,,,
9269,,,,,,,,,,,
9270,,,,,,,,,,,
9271,,,,,,,,,,,
9272,,,,,,,,,,,
9273,,,,,,,,,,,
9274,,,,,,,,,,,
9275,,,,,,,,,,,
9276,,,,,,,,,,,
9277,,,,,,,,,,,
9278,,,,,,,,,,,
9279,,,,,,,,,,,
9280,,,,,,,,,,,
9281,,,,,,,,,,,
9282,,,,,,,,,,,
9283,,,,,,,,,,,
9284,,,,,,,,,,,
9285,,,,,,,,,,,
9286,,,,,,,,,,,
9287,,,,,,,,,,,
9288,,,,,,,,,,,
9289,,,,,,,,,,,
9290,,,,,,,,,,,
9291,,,,,,,,,,,
9292,,,,,,,,,,,
9293,,,,,,,,,,,
9294,,,,,,,,,,,
9295,,,,,,,,,,,
9296,,,,,,,,,,,
9297,,,,,,,,,,,
9298,,,,,,,,,,,
9299,,,,,,,,,,,
9300,,,,,,,,,,,
9301,,,,,,,,,,,
9302,,,,,,,,,,,
9303,,,,,,,,,,,
9304,,,,,,,,,,,
9305,,,,,,,,,,,
9306,,,,,,,,,,,
9307,,,,,,,,,,,
9308,,,,,,,,,,,
9309,,,,,,,,,,,
9310,,,,,,,,,,,
9311,,,,,,,,,,,
9312,,,,,,,,,,,
9313,,,,,,,,,,,
9314,,,,,,,,,,,
9315,,,,,,,,,,,
9316,,,,,,,,,,,
9317,,,,,,,,,,,
9318,,,,,,,,,,,
9319,,,,,,,,,,,
9320,,,,,,,,,,,
9321,,,,,,,,,,,
9322,,,,,,,,,,,
9323,,,,,,,,,,,
9324,,,,,,,,,,,
9325,,,,,,,,,,,
9326,,,,,,,,,,,
9327,,,,,,,,,,,
9328,,,,,,,,,,,
9329,,,,,,,,,,,
9330,,,,,,,,,,,
9331,,,,,,,,,,,
9332,,,,,,,,,,,
9333,,,,,,,,,,,
9334,,,,,,,,,,,
9335,,,,,,,,,,,
9336,,,,,,,,,,,
9337,,,,,,,,,,,
9338,,,,,,,,,,,
9339,,,,,,,,,,,
9340,,,,,,,,,,,
9341,,,,,,,,,,,
9342,,,,,,,,,,,
9343,,,,,,,,,,,
9344,,,,,,,,,,,
9345,,,,,,,,,,,
9346,,,,,,,,,,,
9347,,,,,,,,,,,
9348,,,,,,,,,,,
9349,,,,,,,,,,,
9350,,,,,,,,,,,
9351,,,,,,,,,,,
9352,,,,,,,,,,,
9353,,,,,,,,,,,
9354,,,,,,,,,,,
9355,,,,,,,,,,,
9356,,,,,,,,,,,
9357,,,,,,,,,,,
9358,,,,,,,,,,,
9359,,,,,,,,,,,
9360,,,,,,,,,,,
9361,,,,,,,,,,,
9362,,,,,,,,,,,
9363,,,,,,,,,,,
9364,,,,,,,,,,,
9365,,,,,,,,,,,
9366,,,,,,,,,,,
9367,,,,,,,,,,,
9368,,,,,,,,,,,
9369,,,,,,,,,,,
9370,,,,,,,,,,,
9371,,,,,,,,,,,
9372,,,,,,,,,,,
9373,,,,,,,,,,,
9374,,,,,,,,,,,
9375,,,,,,,,,,,
9376,,,,,,,,,,,
9377,,,,,,,,,,,
9378,,,,,,,,,,,
9379,,,,,,,,,,,
9380,,,,,,,,,,,
9381,,,,,,,,,,,
9382,,,,,,,,,,,
9383,,,,,,,,,,,
9384,,,,,,,,,,,
9385,,,,,,,,,,,
9386,,,,,,,,,,,
9387,,,,,,,,,,,
9388,,,,,,,,,,,
9389,,,,,,,,,,,
9390,,,,,,,,,,,
9391,,,,,,,,,,,
9392,,,,,,,,,,,
9393,,,,,,,,,,,
9394,,,,,,,,,,,
9395,,,,,,,,,,,
9396,,,,,,,,,,,
9397,,,,,,,,,,,
9398,,,,,,,,,,,
9399,,,,,,,,,,,
9400,,,,,,,,,,,
9401,,,,,,,,,,,
9402,,,,,,,,,,,
9403,,,,,,,,,,,
9404,,,,,,,,,,,
9405,,,,,,,,,,,
9406,,,,,,,,,,,
9407,,,,,,,,,,,
9408,,,,,,,,,,,
9409,,,,,,,,,,,
9410,,,,,,,,,,,
9411,,,,,,,,,,,
9412,,,,,,,,,,,
9413,,,,,,,,,,,
9414,,,,,,,,,,,
9415,,,,,,,,,,,
9416,,,,,,,,,,,
9417,,,,,,,,,,,
9418,,,,,,,,,,,
9419,,,,,,,,,,,
9420,,,,,,,,,,,
9421,,,,,,,,,,,
9422,,,,,,,,,,,
9423,,,,,,,,,,,
9424,,,,,,,,,,,
9425,,,,,,,,,,,
9426,,,,,,,,,,,
9427,,,,,,,,,,,
9428,,,,,,,,,,,
9429,,,,,,,,,,,
9430,,,,,,,,,,,
9431,,,,,,,,,,,
9432,,,,,,,,,,,
9433,,,,,,,,,,,
9434,,,,,,,,,,,
9435,,,,,,,,,,,
9436,,,,,,,,,,,
9437,,,,,,,,,,,
9438,,,,,,,,,,,
9439,,,,,,,,,,,
9440,,,,,,,,,,,
9441,,,,,,,,,,,
9442,,,,,,,,,,,
9443,,,,,,,,,,,
9444,,,,,,,,,,,
9445,,,,,,,,,,,
9446,,,,,,,,,,,
9447,,,,,,,,,,,
9448,,,,,,,,,,,
9449,,,,,,,,,,,
9450,,,,,,,,,,,
9451,,,,,,,,,,,
9452,,,,,,,,,,,
9453,,,,,,,,,,,
9454,,,,,,,,,,,
9455,,,,,,,,,,,
9456,,,,,,,,,,,
9457,,,,,,,,,,,
9458,,,,,,,,,,,
9459,,,,,,,,,,,
9460,,,,,,,,,,,
9461,,,,,,,,,,,
9462,,,,,,,,,,,
9463,,,,,,,,,,,
9464,,,,,,,,,,,
9465,,,,,,,,,,,
9466,,,,,,,,,,,
9467,,,,,,,,,,,
9468,,,,,,,,,,,
9469,,,,,,,,,,,
9470,,,,,,,,,,,
9471,,,,,,,,,,,
9472,,,,,,,,,,,
9473,,,,,,,,,,,
9474,,,,,,,,,,,
9475,,,,,,,,,,,
9476,,,,,,,,,,,
9477,,,,,,,,,,,
9478,,,,,,,,,,,
9479,,,,,,,,,,,
9480,,,,,,,,,,,
9481,,,,,,,,,,,
9482,,,,,,,,,,,
9483,,,,,,,,,,,
9484,,,,,,,,,,,
9485,,,,,,,,,,,
9486,,,,,,,,,,,
9487,,,,,,,,,,,
9488,,,,,,,,,,,
9489,,,,,,,,,,,
9490,,,,,,,,,,,
9491,,,,,,,,,,,
9492,,,,,,,,,,,
9493,,,,,,,,,,,
9494,,,,,,,,,,,
9495,,,,,,,,,,,
9496,,,,,,,,,,,
9497,,,,,,,,,,,
9498,,,,,,,,,,,
9499,,,,,,,,,,,
9500,,,,,,,,,,,
9501,,,,,,,,,,,
9502,,,,,,,,,,,
9503,,,,,,,,,,,
9504,,,,,,,,,,,
9505,,,,,,,,,,,
9506,,,,,,,,,,,
9507,,,,,,,,,,,
9508,,,,,,,,,,,
9509,,,,,,,,,,,
9510,,,,,,,,,,,
9511,,,,,,,,,,,
9512,,,,,,,,,,,
9513,,,,,,,,,,,
9514,,,,,,,,,,,
9515,,,,,,,,,,,
9516,,,,,,,,,,,
9517,,,,,,,,,,,
9518,,,,,,,,,,,
9519,,,,,,,,,,,
9520,,,,,,,,,,,
9521,,,,,,,,,,,
9522,,,,,,,,,,,
9523,,,,,,,,,,,
9524,,,,,,,,,,,
9525,,,,,,,,,,,
9526,,,,,,,,,,,
9527,,,,,,,,,,,
9528,,,,,,,,,,,
9529,,,,,,,,,,,
9530,,,,,,,,,,,
9531,,,,,,,,,,,
9532,,,,,,,,,,,
9533,,,,,,,,,,,
9534,,,,,,,,,,,
9535,,,,,,,,,,,
9536,,,,,,,,,,,
9537,,,,,,,,,,,
9538,,,,,,,,,,,
9539,,,,,,,,,,,
9540,,,,,,,,,,,
9541,,,,,,,,,,,
9542,,,,,,,,,,,
9543,,,,,,,,,,,
9544,,,,,,,,,,,
9545,,,,,,,,,,,
9546,,,,,,,,,,,
9547,,,,,,,,,,,
9548,,,,,,,,,,,
9549,,,,,,,,,,,
9550,,,,,,,,,,,
9551,,,,,,,,,,,
9552,,,,,,,,,,,
9553,,,,,,,,,,,
9554,,,,,,,,,,,
9555,,,,,,,,,,,
9556,,,,,,,,,,,
9557,,,,,,,,,,,
9558,,,,,,,,,,,
9559,,,,,,,,,,,
9560,,,,,,,,,,,
9561,,,,,,,,,,,
9562,,,,,,,,,,,
9563,,,,,,,,,,,
9564,,,,,,,,,,,
9565,,,,,,,,,,,
9566,,,,,,,,,,,
9567,,,,,,,,,,,
9568,,,,,,,,,,,
9569,,,,,,,,,,,
9570,,,,,,,,,,,
9571,,,,,,,,,,,
9572,,,,,,,,,,,
9573,,,,,,,,,,,
9574,,,,,,,,,,,
9575,,,,,,,,,,,
9576,,,,,,,,,,,
9577,,,,,,,,,,,
9578,,,,,,,,,,,
9579,,,,,,,,,,,
9580,,,,,,,,,,,
9581,,,,,,,,,,,
9582,,,,,,,,,,,
9583,,,,,,,,,,,
9584,,,,,,,,,,,
9585,,,,,,,,,,,
9586,,,,,,,,,,,
9587,,,,,,,,,,,
9588,,,,,,,,,,,
9589,,,,,,,,,,,
9590,,,,,,,,,,,
9591,,,,,,,,,,,
9592,,,,,,,,,,,
9593,,,,,,,,,,,
9594,,,,,,,,,,,
9595,,,,,,,,,,,
9596,,,,,,,,,,,
9597,,,,,,,,,,,
9598,,,,,,,,,,,
9599,,,,,,,,,,,
9600,,,,,,,,,,,
9601,,,,,,,,,,,
9602,,,,,,,,,,,
9603,,,,,,,,,,,
9604,,,,,,,,,,,
9605,,,,,,,,,,,
9606,,,,,,,,,,,
9607,,,,,,,,,,,
9608,,,,,,,,,,,
9609,,,,,,,,,,,
9610,,,,,,,,,,,
9611,,,,,,,,,,,
9612,,,,,,,,,,,
9613,,,,,,,,,,,
9614,,,,,,,,,,,
9615,,,,,,,,,,,
9616,,,,,,,,,,,
9617,,,,,,,,,,,
9618,,,,,,,,,,,
9619,,,,,,,,,,,
9620,,,,,,,,,,,
9621,,,,,,,,,,,
9622,,,,,,,,,,,
9623,,,,,,,,,,,
9624,,,,,,,,,,,
9625,,,,,,,,,,,
9626,,,,,,,,,,,
9627,,,,,,,,,,,
9628,,,,,,,,,,,
9629,,,,,,,,,,,
9630,,,,,,,,,,,
9631,,,,,,,,,,,
9632,,,,,,,,,,,
9633,,,,,,,,,,,
9634,,,,,,,,,,,
9635,,,,,,,,,,,
9636,,,,,,,,,,,
9637,,,,,,,,,,,
9638,,,,,,,,,,,
9639,,,,,,,,,,,
9640,,,,,,,,,,,
9641,,,,,,,,,,,
9642,,,,,,,,,,,
9643,,,,,,,,,,,
9644,,,,,,,,,,,
9645,,,,,,,,,,,
9646,,,,,,,,,,,
9647,,,,,,,,,,,
9648,,,,,,,,,,,
9649,,,,,,,,,,,
9650,,,,,,,,,,,
9651,,,,,,,,,,,
9652,,,,,,,,,,,
9653,,,,,,,,,,,
9654,,,,,,,,,,,
9655,,,,,,,,,,,
9656,,,,,,,,,,,
9657,,,,,,,,,,,
9658,,,,,,,,,,,
9659,,,,,,,,,,,
9660,,,,,,,,,,,
9661,,,,,,,,,,,
9662,,,,,,,,,,,
9663,,,,,,,,,,,
9664,,,,,,,,,,,
9665,,,,,,,,,,,
9666,,,,,,,,,,,
9667,,,,,,,,,,,
9668,,,,,,,,,,,
9669,,,,,,,,,,,
9670,,,,,,,,,,,
9671,,,,,,,,,,,
9672,,,,,,,,,,,
9673,,,,,,,,,,,
9674,,,,,,,,,,,
9675,,,,,,,,,,,
9676,,,,,,,,,,,
9677,,,,,,,,,,,
9678,,,,,,,,,,,
9679,,,,,,,,,,,
9680,,,,,,,,,,,
9681,,,,,,,,,,,
9682,,,,,,,,,,,
9683,,,,,,,,,,,
9684,,,,,,,,,,,
9685,,,,,,,,,,,
9686,,,,,,,,,,,
9687,,,,,,,,,,,
9688,,,,,,,,,,,
9689,,,,,,,,,,,
9690,,,,,,,,,,,
9691,,,,,,,,,,,
9692,,,,,,,,,,,
9693,,,,,,,,,,,
9694,,,,,,,,,,,
9695,,,,,,,,,,,
9696,,,,,,,,,,,
9697,,,,,,,,,,,
9698,,,,,,,,,,,
9699,,,,,,,,,,,
9700,,,,,,,,,,,
9701,,,,,,,,,,,
9702,,,,,,,,,,,
9703,,,,,,,,,,,
9704,,,,,,,,,,,
9705,,,,,,,,,,,
9706,,,,,,,,,,,
9707,,,,,,,,,,,
9708,,,,,,,,,,,
9709,,,,,,,,,,,
9710,,,,,,,,,,,
9711,,,,,,,,,,,
9712,,,,,,,,,,,
9713,,,,,,,,,,,
9714,,,,,,,,,,,
9715,,,,,,,,,,,
9716,,,,,,,,,,,
9717,,,,,,,,,,,
9718,,,,,,,,,,,
9719,,,,,,,,,,,
9720,,,,,,,,,,,
9721,,,,,,,,,,,
9722,,,,,,,,,,,
9723,,,,,,,,,,,
9724,,,,,,,,,,,
9725,,,,,,,,,,,
9726,,,,,,,,,,,
9727,,,,,,,,,,,
9728,,,,,,,,,,,
9729,,,,,,,,,,,
9730,,,,,,,,,,,
9731,,,,,,,,,,,
9732,,,,,,,,,,,
9733,,,,,,,,,,,
9734,,,,,,,,,,,
9735,,,,,,,,,,,
9736,,,,,,,,,,,
9737,,,,,,,,,,,
9738,,,,,,,,,,,
9739,,,,,,,,,,,
9740,,,,,,,,,,,
9741,,,,,,,,,,,
9742,,,,,,,,,,,
9743,,,,,,,,,,,
9744,,,,,,,,,,,
9745,,,,,,,,,,,
9746,,,,,,,,,,,
9747,,,,,,,,,,,
9748,,,,,,,,,,,
9749,,,,,,,,,,,
9750,,,,,,,,,,,
9751,,,,,,,,,,,
9752,,,,,,,,,,,
9753,,,,,,,,,,,
9754,,,,,,,,,,,
9755,,,,,,,,,,,
9756,,,,,,,,,,,
9757,,,,,,,,,,,
9758,,,,,,,,,,,
9759,,,,,,,,,,,
9760,,,,,,,,,,,
9761,,,,,,,,,,,
9762,,,,,,,,,,,
9763,,,,,,,,,,,
9764,,,,,,,,,,,
9765,,,,,,,,,,,
9766,,,,,,,,,,,
9767,,,,,,,,,,,
9768,,,,,,,,,,,
9769,,,,,,,,,,,
9770,,,,,,,,,,,
9771,,,,,,,,,,,
9772,,,,,,,,,,,
9773,,,,,,,,,,,
9774,,,,,,,,,,,
9775,,,,,,,,,,,
9776,,,,,,,,,,,
9777,,,,,,,,,,,
9778,,,,,,,,,,,
9779,,,,,,,,,,,
9780,,,,,,,,,,,
9781,,,,,,,,,,,
9782,,,,,,,,,,,
9783,,,,,,,,,,,
9784,,,,,,,,,,,
9785,,,,,,,,,,,
9786,,,,,,,,,,,
9787,,,,,,,,,,,
9788,,,,,,,,,,,
9789,,,,,,,,,,,
9790,,,,,,,,,,,
9791,,,,,,,,,,,
9792,,,,,,,,,,,
9793,,,,,,,,,,,
9794,,,,,,,,,,,
9795,,,,,,,,,,,
9796,,,,,,,,,,,
9797,,,,,,,,,,,
9798,,,,,,,,,,,
9799,,,,,,,,,,,
9800,,,,,,,,,,,
9801,,,,,,,,,,,
9802,,,,,,,,,,,
9803,,,,,,,,,,,
9804,,,,,,,,,,,
9805,,,,,,,,,,,
9806,,,,,,,,,,,
9807,,,,,,,,,,,
9808,,,,,,,,,,,
9809,,,,,,,,,,,
9810,,,,,,,,,,,
9811,,,,,,,,,,,
9812,,,,,,,,,,,
9813,,,,,,,,,,,
9814,,,,,,,,,,,
9815,,,,,,,,,,,
9816,,,,,,,,,,,
9817,,,,,,,,,,,
9818,,,,,,,,,,,
9819,,,,,,,,,,,
9820,,,,,,,,,,,
9821,,,,,,,,,,,
9822,,,,,,,,,,,
9823,,,,,,,,,,,
9824,,,,,,,,,,,
9825,,,,,,,,,,,
9826,,,,,,,,,,,
9827,,,,,,,,,,,
9828,,,,,,,,,,,
9829,,,,,,,,,,,
9830,,,,,,,,,,,
9831,,,,,,,,,,,
9832,,,,,,,,,,,
9833,,,,,,,,,,,
9834,,,,,,,,,,,
9835,,,,,,,,,,,
9836,,,,,,,,,,,
9837,,,,,,,,,,,
9838,,,,,,,,,,,
9839,,,,,,,,,,,
9840,,,,,,,,,,,
9841,,,,,,,,,,,
9842,,,,,,,,,,,
9843,,,,,,,,,,,
9844,,,,,,,,,,,
9845,,,,,,,,,,,
9846,,,,,,,,,,,
9847,,,,,,,,,,,
9848,,,,,,,,,,,
9849,,,,,,,,,,,
9850,,,,,,,,,,,
9851,,,,,,,,,,,
9852,,,,,,,,,,,
9853,,,,,,,,,,,
9854,,,,,,,,,,,
9855,,,,,,,,,,,
9856,,,,,,,,,,,
9857,,,,,,,,,,,
9858,,,,,,,,,,,
9859,,,,,,,,,,,
9860,,,,,,,,,,,
9861,,,,,,,,,,,
9862,,,,,,,,,,,
9863,,,,,,,,,,,
9864,,,,,,,,,,,
9865,,,,,,,,,,,
9866,,,,,,,,,,,
9867,,,,,,,,,,,
9868,,,,,,,,,,,
9869,,,,,,,,,,,
9870,,,,,,,,,,,
9871,,,,,,,,,,,
9872,,,,,,,,,,,
9873,,,,,,,,,,,
9874,,,,,,,,,,,
9875,,,,,,,,,,,
9876,,,,,,,,,,,
9877,,,,,,,,,,,
9878,,,,,,,,,,,
9879,,,,,,,,,,,
9880,,,,,,,,,,,
9881,,,,,,,,,,,
9882,,,,,,,,,,,
9883,,,,,,,,,,,
9884,,,,,,,,,,,
9885,,,,,,,,,,,
9886,,,,,,,,,,,
9887,,,,,,,,,,,
9888,,,,,,,,,,,
9889,,,,,,,,,,,
9890,,,,,,,,,,,
9891,,,,,,,,,,,
9892,,,,,,,,,,,
9893,,,,,,,,,,,
9894,,,,,,,,,,,
9895,,,,,,,,,,,
9896,,,,,,,,,,,
9897,,,,,,,,,,,
9898,,,,,,,,,,,
9899,,,,,,,,,,,
9900,,,,,,,,,,,
9901,,,,,,,,,,,
9902,,,,,,,,,,,
9903,,,,,,,,,,,
9904,,,,,,,,,,,
9905,,,,,,,,,,,
9906,,,,,,,,,,,
9907,,,,,,,,,,,
9908,,,,,,,,,,,
9909,,,,,,,,,,,
9910,,,,,,,,,,,
9911,,,,,,,,,,,
9912,,,,,,,,,,,
9913,,,,,,,,,,,
9914,,,,,,,,,,,
9915,,,,,,,,,,,
9916,,,,,,,,,,,
9917,,,,,,,,,,,
9918,,,,,,,,,,,
9919,,,,,,,,,,,
9920,,,,,,,,,,,
9921,,,,,,,,,,,
9922,,,,,,,,,,,
9923,,,,,,,,,,,
9924,,,,,,,,,,,
9925,,,,,,,,,,,
9926,,,,,,,,,,,
9927,,,,,,,,,,,
9928,,,,,,,,,,,
9929,,,,,,,,,,,
9930,,,,,,,,,,,
9931,,,,,,,,,,,
9932,,,,,,,,,,,
9933,,,,,,,,,,,
9934,,,,,,,,,,,
9935,,,,,,,,,,,
9936,,,,,,,,,,,
9937,,,,,,,,,,,
9938,,,,,,,,,,,
9939,,,,,,,,,,,
9940,,,,,,,,,,,
9941,,,,,,,,,,,
9942,,,,,,,,,,,
9943,,,,,,,,,,,
9944,,,,,,,,,,,
9945,,,,,,,,,,,
9946,,,,,,,,,,,
9947,,,,,,,,,,,
9948,,,,,,,,,,,
9949,,,,,,,,,,,
9950,,,,,,,,,,,
9951,,,,,,,,,,,
9952,,,,,,,,,,,
9953,,,,,,,,,,,
9954,,,,,,,,,,,
9955,,,,,,,,,,,
9956,,,,,,,,,,,
9957,,,,,,,,,,,
9958,,,,,,,,,,,
9959,,,,,,,,,,,
9960,,,,,,,,,,,
9961,,,,,,,,,,,
9962,,,,,,,,,,,
9963,,,,,,,,,,,
9964,,,,,,,,,,,
9965,,,,,,,,,,,
9966,,,,,,,,,,,
9967,,,,,,,,,,,
9968,,,,,,,,,,,
9969,,,,,,,,,,,
9970,,,,,,,,,,,
9971,,,,,,,,,,,
9972,,,,,,,,,,,
9973,,,,,,,,,,,
9974,,,,,,,,,,,
9975,,,,,,,,,,,
9976,,,,,,,,,,,
9977,,,,,,,,,,,
9978,,,,,,,,,,,
9979,,,,,,,,,,,
9980,,,,,,,,,,,
9981,,,,,,,,,,,
9982,,,,,,,,,,,
9983,,,,,,,,,,,
9984,,,,,,,,,,,
9985,,,,,,,,,,,
9986,,,,,,,,,,,
9987,,,,,,,,,,,
9988,,,,,,,,,,,
9989,,,,,,,,,,,
9990,,,,,,,,,,,
9991,,,,,,,,,,,
9992,,,,,,,,,,,
9993,,,,,,,,,,,
9994,,,,,,,,,,,
9995,,,,,,,,,,,
9996,,,,,,,,,,,
9997,,,,,,,,,,,
9998,,,,,,,,,,,
9999,,,,,,,,,,,
10000,,,,,,,,,,,
10001,,,,,,,,,,,
10002,,,,,,,,,,,
10003,,,,,,,,,,,
10004,,,,,,,,,,,
10005,,,,,,,,,,,
10006,,,,,,,,,,,
10007,,,,,,,,,,,
10008,,,,,,,,,,,
10009,,,,,,,,,,,
10010,,,,,,,,,,,
10011,,,,,,,,,,,
10012,,,,,,,,,,,
10013,,,,,,,,,,,
10014,,,,,,,,,,,
10015,,,,,,,,,,,
10016,,,,,,,,,,,
10017,,,,,,,,,,,
10018,,,,,,,,,,,
10019,,,,,,,,,,,
10020,,,,,,,,,,,
10021,,,,,,,,,,,
10022,,,,,,,,,,,
10023,,,,,,,,,,,
10024,,,,,,,,,,,
10025,,,,,,,,,,,
10026,,,,,,,,,,,
10027,,,,,,,,,,,
10028,,,,,,,,,,,
10029,,,,,,,,,,,
10030,,,,,,,,,,,
10031,,,,,,,,,,,
10032,,,,,,,,,,,
10033,,,,,,,,,,,
10034,,,,,,,,,,,
10035,,,,,,,,,,,
10036,,,,,,,,,,,
10037,,,,,,,,,,,
10038,,,,,,,,,,,
10039,,,,,,,,,,,
10040,,,,,,,,,,,
10041,,,,,,,,,,,
10042,,,,,,,,,,,
10043,,,,,,,,,,,
10044,,,,,,,,,,,
10045,,,,,,,,,,,
10046,,,,,,,,,,,
10047,,,,,,,,,,,
10048,,,,,,,,,,,
10049,,,,,,,,,,,
10050,,,,,,,,,,,
10051,,,,,,,,,,,
10052,,,,,,,,,,,
10053,,,,,,,,,,,
10054,,,,,,,,,,,
10055,,,,,,,,,,,
10056,,,,,,,,,,,
10057,,,,,,,,,,,
10058,,,,,,,,,,,
10059,,,,,,,,,,,
10060,,,,,,,,,,,
10061,,,,,,,,,,,
10062,,,,,,,,,,,
10063,,,,,,,,,,,
10064,,,,,,,,,,,
10065,,,,,,,,,,,
10066,,,,,,,,,,,
10067,,,,,,,,,,,
10068,,,,,,,,,,,
10069,,,,,,,,,,,
10070,,,,,,,,,,,
10071,,,,,,,,,,,
10072,,,,,,,,,,,
10073,,,,,,,,,,,
10074,,,,,,,,,,,
10075,,,,,,,,,,,
10076,,,,,,,,,,,
10077,,,,,,,,,,,
10078,,,,,,,,,,,
10079,,,,,,,,,,,
10080,,,,,,,,,,,
10081,,,,,,,,,,,
10082,,,,,,,,,,,
10083,,,,,,,,,,,
10084,,,,,,,,,,,
10085,,,,,,,,,,,
10086,,,,,,,,,,,
10087,,,,,,,,,,,
10088,,,,,,,,,,,
10089,,,,,,,,,,,
10090,,,,,,,,,,,
10091,,,,,,,,,,,
10092,,,,,,,,,,,
10093,,,,,,,,,,,
10094,,,,,,,,,,,
10095,,,,,,,,,,,
10096,,,,,,,,,,,
10097,,,,,,,,,,,
10098,,,,,,,,,,,
10099,,,,,,,,,,,
10100,,,,,,,,,,,
10101,,,,,,,,,,,
10102,,,,,,,,,,,
10103,,,,,,,,,,,
10104,,,,,,,,,,,
10105,,,,,,,,,,,
10106,,,,,,,,,,,
10107,,,,,,,,,,,
10108,,,,,,,,,,,
10109,,,,,,,,,,,
10110,,,,,,,,,,,
10111,,,,,,,,,,,
10112,,,,,,,,,,,
10113,,,,,,,,,,,
10114,,,,,,,,,,,
10115,,,,,,,,,,,
10116,,,,,,,,,,,
10117,,,,,,,,,,,
10118,,,,,,,,,,,
10119,,,,,,,,,,,
10120,,,,,,,,,,,
10121,,,,,,,,,,,
10122,,,,,,,,,,,
10123,,,,,,,,,,,
10124,,,,,,,,,,,
10125,,,,,,,,,,,
10126,,,,,,,,,,,
10127,,,,,,,,,,,
10128,,,,,,,,,,,
10129,,,,,,,,,,,
10130,,,,,,,,,,,
10131,,,,,,,,,,,
10132,,,,,,,,,,,
10133,,,,,,,,,,,
10134,,,,,,,,,,,
10135,,,,,,,,,,,
10136,,,,,,,,,,,
10137,,,,,,,,,,,
10138,,,,,,,,,,,
10139,,,,,,,,,,,
10140,,,,,,,,,,,
10141,,,,,,,,,,,
10142,,,,,,,,,,,
10143,,,,,,,,,,,
10144,,,,,,,,,,,
10145,,,,,,,,,,,
10146,,,,,,,,,,,
10147,,,,,,,,,,,
10148,,,,,,,,,,,
10149,,,,,,,,,,,
10150,,,,,,,,,,,
10151,,,,,,,,,,,
10152,,,,,,,,,,,
10153,,,,,,,,,,,
10154,,,,,,,,,,,
10155,,,,,,,,,,,
10156,,,,,,,,,,,
10157,,,,,,,,,,,
10158,,,,,,,,,,,
10159,,,,,,,,,,,
10160,,,,,,,,,,,
10161,,,,,,,,,,,
10162,,,,,,,,,,,
10163,,,,,,,,,,,
10164,,,,,,,,,,,
10165,,,,,,,,,,,
10166,,,,,,,,,,,
10167,,,,,,,,,,,
10168,,,,,,,,,,,
10169,,,,,,,,,,,
10170,,,,,,,,,,,
10171,,,,,,,,,,,
10172,,,,,,,,,,,
10173,,,,,,,,,,,
10174,,,,,,,,,,,
10175,,,,,,,,,,,
10176,,,,,,,,,,,
10177,,,,,,,,,,,
10178,,,,,,,,,,,
10179,,,,,,,,,,,
10180,,,,,,,,,,,
10181,,,,,,,,,,,
10182,,,,,,,,,,,
10183,,,,,,,,,,,
10184,,,,,,,,,,,
10185,,,,,,,,,,,
10186,,,,,,,,,,,
10187,,,,,,,,,,,
10188,,,,,,,,,,,
10189,,,,,,,,,,,
10190,,,,,,,,,,,
10191,,,,,,,,,,,
10192,,,,,,,,,,,
10193,,,,,,,,,,,
10194,,,,,,,,,,,
10195,,,,,,,,,,,
10196,,,,,,,,,,,
10197,,,,,,,,,,,
10198,,,,,,,,,,,
10199,,,,,,,,,,,
10200,,,,,,,,,,,
10201,,,,,,,,,,,
10202,,,,,,,,,,,
10203,,,,,,,,,,,
10204,,,,,,,,,,,
10205,,,,,,,,,,,
10206,,,,,,,,,,,
10207,,,,,,,,,,,
10208,,,,,,,,,,,
10209,,,,,,,,,,,
10210,,,,,,,,,,,
10211,,,,,,,,,,,
10212,,,,,,,,,,,
10213,,,,,,,,,,,
10214,,,,,,,,,,,
10215,,,,,,,,,,,
10216,,,,,,,,,,,
10217,,,,,,,,,,,
10218,,,,,,,,,,,
10219,,,,,,,,,,,
10220,,,,,,,,,,,
10221,,,,,,,,,,,
10222,,,,,,,,,,,
10223,,,,,,,,,,,
10224,,,,,,,,,,,
10225,,,,,,,,,,,
10226,,,,,,,,,,,
10227,,,,,,,,,,,
10228,,,,,,,,,,,
10229,,,,,,,,,,,
10230,,,,,,,,,,,
10231,,,,,,,,,,,
10232,,,,,,,,,,,
10233,,,,,,,,,,,
10234,,,,,,,,,,,
10235,,,,,,,,,,,
10236,,,,,,,,,,,
10237,,,,,,,,,,,
10238,,,,,,,,,,,
10239,,,,,,,,,,,
10240,,,,,,,,,,,
10241,,,,,,,,,,,
10242,,,,,,,,,,,
10243,,,,,,,,,,,
10244,,,,,,,,,,,
10245,,,,,,,,,,,
10246,,,,,,,,,,,
10247,,,,,,,,,,,
10248,,,,,,,,,,,
10249,,,,,,,,,,,
10250,,,,,,,,,,,
10251,,,,,,,,,,,
10252,,,,,,,,,,,
10253,,,,,,,,,,,
10254,,,,,,,,,,,
10255,,,,,,,,,,,
10256,,,,,,,,,,,
10257,,,,,,,,,,,
10258,,,,,,,,,,,
10259,,,,,,,,,,,
10260,,,,,,,,,,,
10261,,,,,,,,,,,
10262,,,,,,,,,,,
10263,,,,,,,,,,,
10264,,,,,,,,,,,
10265,,,,,,,,,,,
10266,,,,,,,,,,,
10267,,,,,,,,,,,
10268,,,,,,,,,,,
10269,,,,,,,,,,,
10270,,,,,,,,,,,
10271,,,,,,,,,,,
10272,,,,,,,,,,,
10273,,,,,,,,,,,
10274,,,,,,,,,,,
10275,,,,,,,,,,,
10276,,,,,,,,,,,
10277,,,,,,,,,,,
10278,,,,,,,,,,,
10279,,,,,,,,,,,
10280,,,,,,,,,,,
10281,,,,,,,,,,,
10282,,,,,,,,,,,
10283,,,,,,,,,,,
10284,,,,,,,,,,,
10285,,,,,,,,,,,
10286,,,,,,,,,,,
10287,,,,,,,,,,,
10288,,,,,,,,,,,
10289,,,,,,,,,,,
10290,,,,,,,,,,,
10291,,,,,,,,,,,
10292,,,,,,,,,,,
10293,,,,,,,,,,,
10294,,,,,,,,,,,
10295,,,,,,,,,,,
10296,,,,,,,,,,,
10297,,,,,,,,,,,
10298,,,,,,,,,,,
10299,,,,,,,,,,,
10300,,,,,,,,,,,
10301,,,,,,,,,,,
10302,,,,,,,,,,,
10303,,,,,,,,,,,
10304,,,,,,,,,,,
10305,,,,,,,,,,,
10306,,,,,,,,,,,
10307,,,,,,,,,,,
10308,,,,,,,,,,,
10309,,,,,,,,,,,
10310,,,,,,,,,,,
10311,,,,,,,,,,,
10312,,,,,,,,,,,
10313,,,,,,,,,,,
10314,,,,,,,,,,,
10315,,,,,,,,,,,
10316,,,,,,,,,,,
10317,,,,,,,,,,,
10318,,,,,,,,,,,
10319,,,,,,,,,,,
10320,,,,,,,,,,,
10321,,,,,,,,,,,
10322,,,,,,,,,,,
10323,,,,,,,,,,,
10324,,,,,,,,,,,
10325,,,,,,,,,,,
10326,,,,,,,,,,,
10327,,,,,,,,,,,
10328,,,,,,,,,,,
10329,,,,,,,,,,,
10330,,,,,,,,,,,
10331,,,,,,,,,,,
10332,,,,,,,,,,,
10333,,,,,,,,,,,
10334,,,,,,,,,,,
10335,,,,,,,,,,,
10336,,,,,,,,,,,
10337,,,,,,,,,,,
10338,,,,,,,,,,,
10339,,,,,,,,,,,
10340,,,,,,,,,,,
10341,,,,,,,,,,,
10342,,,,,,,,,,,
10343,,,,,,,,,,,
10344,,,,,,,,,,,
10345,,,,,,,,,,,
10346,,,,,,,,,,,
10347,,,,,,,,,,,
10348,,,,,,,,,,,
10349,,,,,,,,,,,
10350,,,,,,,,,,,
10351,,,,,,,,,,,
10352,,,,,,,,,,,
10353,,,,,,,,,,,
10354,,,,,,,,,,,
10355,,,,,,,,,,,
10356,,,,,,,,,,,
10357,,,,,,,,,,,
10358,,,,,,,,,,,
10359,,,,,,,,,,,
10360,,,,,,,,,,,
10361,,,,,,,,,,,
10362,,,,,,,,,,,
10363,,,,,,,,,,,
10364,,,,,,,,,,,
10365,,,,,,,,,,,
10366,,,,,,,,,,,
10367,,,,,,,,,,,
10368,,,,,,,,,,,
10369,,,,,,,,,,,
10370,,,,,,,,,,,
10371,,,,,,,,,,,
10372,,,,,,,,,,,
10373,,,,,,,,,,,
10374,,,,,,,,,,,
10375,,,,,,,,,,,
10376,,,,,,,,,,,
10377,,,,,,,,,,,
10378,,,,,,,,,,,
10379,,,,,,,,,,,
10380,,,,,,,,,,,
10381,,,,,,,,,,,
10382,,,,,,,,,,,
10383,,,,,,,,,,,
10384,,,,,,,,,,,
10385,,,,,,,,,,,
10386,,,,,,,,,,,
10387,,,,,,,,,,,
10388,,,,,,,,,,,
10389,,,,,,,,,,,
10390,,,,,,,,,,,
10391,,,,,,,,,,,
10392,,,,,,,,,,,
10393,,,,,,,,,,,
10394,,,,,,,,,,,
10395,,,,,,,,,,,
10396,,,,,,,,,,,
10397,,,,,,,,,,,
10398,,,,,,,,,,,
10399,,,,,,,,,,,
10400,,,,,,,,,,,
10401,,,,,,,,,,,
10402,,,,,,,,,,,
10403,,,,,,,,,,,
10404,,,,,,,,,,,
10405,,,,,,,,,,,
10406,,,,,,,,,,,
10407,,,,,,,,,,,
10408,,,,,,,,,,,
10409,,,,,,,,,,,
10410,,,,,,,,,,,
10411,,,,,,,,,,,
10412,,,,,,,,,,,
10413,,,,,,,,,,,
10414,,,,,,,,,,,
10415,,,,,,,,,,,
10416,,,,,,,,,,,
10417,,,,,,,,,,,
10418,,,,,,,,,,,
10419,,,,,,,,,,,
10420,,,,,,,,,,,
10421,,,,,,,,,,,
10422,,,,,,,,,,,
10423,,,,,,,,,,,
10424,,,,,,,,,,,
10425,,,,,,,,,,,
10426,,,,,,,,,,,
10427,,,,,,,,,,,
10428,,,,,,,,,,,
10429,,,,,,,,,,,
10430,,,,,,,,,,,
10431,,,,,,,,,,,
10432,,,,,,,,,,,
10433,,,,,,,,,,,
10434,,,,,,,,,,,
10435,,,,,,,,,,,
10436,,,,,,,,,,,
10437,,,,,,,,,,,
10438,,,,,,,,,,,
10439,,,,,,,,,,,
10440,,,,,,,,,,,
10441,,,,,,,,,,,
10442,,,,,,,,,,,
10443,,,,,,,,,,,
10444,,,,,,,,,,,
10445,,,,,,,,,,,
10446,,,,,,,,,,,
10447,,,,,,,,,,,
10448,,,,,,,,,,,
10449,,,,,,,,,,,
10450,,,,,,,,,,,
10451,,,,,,,,,,,
10452,,,,,,,,,,,
10453,,,,,,,,,,,
10454,,,,,,,,,,,
10455,,,,,,,,,,,
10456,,,,,,,,,,,
10457,,,,,,,,,,,
10458,,,,,,,,,,,
10459,,,,,,,,,,,
10460,,,,,,,,,,,
10461,,,,,,,,,,,
10462,,,,,,,,,,,
10463,,,,,,,,,,,
10464,,,,,,,,,,,
10465,,,,,,,,,,,
10466,,,,,,,,,,,
10467,,,,,,,,,,,
10468,,,,,,,,,,,
10469,,,,,,,,,,,
10470,,,,,,,,,,,
10471,,,,,,,,,,,
10472,,,,,,,,,,,
10473,,,,,,,,,,,
10474,,,,,,,,,,,
10475,,,,,,,,,,,
10476,,,,,,,,,,,
10477,,,,,,,,,,,
10478,,,,,,,,,,,
10479,,,,,,,,,,,
10480,,,,,,,,,,,
10481,,,,,,,,,,,
10482,,,,,,,,,,,
10483,,,,,,,,,,,
10484,,,,,,,,,,,
10485,,,,,,,,,,,
10486,,,,,,,,,,,
10487,,,,,,,,,,,
10488,,,,,,,,,,,
10489,,,,,,,,,,,
10490,,,,,,,,,,,
10491,,,,,,,,,,,
10492,,,,,,,,,,,
10493,,,,,,,,,,,
10494,,,,,,,,,,,
10495,,,,,,,,,,,
10496,,,,,,,,,,,
10497,,,,,,,,,,,
10498,,,,,,,,,,,
10499,,,,,,,,,,,
10500,,,,,,,,,,,
10501,,,,,,,,,,,
10502,,,,,,,,,,,
10503,,,,,,,,,,,
10504,,,,,,,,,,,
10505,,,,,,,,,,,
10506,,,,,,,,,,,
10507,,,,,,,,,,,
10508,,,,,,,,,,,
10509,,,,,,,,,,,
10510,,,,,,,,,,,
10511,,,,,,,,,,,
10512,,,,,,,,,,,
10513,,,,,,,,,,,
10514,,,,,,,,,,,
10515,,,,,,,,,,,
10516,,,,,,,,,,,
10517,,,,,,,,,,,
10518,,,,,,,,,,,
10519,,,,,,,,,,,
10520,,,,,,,,,,,
10521,,,,,,,,,,,
10522,,,,,,,,,,,
10523,,,,,,,,,,,
10524,,,,,,,,,,,
10525,,,,,,,,,,,
10526,,,,,,,,,,,
10527,,,,,,,,,,,
10528,,,,,,,,,,,
10529,,,,,,,,,,,
10530,,,,,,,,,,,
10531,,,,,,,,,,,
10532,,,,,,,,,,,
10533,,,,,,,,,,,
10534,,,,,,,,,,,
10535,,,,,,,,,,,
10536,,,,,,,,,,,
10537,,,,,,,,,,,
10538,,,,,,,,,,,
10539,,,,,,,,,,,
10540,,,,,,,,,,,
10541,,,,,,,,,,,
10542,,,,,,,,,,,
10543,,,,,,,,,,,
10544,,,,,,,,,,,
10545,,,,,,,,,,,
10546,,,,,,,,,,,
10547,,,,,,,,,,,
10548,,,,,,,,,,,
10549,,,,,,,,,,,
10550,,,,,,,,,,,
10551,,,,,,,,,,,
10552,,,,,,,,,,,
10553,,,,,,,,,,,
10554,,,,,,,,,,,
10555,,,,,,,,,,,
10556,,,,,,,,,,,
10557,,,,,,,,,,,
10558,,,,,,,,,,,
10559,,,,,,,,,,,
10560,,,,,,,,,,,
10561,,,,,,,,,,,
10562,,,,,,,,,,,
10563,,,,,,,,,,,
10564,,,,,,,,,,,
10565,,,,,,,,,,,
10566,,,,,,,,,,,
10567,,,,,,,,,,,
10568,,,,,,,,,,,
10569,,,,,,,,,,,
10570,,,,,,,,,,,
10571,,,,,,,,,,,
10572,,,,,,,,,,,
10573,,,,,,,,,,,
10574,,,,,,,,,,,
10575,,,,,,,,,,,
10576,,,,,,,,,,,
10577,,,,,,,,,,,
10578,,,,,,,,,,,
10579,,,,,,,,,,,
10580,,,,,,,,,,,
10581,,,,,,,,,,,
10582,,,,,,,,,,,
10583,,,,,,,,,,,
10584,,,,,,,,,,,
10585,,,,,,,,,,,
10586,,,,,,,,,,,
10587,,,,,,,,,,,
10588,,,,,,,,,,,
10589,,,,,,,,,,,
10590,,,,,,,,,,,
10591,,,,,,,,,,,
10592,,,,,,,,,,,
10593,,,,,,,,,,,
10594,,,,,,,,,,,
10595,,,,,,,,,,,
10596,,,,,,,,,,,
10597,,,,,,,,,,,
10598,,,,,,,,,,,
10599,,,,,,,,,,,
10600,,,,,,,,,,,
10601,,,,,,,,,,,
10602,,,,,,,,,,,
10603,,,,,,,,,,,
10604,,,,,,,,,,,
10605,,,,,,,,,,,
10606,,,,,,,,,,,
10607,,,,,,,,,,,
10608,,,,,,,,,,,
10609,,,,,,,,,,,
10610,,,,,,,,,,,
10611,,,,,,,,,,,
10612,,,,,,,,,,,
10613,,,,,,,,,,,
10614,,,,,,,,,,,
10615,,,,,,,,,,,
10616,,,,,,,,,,,
10617,,,,,,,,,,,
10618,,,,,,,,,,,
10619,,,,,,,,,,,
10620,,,,,,,,,,,
10621,,,,,,,,,,,
10622,,,,,,,,,,,
10623,,,,,,,,,,,
10624,,,,,,,,,,,
10625,,,,,,,,,,,
10626,,,,,,,,,,,
10627,,,,,,,,,,,
10628,,,,,,,,,,,
10629,,,,,,,,,,,
10630,,,,,,,,,,,
10631,,,,,,,,,,,
10632,,,,,,,,,,,
10633,,,,,,,,,,,
10634,,,,,,,,,,,
10635,,,,,,,,,,,
10636,,,,,,,,,,,
10637,,,,,,,,,,,
10638,,,,,,,,,,,
10639,,,,,,,,,,,
10640,,,,,,,,,,,
10641,,,,,,,,,,,
10642,,,,,,,,,,,
10643,,,,,,,,,,,
10644,,,,,,,,,,,
10645,,,,,,,,,,,
10646,,,,,,,,,,,
10647,,,,,,,,,,,
10648,,,,,,,,,,,
10649,,,,,,,,,,,
10650,,,,,,,,,,,
10651,,,,,,,,,,,
10652,,,,,,,,,,,
10653,,,,,,,,,,,
10654,,,,,,,,,,,
10655,,,,,,,,,,,
10656,,,,,,,,,,,
10657,,,,,,,,,,,
10658,,,,,,,,,,,
10659,,,,,,,,,,,
10660,,,,,,,,,,,
10661,,,,,,,,,,,
10662,,,,,,,,,,,
10663,,,,,,,,,,,
10664,,,,,,,,,,,
10665,,,,,,,,,,,
10666,,,,,,,,,,,
10667,,,,,,,,,,,
10668,,,,,,,,,,,
10669,,,,,,,,,,,
10670,,,,,,,,,,,
10671,,,,,,,,,,,
10672,,,,,,,,,,,
10673,,,,,,,,,,,
10674,,,,,,,,,,,
10675,,,,,,,,,,,
10676,,,,,,,,,,,
10677,,,,,,,,,,,
10678,,,,,,,,,,,
10679,,,,,,,,,,,
10680,,,,,,,,,,,
10681,,,,,,,,,,,
10682,,,,,,,,,,,
10683,,,,,,,,,,,
10684,,,,,,,,,,,
10685,,,,,,,,,,,
10686,,,,,,,,,,,
10687,,,,,,,,,,,
10688,,,,,,,,,,,
10689,,,,,,,,,,,
10690,,,,,,,,,,,
10691,,,,,,,,,,,
10692,,,,,,,,,,,
10693,,,,,,,,,,,
10694,,,,,,,,,,,
10695,,,,,,,,,,,
10696,,,,,,,,,,,
10697,,,,,,,,,,,
10698,,,,,,,,,,,
10699,,,,,,,,,,,
10700,,,,,,,,,,,
10701,,,,,,,,,,,
10702,,,,,,,,,,,
10703,,,,,,,,,,,
10704,,,,,,,,,,,
10705,,,,,,,,,,,
10706,,,,,,,,,,,
10707,,,,,,,,,,,
10708,,,,,,,,,,,
10709,,,,,,,,,,,
10710,,,,,,,,,,,
10711,,,,,,,,,,,
10712,,,,,,,,,,,
10713,,,,,,,,,,,
10714,,,,,,,,,,,
10715,,,,,,,,,,,
10716,,,,,,,,,,,
10717,,,,,,,,,,,
10718,,,,,,,,,,,
10719,,,,,,,,,,,
10720,,,,,,,,,,,
10721,,,,,,,,,,,
10722,,,,,,,,,,,
10723,,,,,,,,,,,
10724,,,,,,,,,,,
10725,,,,,,,,,,,
10726,,,,,,,,,,,
10727,,,,,,,,,,,
10728,,,,,,,,,,,
10729,,,,,,,,,,,
10730,,,,,,,,,,,
10731,,,,,,,,,,,
10732,,,,,,,,,,,
10733,,,,,,,,,,,
10734,,,,,,,,,,,
10735,,,,,,,,,,,
10736,,,,,,,,,,,
10737,,,,,,,,,,,
10738,,,,,,,,,,,
10739,,,,,,,,,,,
10740,,,,,,,,,,,
10741,,,,,,,,,,,
10742,,,,,,,,,,,
10743,,,,,,,,,,,
10744,,,,,,,,,,,
10745,,,,,,,,,,,
10746,,,,,,,,,,,
10747,,,,,,,,,,,
10748,,,,,,,,,,,
10749,,,,,,,,,,,
10750,,,,,,,,,,,
10751,,,,,,,,,,,
10752,,,,,,,,,,,
10753,,,,,,,,,,,
10754,,,,,,,,,,,
10755,,,,,,,,,,,
10756,,,,,,,,,,,
10757,,,,,,,,,,,
10758,,,,,,,,,,,
10759,,,,,,,,,,,
10760,,,,,,,,,,,
10761,,,,,,,,,,,
10762,,,,,,,,,,,
10763,,,,,,,,,,,
10764,,,,,,,,,,,
10765,,,,,,,,,,,
10766,,,,,,,,,,,
10767,,,,,,,,,,,
10768,,,,,,,,,,,
10769,,,,,,,,,,,
10770,,,,,,,,,,,
10771,,,,,,,,,,,
10772,,,,,,,,,,,
10773,,,,,,,,,,,
10774,,,,,,,,,,,
10775,,,,,,,,,,,
10776,,,,,,,,,,,
10777,,,,,,,,,,,
10778,,,,,,,,,,,
10779,,,,,,,,,,,
10780,,,,,,,,,,,
10781,,,,,,,,,,,
10782,,,,,,,,,,,
10783,,,,,,,,,,,
10784,,,,,,,,,,,
10785,,,,,,,,,,,
10786,,,,,,,,,,,
10787,,,,,,,,,,,
10788,,,,,,,,,,,
10789,,,,,,,,,,,
10790,,,,,,,,,,,
10791,,,,,,,,,,,
10792,,,,,,,,,,,
10793,,,,,,,,,,,
10794,,,,,,,,,,,
10795,,,,,,,,,,,
10796,,,,,,,,,,,
10797,,,,,,,,,,,
10798,,,,,,,,,,,
10799,,,,,,,,,,,
10800,,,,,,,,,,,
10801,,,,,,,,,,,
10802,,,,,,,,,,,
10803,,,,,,,,,,,
10804,,,,,,,,,,,
10805,,,,,,,,,,,
10806,,,,,,,,,,,
10807,,,,,,,,,,,
10808,,,,,,,,,,,
10809,,,,,,,,,,,
10810,,,,,,,,,,,
10811,,,,,,,,,,,
10812,,,,,,,,,,,
10813,,,,,,,,,,,
10814,,,,,,,,,,,
10815,,,,,,,,,,,
10816,,,,,,,,,,,
10817,,,,,,,,,,,
10818,,,,,,,,,,,
10819,,,,,,,,,,,
10820,,,,,,,,,,,
10821,,,,,,,,,,,
10822,,,,,,,,,,,
10823,,,,,,,,,,,
10824,,,,,,,,,,,
10825,,,,,,,,,,,
10826,,,,,,,,,,,
10827,,,,,,,,,,,
10828,,,,,,,,,,,
10829,,,,,,,,,,,
10830,,,,,,,,,,,
10831,,,,,,,,,,,
10832,,,,,,,,,,,
10833,,,,,,,,,,,
10834,,,,,,,,,,,
10835,,,,,,,,,,,
10836,,,,,,,,,,,
10837,,,,,,,,,,,
10838,,,,,,,,,,,
10839,,,,,,,,,,,
10840,,,,,,,,,,,
10841,,,,,,,,,,,
10842,,,,,,,,,,,
10843,,,,,,,,,,,
10844,,,,,,,,,,,
10845,,,,,,,,,,,
10846,,,,,,,,,,,
10847,,,,,,,,,,,
10848,,,,,,,,,,,
10849,,,,,,,,,,,
10850,,,,,,,,,,,
10851,,,,,,,,,,,
10852,,,,,,,,,,,
10853,,,,,,,,,,,
10854,,,,,,,,,,,
10855,,,,,,,,,,,
10856,,,,,,,,,,,
10857,,,,,,,,,,,
10858,,,,,,,,,,,
10859,,,,,,,,,,,
10860,,,,,,,,,,,
10861,,,,,,,,,,,
10862,,,,,,,,,,,
10863,,,,,,,,,,,
10864,,,,,,,,,,,
10865,,,,,,,,,,,
10866,,,,,,,,,,,
10867,,,,,,,,,,,
10868,,,,,,,,,,,
10869,,,,,,,,,,,
10870,,,,,,,,,,,
10871,,,,,,,,,,,
10872,,,,,,,,,,,
10873,,,,,,,,,,,
10874,,,,,,,,,,,
10875,,,,,,,,,,,
10876,,,,,,,,,,,
10877,,,,,,,,,,,
10878,,,,,,,,,,,
10879,,,,,,,,,,,
10880,,,,,,,,,,,
10881,,,,,,,,,,,
10882,,,,,,,,,,,
10883,,,,,,,,,,,
10884,,,,,,,,,,,
10885,,,,,,,,,,,
10886,,,,,,,,,,,
10887,,,,,,,,,,,
10888,,,,,,,,,,,
10889,,,,,,,,,,,
10890,,,,,,,,,,,
10891,,,,,,,,,,,
10892,,,,,,,,,,,
10893,,,,,,,,,,,
10894,,,,,,,,,,,
10895,,,,,,,,,,,
10896,,,,,,,,,,,
10897,,,,,,,,,,,
10898,,,,,,,,,,,
10899,,,,,,,,,,,
10900,,,,,,,,,,,
10901,,,,,,,,,,,
10902,,,,,,,,,,,
10903,,,,,,,,,,,
10904,,,,,,,,,,,
10905,,,,,,,,,,,
10906,,,,,,,,,,,
10907,,,,,,,,,,,
10908,,,,,,,,,,,
10909,,,,,,,,,,,
10910,,,,,,,,,,,
10911,,,,,,,,,,,
10912,,,,,,,,,,,
10913,,,,,,,,,,,
10914,,,,,,,,,,,
10915,,,,,,,,,,,
10916,,,,,,,,,,,
10917,,,,,,,,,,,
10918,,,,,,,,,,,
10919,,,,,,,,,,,
10920,,,,,,,,,,,
10921,,,,,,,,,,,
10922,,,,,,,,,,,
10923,,,,,,,,,,,
10924,,,,,,,,,,,
10925,,,,,,,,,,,
10926,,,,,,,,,,,
10927,,,,,,,,,,,
10928,,,,,,,,,,,
10929,,,,,,,,,,,
10930,,,,,,,,,,,
10931,,,,,,,,,,,
10932,,,,,,,,,,,
10933,,,,,,,,,,,
10934,,,,,,,,,,,
10935,,,,,,,,,,,
10936,,,,,,,,,,,
10937,,,,,,,,,,,
10938,,,,,,,,,,,
10939,,,,,,,,,,,
10940,,,,,,,,,,,
10941,,,,,,,,,,,
10942,,,,,,,,,,,
10943,,,,,,,,,,,
10944,,,,,,,,,,,
10945,,,,,,,,,,,
10946,,,,,,,,,,,
10947,,,,,,,,,,,
10948,,,,,,,,,,,
10949,,,,,,,,,,,
10950,,,,,,,,,,,
10951,,,,,,,,,,,
10952,,,,,,,,,,,
10953,,,,,,,,,,,
10954,,,,,,,,,,,
10955,,,,,,,,,,,
10956,,,,,,,,,,,
10957,,,,,,,,,,,
10958,,,,,,,,,,,
10959,,,,,,,,,,,
10960,,,,,,,,,,,
10961,,,,,,,,,,,
10962,,,,,,,,,,,
10963,,,,,,,,,,,
10964,,,,,,,,,,,
10965,,,,,,,,,,,
10966,,,,,,,,,,,
10967,,,,,,,,,,,
10968,,,,,,,,,,,
10969,,,,,,,,,,,
10970,,,,,,,,,,,
10971,,,,,,,,,,,
10972,,,,,,,,,,,
10973,,,,,,,,,,,
10974,,,,,,,,,,,
10975,,,,,,,,,,,
10976,,,,,,,,,,,
10977,,,,,,,,,,,
10978,,,,,,,,,,,
10979,,,,,,,,,,,
10980,,,,,,,,,,,
10981,,,,,,,,,,,
10982,,,,,,,,,,,
10983,,,,,,,,,,,
10984,,,,,,,,,,,
10985,,,,,,,,,,,
10986,,,,,,,,,,,
10987,,,,,,,,,,,
10988,,,,,,,,,,,
10989,,,,,,,,,,,
10990,,,,,,,,,,,
10991,,,,,,,,,,,
10992,,,,,,,,,,,
10993,,,,,,,,,,,
10994,,,,,,,,,,,
10995,,,,,,,,,,,
10996,,,,,,,,,,,
10997,,,,,,,,,,,
10998,,,,,,,,,,,
10999,,,,,,,,,,,
11000,,,,,,,,,,,
11001,,,,,,,,,,,
11002,,,,,,,,,,,
11003,,,,,,,,,,,
11004,,,,,,,,,,,
11005,,,,,,,,,,,
11006,,,,,,,,,,,
11007,,,,,,,,,,,
11008,,,,,,,,,,,
11009,,,,,,,,,,,
11010,,,,,,,,,,,
11011,,,,,,,,,,,
11012,,,,,,,,,,,
11013,,,,,,,,,,,
11014,,,,,,,,,,,
11015,,,,,,,,,,,
11016,,,,,,,,,,,
11017,,,,,,,,,,,
11018,,,,,,,,,,,
11019,,,,,,,,,,,
11020,,,,,,,,,,,
11021,,,,,,,,,,,
11022,,,,,,,,,,,
11023,,,,,,,,,,,
11024,,,,,,,,,,,
11025,,,,,,,,,,,
11026,,,,,,,,,,,
11027,,,,,,,,,,,
11028,,,,,,,,,,,
11029,,,,,,,,,,,
11030,,,,,,,,,,,
11031,,,,,,,,,,,
11032,,,,,,,,,,,
11033,,,,,,,,,,,
11034,,,,,,,,,,,
11035,,,,,,,,,,,
11036,,,,,,,,,,,
11037,,,,,,,,,,,
11038,,,,,,,,,,,
11039,,,,,,,,,,,
11040,,,,,,,,,,,
11041,,,,,,,,,,,
11042,,,,,,,,,,,
11043,,,,,,,,,,,
11044,,,,,,,,,,,
11045,,,,,,,,,,,
11046,,,,,,,,,,,
11047,,,,,,,,,,,
11048,,,,,,,,,,,
11049,,,,,,,,,,,
11050,,,,,,,,,,,
11051,,,,,,,,,,,
11052,,,,,,,,,,,
11053,,,,,,,,,,,
11054,,,,,,,,,,,
11055,,,,,,,,,,,
11056,,,,,,,,,,,
11057,,,,,,,,,,,
11058,,,,,,,,,,,
11059,,,,,,,,,,,
11060,,,,,,,,,,,
11061,,,,,,,,,,,
11062,,,,,,,,,,,
11063,,,,,,,,,,,
11064,,,,,,,,,,,
11065,,,,,,,,,,,
11066,,,,,,,,,,,
11067,,,,,,,,,,,
11068,,,,,,,,,,,
11069,,,,,,,,,,,
11070,,,,,,,,,,,
11071,,,,,,,,,,,
11072,,,,,,,,,,,
11073,,,,,,,,,,,
11074,,,,,,,,,,,
11075,,,,,,,,,,,
11076,,,,,,,,,,,
11077,,,,,,,,,,,
11078,,,,,,,,,,,
11079,,,,,,,,,,,
11080,,,,,,,,,,,
11081,,,,,,,,,,,
11082,,,,,,,,,,,
11083,,,,,,,,,,,
11084,,,,,,,,,,,
11085,,,,,,,,,,,
11086,,,,,,,,,,,
11087,,,,,,,,,,,
11088,,,,,,,,,,,
11089,,,,,,,,,,,
11090,,,,,,,,,,,
11091,,,,,,,,,,,
11092,,,,,,,,,,,
11093,,,,,,,,,,,
11094,,,,,,,,,,,
11095,,,,,,,,,,,
11096,,,,,,,,,,,
11097,,,,,,,,,,,
11098,,,,,,,,,,,
11099,,,,,,,,,,,
11100,,,,,,,,,,,
11101,,,,,,,,,,,
11102,,,,,,,,,,,
11103,,,,,,,,,,,
11104,,,,,,,,,,,
11105,,,,,,,,,,,
11106,,,,,,,,,,,
11107,,,,,,,,,,,
11108,,,,,,,,,,,
11109,,,,,,,,,,,
11110,,,,,,,,,,,
11111,,,,,,,,,,,
11112,,,,,,,,,,,
11113,,,,,,,,,,,
11114,,,,,,,,,,,
11115,,,,,,,,,,,
11116,,,,,,,,,,,
11117,,,,,,,,,,,
11118,,,,,,,,,,,
11119,,,,,,,,,,,
11120,,,,,,,,,,,
11121,,,,,,,,,,,
11122,,,,,,,,,,,
11123,,,,,,,,,,,
11124,,,,,,,,,,,
11125,,,,,,,,,,,
11126,,,,,,,,,,,
11127,,,,,,,,,,,
11128,,,,,,,,,,,
11129,,,,,,,,,,,
11130,,,,,,,,,,,
11131,,,,,,,,,,,
11132,,,,,,,,,,,
11133,,,,,,,,,,,
11134,,,,,,,,,,,
11135,,,,,,,,,,,
11136,,,,,,,,,,,
11137,,,,,,,,,,,
11138,,,,,,,,,,,
11139,,,,,,,,,,,
11140,,,,,,,,,,,
11141,,,,,,,,,,,
11142,,,,,,,,,,,
11143,,,,,,,,,,,
11144,,,,,,,,,,,
11145,,,,,,,,,,,
11146,,,,,,,,,,,
11147,,,,,,,,,,,
11148,,,,,,,,,,,
11149,,,,,,,,,,,
11150,,,,,,,,,,,
11151,,,,,,,,,,,
11152,,,,,,,,,,,
11153,,,,,,,,,,,
11154,,,,,,,,,,,
11155,,,,,,,,,,,
11156,,,,,,,,,,,
11157,,,,,,,,,,,
11158,,,,,,,,,,,
11159,,,,,,,,,,,
11160,,,,,,,,,,,
11161,,,,,,,,,,,
11162,,,,,,,,,,,
11163,,,,,,,,,,,
11164,,,,,,,,,,,
11165,,,,,,,,,,,
11166,,,,,,,,,,,
11167,,,,,,,,,,,
11168,,,,,,,,,,,
11169,,,,,,,,,,,
11170,,,,,,,,,,,
11171,,,,,,,,,,,
11172,,,,,,,,,,,
11173,,,,,,,,,,,
11174,,,,,,,,,,,
11175,,,,,,,,,,,
11176,,,,,,,,,,,
11177,,,,,,,,,,,
11178,,,,,,,,,,,
11179,,,,,,,,,,,
11180,,,,,,,,,,,
11181,,,,,,,,,,,
11182,,,,,,,,,,,
11183,,,,,,,,,,,
11184,,,,,,,,,,,
11185,,,,,,,,,,,
11186,,,,,,,,,,,
11187,,,,,,,,,,,
11188,,,,,,,,,,,
11189,,,,,,,,,,,
11190,,,,,,,,,,,
11191,,,,,,,,,,,
11192,,,,,,,,,,,
11193,,,,,,,,,,,
11194,,,,,,,,,,,
11195,,,,,,,,,,,
11196,,,,,,,,,,,
11197,,,,,,,,,,,
11198,,,,,,,,,,,
11199,,,,,,,,,,,
11200,,,,,,,,,,,
11201,,,,,,,,,,,
11202,,,,,,,,,,,
11203,,,,,,,,,,,
11204,,,,,,,,,,,
11205,,,,,,,,,,,
11206,,,,,,,,,,,
11207,,,,,,,,,,,
11208,,,,,,,,,,,
11209,,,,,,,,,,,
11210,,,,,,,,,,,
11211,,,,,,,,,,,
11212,,,,,,,,,,,
11213,,,,,,,,,,,
11214,,,,,,,,,,,
11215,,,,,,,,,,,
11216,,,,,,,,,,,
11217,,,,,,,,,,,
11218,,,,,,,,,,,
11219,,,,,,,,,,,
11220,,,,,,,,,,,
11221,,,,,,,,,,,
11222,,,,,,,,,,,
11223,,,,,,,,,,,
11224,,,,,,,,,,,
11225,,,,,,,,,,,
11226,,,,,,,,,,,
11227,,,,,,,,,,,
11228,,,,,,,,,,,
11229,,,,,,,,,,,
11230,,,,,,,,,,,
11231,,,,,,,,,,,
11232,,,,,,,,,,,
11233,,,,,,,,,,,
11234,,,,,,,,,,,
11235,,,,,,,,,,,
11236,,,,,,,,,,,
11237,,,,,,,,,,,
11238,,,,,,,,,,,
11239,,,,,,,,,,,
11240,,,,,,,,,,,
11241,,,,,,,,,,,
11242,,,,,,,,,,,
11243,,,,,,,,,,,
11244,,,,,,,,,,,
11245,,,,,,,,,,,
11246,,,,,,,,,,,
11247,,,,,,,,,,,
11248,,,,,,,,,,,
11249,,,,,,,,,,,
11250,,,,,,,,,,,
11251,,,,,,,,,,,
11252,,,,,,,,,,,
11253,,,,,,,,,,,
11254,,,,,,,,,,,
11255,,,,,,,,,,,
11256,,,,,,,,,,,
11257,,,,,,,,,,,
11258,,,,,,,,,,,
11259,,,,,,,,,,,
11260,,,,,,,,,,,
11261,,,,,,,,,,,
11262,,,,,,,,,,,
11263,,,,,,,,,,,
11264,,,,,,,,,,,
11265,,,,,,,,,,,
11266,,,,,,,,,,,
11267,,,,,,,,,,,
11268,,,,,,,,,,,
11269,,,,,,,,,,,
11270,,,,,,,,,,,
11271,,,,,,,,,,,
11272,,,,,,,,,,,
11273,,,,,,,,,,,
11274,,,,,,,,,,,
11275,,,,,,,,,,,
11276,,,,,,,,,,,
11277,,,,,,,,,,,
11278,,,,,,,,,,,
11279,,,,,,,,,,,
11280,,,,,,,,,,,
11281,,,,,,,,,,,
11282,,,,,,,,,,,
11283,,,,,,,,,,,
11284,,,,,,,,,,,
11285,,,,,,,,,,,
11286,,,,,,,,,,,
11287,,,,,,,,,,,
11288,,,,,,,,,,,
11289,,,,,,,,,,,
11290,,,,,,,,,,,
11291,,,,,,,,,,,
11292,,,,,,,,,,,
11293,,,,,,,,,,,
11294,,,,,,,,,,,
11295,,,,,,,,,,,
11296,,,,,,,,,,,
11297,,,,,,,,,,,
11298,,,,,,,,,,,
11299,,,,,,,,,,,
11300,,,,,,,,,,,
11301,,,,,,,,,,,
11302,,,,,,,,,,,
11303,,,,,,,,,,,
11304,,,,,,,,,,,
11305,,,,,,,,,,,
11306,,,,,,,,,,,
11307,,,,,,,,,,,
11308,,,,,,,,,,,
11309,,,,,,,,,,,
11310,,,,,,,,,,,
11311,,,,,,,,,,,
11312,,,,,,,,,,,
11313,,,,,,,,,,,
11314,,,,,,,,,,,
11315,,,,,,,,,,,
11316,,,,,,,,,,,
11317,,,,,,,,,,,
11318,,,,,,,,,,,
11319,,,,,,,,,,,
11320,,,,,,,,,,,
11321,,,,,,,,,,,
11322,,,,,,,,,,,
11323,,,,,,,,,,,
11324,,,,,,,,,,,
11325,,,,,,,,,,,
11326,,,,,,,,,,,
11327,,,,,,,,,,,
11328,,,,,,,,,,,
11329,,,,,,,,,,,
11330,,,,,,,,,,,
11331,,,,,,,,,,,
11332,,,,,,,,,,,
11333,,,,,,,,,,,
11334,,,,,,,,,,,
11335,,,,,,,,,,,
11336,,,,,,,,,,,
11337,,,,,,,,,,,
11338,,,,,,,,,,,
11339,,,,,,,,,,,
11340,,,,,,,,,,,
11341,,,,,,,,,,,
11342,,,,,,,,,,,
11343,,,,,,,,,,,
11344,,,,,,,,,,,
11345,,,,,,,,,,,
11346,,,,,,,,,,,
11347,,,,,,,,,,,
11348,,,,,,,,,,,
11349,,,,,,,,,,,
11350,,,,,,,,,,,
11351,,,,,,,,,,,
11352,,,,,,,,,,,
11353,,,,,,,,,,,
11354,,,,,,,,,,,
11355,,,,,,,,,,,
11356,,,,,,,,,,,
11357,,,,,,,,,,,
11358,,,,,,,,,,,
11359,,,,,,,,,,,
11360,,,,,,,,,,,
11361,,,,,,,,,,,
11362,,,,,,,,,,,
11363,,,,,,,,,,,
11364,,,,,,,,,,,
11365,,,,,,,,,,,
11366,,,,,,,,,,,
11367,,,,,,,,,,,
11368,,,,,,,,,,,
11369,,,,,,,,,,,
11370,,,,,,,,,,,
11371,,,,,,,,,,,
11372,,,,,,,,,,,
11373,,,,,,,,,,,
11374,,,,,,,,,,,
11375,,,,,,,,,,,
11376,,,,,,,,,,,
11377,,,,,,,,,,,
11378,,,,,,,,,,,
11379,,,,,,,,,,,
11380,,,,,,,,,,,
11381,,,,,,,,,,,
11382,,,,,,,,,,,
11383,,,,,,,,,,,
11384,,,,,,,,,,,
11385,,,,,,,,,,,
11386,,,,,,,,,,,
11387,,,,,,,,,,,
11388,,,,,,,,,,,
11389,,,,,,,,,,,
11390,,,,,,,,,,,
11391,,,,,,,,,,,
11392,,,,,,,,,,,
11393,,,,,,,,,,,
11394,,,,,,,,,,,
11395,,,,,,,,,,,
11396,,,,,,,,,,,
11397,,,,,,,,,,,
11398,,,,,,,,,,,
11399,,,,,,,,,,,
11400,,,,,,,,,,,
11401,,,,,,,,,,,
11402,,,,,,,,,,,
11403,,,,,,,,,,,
11404,,,,,,,,,,,
11405,,,,,,,,,,,
11406,,,,,,,,,,,
11407,,,,,,,,,,,
11408,,,,,,,,,,,
11409,,,,,,,,,,,
11410,,,,,,,,,,,
11411,,,,,,,,,,,
11412,,,,,,,,,,,
11413,,,,,,,,,,,
11414,,,,,,,,,,,
11415,,,,,,,,,,,
11416,,,,,,,,,,,
11417,,,,,,,,,,,
11418,,,,,,,,,,,
11419,,,,,,,,,,,
11420,,,,,,,,,,,
11421,,,,,,,,,,,
11422,,,,,,,,,,,
11423,,,,,,,,,,,
11424,,,,,,,,,,,
11425,,,,,,,,,,,
11426,,,,,,,,,,,
11427,,,,,,,,,,,
11428,,,,,,,,,,,
11429,,,,,,,,,,,
11430,,,,,,,,,,,
11431,,,,,,,,,,,
11432,,,,,,,,,,,
11433,,,,,,,,,,,
11434,,,,,,,,,,,
11435,,,,,,,,,,,
11436,,,,,,,,,,,
11437,,,,,,,,,,,
11438,,,,,,,,,,,
11439,,,,,,,,,,,
11440,,,,,,,,,,,
11441,,,,,,,,,,,
11442,,,,,,,,,,,
11443,,,,,,,,,,,
11444,,,,,,,,,,,
11445,,,,,,,,,,,
11446,,,,,,,,,,,
11447,,,,,,,,,,,
11448,,,,,,,,,,,
11449,,,,,,,,,,,
11450,,,,,,,,,,,
11451,,,,,,,,,,,
11452,,,,,,,,,,,
11453,,,,,,,,,,,
11454,,,,,,,,,,,
11455,,,,,,,,,,,
11456,,,,,,,,,,,
11457,,,,,,,,,,,
11458,,,,,,,,,,,
11459,,,,,,,,,,,
11460,,,,,,,,,,,
11461,,,,,,,,,,,
11462,,,,,,,,,,,
11463,,,,,,,,,,,
11464,,,,,,,,,,,
11465,,,,,,,,,,,
11466,,,,,,,,,,,
11467,,,,,,,,,,,
11468,,,,,,,,,,,
11469,,,,,,,,,,,
11470,,,,,,,,,,,
11471,,,,,,,,,,,
11472,,,,,,,,,,,
11473,,,,,,,,,,,
11474,,,,,,,,,,,
11475,,,,,,,,,,,
11476,,,,,,,,,,,
11477,,,,,,,,,,,
11478,,,,,,,,,,,
11479,,,,,,,,,,,
11480,,,,,,,,,,,
11481,,,,,,,,,,,
11482,,,,,,,,,,,
11483,,,,,,,,,,,
11484,,,,,,,,,,,
11485,,,,,,,,,,,
11486,,,,,,,,,,,
11487,,,,,,,,,,,
11488,,,,,,,,,,,
11489,,,,,,,,,,,
11490,,,,,,,,,,,
11491,,,,,,,,,,,
11492,,,,,,,,,,,
11493,,,,,,,,,,,
11494,,,,,,,,,,,
11495,,,,,,,,,,,
11496,,,,,,,,,,,
11497,,,,,,,,,,,
11498,,,,,,,,,,,
11499,,,,,,,,,,,
11500,,,,,,,,,,,
11501,,,,,,,,,,,
11502,,,,,,,,,,,
11503,,,,,,,,,,,
11504,,,,,,,,,,,
11505,,,,,,,,,,,
11506,,,,,,,,,,,
11507,,,,,,,,,,,
11508,,,,,,,,,,,
11509,,,,,,,,,,,
11510,,,,,,,,,,,
11511,,,,,,,,,,,
11512,,,,,,,,,,,
11513,,,,,,,,,,,
11514,,,,,,,,,,,
11515,,,,,,,,,,,
11516,,,,,,,,,,,
11517,,,,,,,,,,,
11518,,,,,,,,,,,
11519,,,,,,,,,,,
11520,,,,,,,,,,,
11521,,,,,,,,,,,
11522,,,,,,,,,,,
11523,,,,,,,,,,,
11524,,,,,,,,,,,
11525,,,,,,,,,,,
11526,,,,,,,,,,,
11527,,,,,,,,,,,
11528,,,,,,,,,,,
11529,,,,,,,,,,,
11530,,,,,,,,,,,
11531,,,,,,,,,,,
11532,,,,,,,,,,,
11533,,,,,,,,,,,
11534,,,,,,,,,,,
11535,,,,,,,,,,,
11536,,,,,,,,,,,
11537,,,,,,,,,,,
11538,,,,,,,,,,,
11539,,,,,,,,,,,
11540,,,,,,,,,,,
11541,,,,,,,,,,,
11542,,,,,,,,,,,
11543,,,,,,,,,,,
11544,,,,,,,,,,,
11545,,,,,,,,,,,
11546,,,,,,,,,,,
11547,,,,,,,,,,,
11548,,,,,,,,,,,
11549,,,,,,,,,,,
11550,,,,,,,,,,,
11551,,,,,,,,,,,
11552,,,,,,,,,,,
11553,,,,,,,,,,,
11554,,,,,,,,,,,
11555,,,,,,,,,,,
11556,,,,,,,,,,,
11557,,,,,,,,,,,
11558,,,,,,,,,,,
11559,,,,,,,,,,,
11560,,,,,,,,,,,
11561,,,,,,,,,,,
11562,,,,,,,,,,,
11563,,,,,,,,,,,
11564,,,,,,,,,,,
11565,,,,,,,,,,,
11566,,,,,,,,,,,
11567,,,,,,,,,,,
11568,,,,,,,,,,,
11569,,,,,,,,,,,
11570,,,,,,,,,,,
11571,,,,,,,,,,,
11572,,,,,,,,,,,
11573,,,,,,,,,,,
11574,,,,,,,,,,,
11575,,,,,,,,,,,
11576,,,,,,,,,,,
11577,,,,,,,,,,,
11578,,,,,,,,,,,
11579,,,,,,,,,,,
11580,,,,,,,,,,,
11581,,,,,,,,,,,
11582,,,,,,,,,,,
11583,,,,,,,,,,,
11584,,,,,,,,,,,
11585,,,,,,,,,,,
11586,,,,,,,,,,,
11587,,,,,,,,,,,
11588,,,,,,,,,,,
11589,,,,,,,,,,,
11590,,,,,,,,,,,
11591,,,,,,,,,,,
11592,,,,,,,,,,,
11593,,,,,,,,,,,
11594,,,,,,,,,,,
11595,,,,,,,,,,,
11596,,,,,,,,,,,
11597,,,,,,,,,,,
11598,,,,,,,,,,,
11599,,,,,,,,,,,
11600,,,,,,,,,,,
11601,,,,,,,,,,,
11602,,,,,,,,,,,
11603,,,,,,,,,,,
11604,,,,,,,,,,,
11605,,,,,,,,,,,
11606,,,,,,,,,,,
11607,,,,,,,,,,,
11608,,,,,,,,,,,
11609,,,,,,,,,,,
11610,,,,,,,,,,,
11611,,,,,,,,,,,
11612,,,,,,,,,,,
11613,,,,,,,,,,,
11614,,,,,,,,,,,
11615,,,,,,,,,,,
11616,,,,,,,,,,,
11617,,,,,,,,,,,
11618,,,,,,,,,,,
11619,,,,,,,,,,,
11620,,,,,,,,,,,
11621,,,,,,,,,,,
11622,,,,,,,,,,,
11623,,,,,,,,,,,
11624,,,,,,,,,,,
11625,,,,,,,,,,,
11626,,,,,,,,,,,
11627,,,,,,,,,,,
11628,,,,,,,,,,,
11629,,,,,,,,,,,
11630,,,,,,,,,,,
11631,,,,,,,,,,,
11632,,,,,,,,,,,
11633,,,,,,,,,,,
11634,,,,,,,,,,,
11635,,,,,,,,,,,
11636,,,,,,,,,,,
11637,,,,,,,,,,,
11638,,,,,,,,,,,
11639,,,,,,,,,,,
11640,,,,,,,,,,,
11641,,,,,,,,,,,
11642,,,,,,,,,,,
11643,,,,,,,,,,,
11644,,,,,,,,,,,
11645,,,,,,,,,,,
11646,,,,,,,,,,,
11647,,,,,,,,,,,
11648,,,,,,,,,,,
11649,,,,,,,,,,,
11650,,,,,,,,,,,
11651,,,,,,,,,,,
11652,,,,,,,,,,,
11653,,,,,,,,,,,
11654,,,,,,,,,,,
11655,,,,,,,,,,,
11656,,,,,,,,,,,
11657,,,,,,,,,,,
11658,,,,,,,,,,,
11659,,,,,,,,,,,
11660,,,,,,,,,,,
11661,,,,,,,,,,,
11662,,,,,,,,,,,
11663,,,,,,,,,,,
11664,,,,,,,,,,,
11665,,,,,,,,,,,
11666,,,,,,,,,,,
11667,,,,,,,,,,,
11668,,,,,,,,,,,
11669,,,,,,,,,,,
11670,,,,,,,,,,,
11671,,,,,,,,,,,
11672,,,,,,,,,,,
11673,,,,,,,,,,,
11674,,,,,,,,,,,
11675,,,,,,,,,,,
11676,,,,,,,,,,,
11677,,,,,,,,,,,
11678,,,,,,,,,,,
11679,,,,,,,,,,,
11680,,,,,,,,,,,
11681,,,,,,,,,,,
11682,,,,,,,,,,,
11683,,,,,,,,,,,
11684,,,,,,,,,,,
11685,,,,,,,,,,,
11686,,,,,,,,,,,
11687,,,,,,,,,,,
11688,,,,,,,,,,,
11689,,,,,,,,,,,
11690,,,,,,,,,,,
11691,,,,,,,,,,,
11692,,,,,,,,,,,
11693,,,,,,,,,,,
11694,,,,,,,,,,,
11695,,,,,,,,,,,
11696,,,,,,,,,,,
11697,,,,,,,,,,,
11698,,,,,,,,,,,
11699,,,,,,,,,,,
11700,,,,,,,,,,,
11701,,,,,,,,,,,
11702,,,,,,,,,,,
11703,,,,,,,,,,,
11704,,,,,,,,,,,
11705,,,,,,,,,,,
11706,,,,,,,,,,,
11707,,,,,,,,,,,
11708,,,,,,,,,,,
11709,,,,,,,,,,,
11710,,,,,,,,,,,
11711,,,,,,,,,,,
11712,,,,,,,,,,,
11713,,,,,,,,,,,
11714,,,,,,,,,,,
11715,,,,,,,,,,,
11716,,,,,,,,,,,
11717,,,,,,,,,,,
11718,,,,,,,,,,,
11719,,,,,,,,,,,
11720,,,,,,,,,,,
11721,,,,,,,,,,,
11722,,,,,,,,,,,
11723,,,,,,,,,,,
11724,,,,,,,,,,,
11725,,,,,,,,,,,
11726,,,,,,,,,,,
11727,,,,,,,,,,,
11728,,,,,,,,,,,
11729,,,,,,,,,,,
11730,,,,,,,,,,,
11731,,,,,,,,,,,
11732,,,,,,,,,,,
11733,,,,,,,,,,,
11734,,,,,,,,,,,
11735,,,,,,,,,,,
11736,,,,,,,,,,,
11737,,,,,,,,,,,
11738,,,,,,,,,,,
11739,,,,,,,,,,,
11740,,,,,,,,,,,
11741,,,,,,,,,,,
11742,,,,,,,,,,,
11743,,,,,,,,,,,
11744,,,,,,,,,,,
11745,,,,,,,,,,,
11746,,,,,,,,,,,
11747,,,,,,,,,,,
11748,,,,,,,,,,,
11749,,,,,,,,,,,
11750,,,,,,,,,,,
11751,,,,,,,,,,,
11752,,,,,,,,,,,
11753,,,,,,,,,,,
11754,,,,,,,,,,,
11755,,,,,,,,,,,
11756,,,,,,,,,,,
11757,,,,,,,,,,,
11758,,,,,,,,,,,
11759,,,,,,,,,,,
11760,,,,,,,,,,,
11761,,,,,,,,,,,
11762,,,,,,,,,,,
11763,,,,,,,,,,,
11764,,,,,,,,,,,
11765,,,,,,,,,,,
11766,,,,,,,,,,,
11767,,,,,,,,,,,
11768,,,,,,,,,,,
11769,,,,,,,,,,,
11770,,,,,,,,,,,
11771,,,,,,,,,,,
11772,,,,,,,,,,,
11773,,,,,,,,,,,
11774,,,,,,,,,,,
11775,,,,,,,,,,,
11776,,,,,,,,,,,
11777,,,,,,,,,,,
11778,,,,,,,,,,,
11779,,,,,,,,,,,
11780,,,,,,,,,,,
11781,,,,,,,,,,,
11782,,,,,,,,,,,
11783,,,,,,,,,,,
11784,,,,,,,,,,,
11785,,,,,,,,,,,
11786,,,,,,,,,,,
11787,,,,,,,,,,,
11788,,,,,,,,,,,
11789,,,,,,,,,,,
11790,,,,,,,,,,,
11791,,,,,,,,,,,
11792,,,,,,,,,,,
11793,,,,,,,,,,,
11794,,,,,,,,,,,
11795,,,,,,,,,,,
11796,,,,,,,,,,,
11797,,,,,,,,,,,
11798,,,,,,,,,,,
11799,,,,,,,,,,,
11800,,,,,,,,,,,
11801,,,,,,,,,,,
11802,,,,,,,,,,,
11803,,,,,,,,,,,
11804,,,,,,,,,,,
11805,,,,,,,,,,,
11806,,,,,,,,,,,
11807,,,,,,,,,,,
11808,,,,,,,,,,,
11809,,,,,,,,,,,
11810,,,,,,,,,,,
11811,,,,,,,,,,,
11812,,,,,,,,,,,
11813,,,,,,,,,,,
11814,,,,,,,,,,,
11815,,,,,,,,,,,
11816,,,,,,,,,,,
11817,,,,,,,,,,,
11818,,,,,,,,,,,
11819,,,,,,,,,,,
11820,,,,,,,,,,,
11821,,,,,,,,,,,
11822,,,,,,,,,,,
11823,,,,,,,,,,,
11824,,,,,,,,,,,
11825,,,,,,,,,,,
11826,,,,,,,,,,,
11827,,,,,,,,,,,
11828,,,,,,,,,,,
11829,,,,,,,,,,,
11830,,,,,,,,,,,
11831,,,,,,,,,,,
11832,,,,,,,,,,,
11833,,,,,,,,,,,
11834,,,,,,,,,,,
11835,,,,,,,,,,,
11836,,,,,,,,,,,
11837,,,,,,,,,,,
11838,,,,,,,,,,,
11839,,,,,,,,,,,
11840,,,,,,,,,,,
11841,,,,,,,,,,,
11842,,,,,,,,,,,
11843,,,,,,,,,,,
11844,,,,,,,,,,,
11845,,,,,,,,,,,
11846,,,,,,,,,,,
11847,,,,,,,,,,,
11848,,,,,,,,,,,
11849,,,,,,,,,,,
11850,,,,,,,,,,,
11851,,,,,,,,,,,
11852,,,,,,,,,,,
11853,,,,,,,,,,,
11854,,,,,,,,,,,
11855,,,,,,,,,,,
11856,,,,,,,,,,,
11857,,,,,,,,,,,
11858,,,,,,,,,,,
11859,,,,,,,,,,,
11860,,,,,,,,,,,
11861,,,,,,,,,,,
11862,,,,,,,,,,,
11863,,,,,,,,,,,
11864,,,,,,,,,,,
11865,,,,,,,,,,,
11866,,,,,,,,,,,
11867,,,,,,,,,,,
11868,,,,,,,,,,,
11869,,,,,,,,,,,
11870,,,,,,,,,,,
11871,,,,,,,,,,,
11872,,,,,,,,,,,
11873,,,,,,,,,,,
11874,,,,,,,,,,,
11875,,,,,,,,,,,
11876,,,,,,,,,,,
11877,,,,,,,,,,,
11878,,,,,,,,,,,
11879,,,,,,,,,,,
11880,,,,,,,,,,,
11881,,,,,,,,,,,
11882,,,,,,,,,,,
11883,,,,,,,,,,,
11884,,,,,,,,,,,
11885,,,,,,,,,,,
11886,,,,,,,,,,,
11887,,,,,,,,,,,
11888,,,,,,,,,,,
11889,,,,,,,,,,,
11890,,,,,,,,,,,
11891,,,,,,,,,,,
11892,,,,,,,,,,,
11893,,,,,,,,,,,
11894,,,,,,,,,,,
11895,,,,,,,,,,,
11896,,,,,,,,,,,
11897,,,,,,,,,,,
11898,,,,,,,,,,,
11899,,,,,,,,,,,
11900,,,,,,,,,,,
11901,,,,,,,,,,,
11902,,,,,,,,,,,
11903,,,,,,,,,,,
11904,,,,,,,,,,,
11905,,,,,,,,,,,
11906,,,,,,,,,,,
11907,,,,,,,,,,,
11908,,,,,,,,,,,
11909,,,,,,,,,,,
11910,,,,,,,,,,,
11911,,,,,,,,,,,
11912,,,,,,,,,,,
11913,,,,,,,,,,,
11914,,,,,,,,,,,
11915,,,,,,,,,,,
11916,,,,,,,,,,,
11917,,,,,,,,,,,
11918,,,,,,,,,,,
11919,,,,,,,,,,,
11920,,,,,,,,,,,
11921,,,,,,,,,,,
11922,,,,,,,,,,,
11923,,,,,,,,,,,
11924,,,,,,,,,,,
11925,,,,,,,,,,,
11926,,,,,,,,,,,
11927,,,,,,,,,,,
11928,,,,,,,,,,,
11929,,,,,,,,,,,
11930,,,,,,,,,,,
11931,,,,,,,,,,,
11932,,,,,,,,,,,
11933,,,,,,,,,,,
11934,,,,,,,,,,,
11935,,,,,,,,,,,
11936,,,,,,,,,,,
11937,,,,,,,,,,,
11938,,,,,,,,,,,
11939,,,,,,,,,,,
11940,,,,,,,,,,,
11941,,,,,,,,,,,
11942,,,,,,,,,,,
11943,,,,,,,,,,,
11944,,,,,,,,,,,
11945,,,,,,,,,,,
11946,,,,,,,,,,,
11947,,,,,,,,,,,
11948,,,,,,,,,,,
11949,,,,,,,,,,,
11950,,,,,,,,,,,
11951,,,,,,,,,,,
11952,,,,,,,,,,,
11953,,,,,,,,,,,
11954,,,,,,,,,,,
11955,,,,,,,,,,,
11956,,,,,,,,,,,
11957,,,,,,,,,,,
11958,,,,,,,,,,,
11959,,,,,,,,,,,
11960,,,,,,,,,,,
11961,,,,,,,,,,,
11962,,,,,,,,,,,
11963,,,,,,,,,,,
11964,,,,,,,,,,,
11965,,,,,,,,,,,
11966,,,,,,,,,,,
11967,,,,,,,,,,,
11968,,,,,,,,,,,
11969,,,,,,,,,,,
11970,,,,,,,,,,,
11971,,,,,,,,,,,
11972,,,,,,,,,,,
11973,,,,,,,,,,,
11974,,,,,,,,,,,
11975,,,,,,,,,,,
11976,,,,,,,,,,,
11977,,,,,,,,,,,
11978,,,,,,,,,,,
11979,,,,,,,,,,,
11980,,,,,,,,,,,
11981,,,,,,,,,,,
11982,,,,,,,,,,,
11983,,,,,,,,,,,
11984,,,,,,,,,,,
11985,,,,,,,,,,,
11986,,,,,,,,,,,
11987,,,,,,,,,,,
11988,,,,,,,,,,,
11989,,,,,,,,,,,
11990,,,,,,,,,,,
11991,,,,,,,,,,,
11992,,,,,,,,,,,
11993,,,,,,,,,,,
11994,,,,,,,,,,,
11995,,,,,,,,,,,
11996,,,,,,,,,,,
11997,,,,,,,,,,,
11998,,,,,,,,,,,
11999,,,,,,,,,,,
12000,,,,,,,,,,,
12001,,,,,,,,,,,
12002,,,,,,,,,,,
12003,,,,,,,,,,,
12004,,,,,,,,,,,
12005,,,,,,,,,,,
12006,,,,,,,,,,,
12007,,,,,,,,,,,
12008,,,,,,,,,,,
12009,,,,,,,,,,,
12010,,,,,,,,,,,
12011,,,,,,,,,,,
12012,,,,,,,,,,,
12013,,,,,,,,,,,
12014,,,,,,,,,,,
12015,,,,,,,,,,,
12016,,,,,,,,,,,
12017,,,,,,,,,,,
12018,,,,,,,,,,,
12019,,,,,,,,,,,
12020,,,,,,,,,,,
12021,,,,,,,,,,,
12022,,,,,,,,,,,
12023,,,,,,,,,,,
12024,,,,,,,,,,,
12025,,,,,,,,,,,
12026,,,,,,,,,,,
12027,,,,,,,,,,,
12028,,,,,,,,,,,
12029,,,,,,,,,,,
12030,,,,,,,,,,,
12031,,,,,,,,,,,
12032,,,,,,,,,,,
12033,,,,,,,,,,,
12034,,,,,,,,,,,
12035,,,,,,,,,,,
12036,,,,,,,,,,,
12037,,,,,,,,,,,
12038,,,,,,,,,,,
12039,,,,,,,,,,,
12040,,,,,,,,,,,
12041,,,,,,,,,,,
12042,,,,,,,,,,,
12043,,,,,,,,,,,
12044,,,,,,,,,,,
12045,,,,,,,,,,,
12046,,,,,,,,,,,
12047,,,,,,,,,,,
12048,,,,,,,,,,,
12049,,,,,,,,,,,
12050,,,,,,,,,,,
12051,,,,,,,,,,,
12052,,,,,,,,,,,
12053,,,,,,,,,,,
12054,,,,,,,,,,,
12055,,,,,,,,,,,
12056,,,,,,,,,,,
12057,,,,,,,,,,,
12058,,,,,,,,,,,
12059,,,,,,,,,,,
12060,,,,,,,,,,,
12061,,,,,,,,,,,
12062,,,,,,,,,,,
12063,,,,,,,,,,,
12064,,,,,,,,,,,
12065,,,,,,,,,,,
12066,,,,,,,,,,,
12067,,,,,,,,,,,
12068,,,,,,,,,,,
12069,,,,,,,,,,,
12070,,,,,,,,,,,
12071,,,,,,,,,,,
12072,,,,,,,,,,,
12073,,,,,,,,,,,
12074,,,,,,,,,,,
12075,,,,,,,,,,,
12076,,,,,,,,,,,
12077,,,,,,,,,,,
12078,,,,,,,,,,,
12079,,,,,,,,,,,
12080,,,,,,,,,,,
12081,,,,,,,,,,,
12082,,,,,,,,,,,
12083,,,,,,,,,,,
12084,,,,,,,,,,,
12085,,,,,,,,,,,
12086,,,,,,,,,,,
12087,,,,,,,,,,,
12088,,,,,,,,,,,
12089,,,,,,,,,,,
12090,,,,,,,,,,,
12091,,,,,,,,,,,
12092,,,,,,,,,,,
12093,,,,,,,,,,,
12094,,,,,,,,,,,
12095,,,,,,,,,,,
12096,,,,,,,,,,,
12097,,,,,,,,,,,
12098,,,,,,,,,,,
12099,,,,,,,,,,,
12100,,,,,,,,,,,
12101,,,,,,,,,,,
12102,,,,,,,,,,,
12103,,,,,,,,,,,
12104,,,,,,,,,,,
12105,,,,,,,,,,,
12106,,,,,,,,,,,
12107,,,,,,,,,,,
12108,,,,,,,,,,,
12109,,,,,,,,,,,
12110,,,,,,,,,,,
12111,,,,,,,,,,,
12112,,,,,,,,,,,
12113,,,,,,,,,,,
12114,,,,,,,,,,,
12115,,,,,,,,,,,
12116,,,,,,,,,,,
12117,,,,,,,,,,,
12118,,,,,,,,,,,
12119,,,,,,,,,,,
12120,,,,,,,,,,,
12121,,,,,,,,,,,
12122,,,,,,,,,,,
12123,,,,,,,,,,,
12124,,,,,,,,,,,
12125,,,,,,,,,,,
12126,,,,,,,,,,,
12127,,,,,,,,,,,
12128,,,,,,,,,,,
12129,,,,,,,,,,,
12130,,,,,,,,,,,
12131,,,,,,,,,,,
12132,,,,,,,,,,,
12133,,,,,,,,,,,
12134,,,,,,,,,,,
12135,,,,,,,,,,,
12136,,,,,,,,,,,
12137,,,,,,,,,,,
12138,,,,,,,,,,,
12139,,,,,,,,,,,
12140,,,,,,,,,,,
12141,,,,,,,,,,,
12142,,,,,,,,,,,
12143,,,,,,,,,,,
12144,,,,,,,,,,,
12145,,,,,,,,,,,
12146,,,,,,,,,,,
12147,,,,,,,,,,,
12148,,,,,,,,,,,
12149,,,,,,,,,,,
12150,,,,,,,,,,,
12151,,,,,,,,,,,
12152,,,,,,,,,,,
12153,,,,,,,,,,,
12154,,,,,,,,,,,
12155,,,,,,,,,,,
12156,,,,,,,,,,,
12157,,,,,,,,,,,
12158,,,,,,,,,,,
12159,,,,,,,,,,,
12160,,,,,,,,,,,
12161,,,,,,,,,,,
12162,,,,,,,,,,,
12163,,,,,,,,,,,
12164,,,,,,,,,,,
12165,,,,,,,,,,,
12166,,,,,,,,,,,
12167,,,,,,,,,,,
12168,,,,,,,,,,,
12169,,,,,,,,,,,
12170,,,,,,,,,,,
12171,,,,,,,,,,,
12172,,,,,,,,,,,
12173,,,,,,,,,,,
12174,,,,,,,,,,,
12175,,,,,,,,,,,
12176,,,,,,,,,,,
12177,,,,,,,,,,,
12178,,,,,,,,,,,
12179,,,,,,,,,,,
12180,,,,,,,,,,,
12181,,,,,,,,,,,
12182,,,,,,,,,,,
12183,,,,,,,,,,,
12184,,,,,,,,,,,
12185,,,,,,,,,,,
12186,,,,,,,,,,,
12187,,,,,,,,,,,
12188,,,,,,,,,,,
12189,,,,,,,,,,,
12190,,,,,,,,,,,
12191,,,,,,,,,,,
12192,,,,,,,,,,,
12193,,,,,,,,,,,
12194,,,,,,,,,,,
12195,,,,,,,,,,,
12196,,,,,,,,,,,
12197,,,,,,,,,,,
12198,,,,,,,,,,,
12199,,,,,,,,,,,
12200,,,,,,,,,,,
12201,,,,,,,,,,,
12202,,,,,,,,,,,
12203,,,,,,,,,,,
12204,,,,,,,,,,,
12205,,,,,,,,,,,
12206,,,,,,,,,,,
12207,,,,,,,,,,,
12208,,,,,,,,,,,
12209,,,,,,,,,,,
12210,,,,,,,,,,,
12211,,,,,,,,,,,
12212,,,,,,,,,,,
12213,,,,,,,,,,,
12214,,,,,,,,,,,
12215,,,,,,,,,,,
12216,,,,,,,,,,,
12217,,,,,,,,,,,
12218,,,,,,,,,,,
12219,,,,,,,,,,,
12220,,,,,,,,,,,
12221,,,,,,,,,,,
12222,,,,,,,,,,,
12223,,,,,,,,,,,
12224,,,,,,,,,,,
12225,,,,,,,,,,,
12226,,,,,,,,,,,
12227,,,,,,,,,,,
12228,,,,,,,,,,,
12229,,,,,,,,,,,
12230,,,,,,,,,,,
12231,,,,,,,,,,,
12232,,,,,,,,,,,
12233,,,,,,,,,,,
12234,,,,,,,,,,,
12235,,,,,,,,,,,
12236,,,,,,,,,,,
12237,,,,,,,,,,,
12238,,,,,,,,,,,
12239,,,,,,,,,,,
12240,,,,,,,,,,,
12241,,,,,,,,,,,
12242,,,,,,,,,,,
12243,,,,,,,,,,,
12244,,,,,,,,,,,
12245,,,,,,,,,,,
12246,,,,,,,,,,,
12247,,,,,,,,,,,
12248,,,,,,,,,,,
12249,,,,,,,,,,,
12250,,,,,,,,,,,
12251,,,,,,,,,,,
12252,,,,,,,,,,,
12253,,,,,,,,,,,
12254,,,,,,,,,,,
12255,,,,,,,,,,,
12256,,,,,,,,,,,
12257,,,,,,,,,,,
12258,,,,,,,,,,,
12259,,,,,,,,,,,
12260,,,,,,,,,,,
12261,,,,,,,,,,,
12262,,,,,,,,,,,
12263,,,,,,,,,,,
12264,,,,,,,,,,,
12265,,,,,,,,,,,
12266,,,,,,,,,,,
12267,,,,,,,,,,,
12268,,,,,,,,,,,
12269,,,,,,,,,,,
12270,,,,,,,,,,,
12271,,,,,,,,,,,
12272,,,,,,,,,,,
12273,,,,,,,,,,,
12274,,,,,,,,,,,
12275,,,,,,,,,,,
12276,,,,,,,,,,,
12277,,,,,,,,,,,
12278,,,,,,,,,,,
12279,,,,,,,,,,,
12280,,,,,,,,,,,
12281,,,,,,,,,,,
12282,,,,,,,,,,,
12283,,,,,,,,,,,
12284,,,,,,,,,,,
12285,,,,,,,,,,,
12286,,,,,,,,,,,
12287,,,,,,,,,,,
12288,,,,,,,,,,,
12289,,,,,,,,,,,
12290,,,,,,,,,,,
12291,,,,,,,,,,,
12292,,,,,,,,,,,
12293,,,,,,,,,,,
12294,,,,,,,,,,,
12295,,,,,,,,,,,
12296,,,,,,,,,,,
12297,,,,,,,,,,,
12298,,,,,,,,,,,
12299,,,,,,,,,,,
12300,,,,,,,,,,,
12301,,,,,,,,,,,
12302,,,,,,,,,,,
12303,,,,,,,,,,,
12304,,,,,,,,,,,
12305,,,,,,,,,,,
12306,,,,,,,,,,,
12307,,,,,,,,,,,
12308,,,,,,,,,,,
12309,,,,,,,,,,,
12310,,,,,,,,,,,
12311,,,,,,,,,,,
12312,,,,,,,,,,,
12313,,,,,,,,,,,
12314,,,,,,,,,,,
12315,,,,,,,,,,,
12316,,,,,,,,,,,
12317,,,,,,,,,,,
12318,,,,,,,,,,,
12319,,,,,,,,,,,
12320,,,,,,,,,,,
12321,,,,,,,,,,,
12322,,,,,,,,,,,
12323,,,,,,,,,,,
12324,,,,,,,,,,,
12325,,,,,,,,,,,
12326,,,,,,,,,,,
12327,,,,,,,,,,,
12328,,,,,,,,,,,
12329,,,,,,,,,,,
12330,,,,,,,,,,,
12331,,,,,,,,,,,
12332,,,,,,,,,,,
12333,,,,,,,,,,,
12334,,,,,,,,,,,
12335,,,,,,,,,,,
12336,,,,,,,,,,,
12337,,,,,,,,,,,
12338,,,,,,,,,,,
12339,,,,,,,,,,,
12340,,,,,,,,,,,
12341,,,,,,,,,,,
12342,,,,,,,,,,,
12343,,,,,,,,,,,
12344,,,,,,,,,,,
12345,,,,,,,,,,,
12346,,,,,,,,,,,
12347,,,,,,,,,,,
12348,,,,,,,,,,,
12349,,,,,,,,,,,
12350,,,,,,,,,,,
12351,,,,,,,,,,,
12352,,,,,,,,,,,
12353,,,,,,,,,,,
12354,,,,,,,,,,,
12355,,,,,,,,,,,
12356,,,,,,,,,,,
12357,,,,,,,,,,,
12358,,,,,,,,,,,
12359,,,,,,,,,,,
12360,,,,,,,,,,,
12361,,,,,,,,,,,
12362,,,,,,,,,,,
12363,,,,,,,,,,,
12364,,,,,,,,,,,
12365,,,,,,,,,,,
12366,,,,,,,,,,,
12367,,,,,,,,,,,
12368,,,,,,,,,,,
12369,,,,,,,,,,,
12370,,,,,,,,,,,
12371,,,,,,,,,,,
12372,,,,,,,,,,,
12373,,,,,,,,,,,
12374,,,,,,,,,,,
12375,,,,,,,,,,,
12376,,,,,,,,,,,
12377,,,,,,,,,,,
12378,,,,,,,,,,,
12379,,,,,,,,,,,
12380,,,,,,,,,,,
12381,,,,,,,,,,,
12382,,,,,,,,,,,
12383,,,,,,,,,,,
12384,,,,,,,,,,,
12385,,,,,,,,,,,
12386,,,,,,,,,,,
12387,,,,,,,,,,,
12388,,,,,,,,,,,
12389,,,,,,,,,,,
12390,,,,,,,,,,,
12391,,,,,,,,,,,
12392,,,,,,,,,,,
12393,,,,,,,,,,,
12394,,,,,,,,,,,
12395,,,,,,,,,,,
12396,,,,,,,,,,,
12397,,,,,,,,,,,
12398,,,,,,,,,,,
12399,,,,,,,,,,,
12400,,,,,,,,,,,
12401,,,,,,,,,,,
12402,,,,,,,,,,,
12403,,,,,,,,,,,
12404,,,,,,,,,,,
12405,,,,,,,,,,,
12406,,,,,,,,,,,
12407,,,,,,,,,,,
12408,,,,,,,,,,,
12409,,,,,,,,,,,
12410,,,,,,,,,,,
12411,,,,,,,,,,,
12412,,,,,,,,,,,
12413,,,,,,,,,,,
12414,,,,,,,,,,,
12415,,,,,,,,,,,
12416,,,,,,,,,,,
12417,,,,,,,,,,,
12418,,,,,,,,,,,
12419,,,,,,,,,,,
12420,,,,,,,,,,,
12421,,,,,,,,,,,
12422,,,,,,,,,,,
12423,,,,,,,,,,,
12424,,,,,,,,,,,
12425,,,,,,,,,,,
12426,,,,,,,,,,,
12427,,,,,,,,,,,
12428,,,,,,,,,,,
12429,,,,,,,,,,,
12430,,,,,,,,,,,
12431,,,,,,,,,,,
12432,,,,,,,,,,,
12433,,,,,,,,,,,
12434,,,,,,,,,,,
12435,,,,,,,,,,,
12436,,,,,,,,,,,
12437,,,,,,,,,,,
12438,,,,,,,,,,,
12439,,,,,,,,,,,
12440,,,,,,,,,,,
12441,,,,,,,,,,,
12442,,,,,,,,,,,
12443,,,,,,,,,,,
12444,,,,,,,,,,,
12445,,,,,,,,,,,
12446,,,,,,,,,,,
12447,,,,,,,,,,,
12448,,,,,,,,,,,
12449,,,,,,,,,,,
12450,,,,,,,,,,,
12451,,,,,,,,,,,
12452,,,,,,,,,,,
12453,,,,,,,,,,,
12454,,,,,,,,,,,
12455,,,,,,,,,,,
12456,,,,,,,,,,,
12457,,,,,,,,,,,
12458,,,,,,,,,,,
12459,,,,,,,,,,,
12460,,,,,,,,,,,
12461,,,,,,,,,,,
12462,,,,,,,,,,,
12463,,,,,,,,,,,
12464,,,,,,,,,,,
12465,,,,,,,,,,,
12466,,,,,,,,,,,
12467,,,,,,,,,,,
12468,,,,,,,,,,,
12469,,,,,,,,,,,
12470,,,,,,,,,,,
12471,,,,,,,,,,,
12472,,,,,,,,,,,
12473,,,,,,,,,,,
12474,,,,,,,,,,,
12475,,,,,,,,,,,
12476,,,,,,,,,,,
12477,,,,,,,,,,,
12478,,,,,,,,,,,
12479,,,,,,,,,,,
12480,,,,,,,,,,,
12481,,,,,,,,,,,
12482,,,,,,,,,,,
12483,,,,,,,,,,,
12484,,,,,,,,,,,
12485,,,,,,,,,,,
12486,,,,,,,,,,,
12487,,,,,,,,,,,
12488,,,,,,,,,,,
12489,,,,,,,,,,,
12490,,,,,,,,,,,
12491,,,,,,,,,,,
12492,,,,,,,,,,,
12493,,,,,,,,,,,
12494,,,,,,,,,,,
12495,,,,,,,,,,,
12496,,,,,,,,,,,
12497,,,,,,,,,,,
12498,,,,,,,,,,,
12499,,,,,,,,,,,
12500,,,,,,,,,,,
12501,,,,,,,,,,,
12502,,,,,,,,,,,
12503,,,,,,,,,,,
12504,,,,,,,,,,,
12505,,,,,,,,,,,
12506,,,,,,,,,,,
12507,,,,,,,,,,,
12508,,,,,,,,,,,
12509,,,,,,,,,,,
12510,,,,,,,,,,,
12511,,,,,,,,,,,
12512,,,,,,,,,,,
12513,,,,,,,,,,,
12514,,,,,,,,,,,
12515,,,,,,,,,,,
12516,,,,,,,,,,,
12517,,,,,,,,,,,
12518,,,,,,,,,,,
12519,,,,,,,,,,,
12520,,,,,,,,,,,
12521,,,,,,,,,,,
12522,,,,,,,,,,,
12523,,,,,,,,,,,
12524,,,,,,,,,,,
12525,,,,,,,,,,,
12526,,,,,,,,,,,
12527,,,,,,,,,,,
12528,,,,,,,,,,,
12529,,,,,,,,,,,
12530,,,,,,,,,,,
12531,,,,,,,,,,,
12532,,,,,,,,,,,
12533,,,,,,,,,,,
12534,,,,,,,,,,,
12535,,,,,,,,,,,
12536,,,,,,,,,,,
12537,,,,,,,,,,,
12538,,,,,,,,,,,
12539,,,,,,,,,,,
12540,,,,,,,,,,,
12541,,,,,,,,,,,
12542,,,,,,,,,,,
12543,,,,,,,,,,,
12544,,,,,,,,,,,
12545,,,,,,,,,,,
12546,,,,,,,,,,,
12547,,,,,,,,,,,
12548,,,,,,,,,,,
12549,,,,,,,,,,,
12550,,,,,,,,,,,
12551,,,,,,,,,,,
12552,,,,,,,,,,,
12553,,,,,,,,,,,
12554,,,,,,,,,,,
12555,,,,,,,,,,,
12556,,,,,,,,,,,
12557,,,,,,,,,,,
12558,,,,,,,,,,,
12559,,,,,,,,,,,
12560,,,,,,,,,,,
12561,,,,,,,,,,,
12562,,,,,,,,,,,
12563,,,,,,,,,,,
12564,,,,,,,,,,,
12565,,,,,,,,,,,
12566,,,,,,,,,,,
12567,,,,,,,,,,,
12568,,,,,,,,,,,
12569,,,,,,,,,,,
12570,,,,,,,,,,,
12571,,,,,,,,,,,
12572,,,,,,,,,,,
12573,,,,,,,,,,,
12574,,,,,,,,,,,
12575,,,,,,,,,,,
12576,,,,,,,,,,,
12577,,,,,,,,,,,
12578,,,,,,,,,,,
12579,,,,,,,,,,,
12580,,,,,,,,,,,
12581,,,,,,,,,,,
12582,,,,,,,,,,,
12583,,,,,,,,,,,
12584,,,,,,,,,,,
12585,,,,,,,,,,,
12586,,,,,,,,,,,
12587,,,,,,,,,,,
12588,,,,,,,,,,,
12589,,,,,,,,,,,
12590,,,,,,,,,,,
12591,,,,,,,,,,,
12592,,,,,,,,,,,
12593,,,,,,,,,,,
12594,,,,,,,,,,,
12595,,,,,,,,,,,
12596,,,,,,,,,,,
12597,,,,,,,,,,,
12598,,,,,,,,,,,
12599,,,,,,,,,,,
12600,,,,,,,,,,,
12601,,,,,,,,,,,
12602,,,,,,,,,,,
12603,,,,,,,,,,,
12604,,,,,,,,,,,
12605,,,,,,,,,,,
12606,,,,,,,,,,,
12607,,,,,,,,,,,
12608,,,,,,,,,,,
12609,,,,,,,,,,,
12610,,,,,,,,,,,
12611,,,,,,,,,,,
12612,,,,,,,,,,,
12613,,,,,,,,,,,
12614,,,,,,,,,,,
12615,,,,,,,,,,,
12616,,,,,,,,,,,
12617,,,,,,,,,,,
12618,,,,,,,,,,,
12619,,,,,,,,,,,
12620,,,,,,,,,,,
12621,,,,,,,,,,,
12622,,,,,,,,,,,
12623,,,,,,,,,,,
12624,,,,,,,,,,,
12625,,,,,,,,,,,
12626,,,,,,,,,,,
12627,,,,,,,,,,,
12628,,,,,,,,,,,
12629,,,,,,,,,,,
12630,,,,,,,,,,,
12631,,,,,,,,,,,
12632,,,,,,,,,,,
12633,,,,,,,,,,,
12634,,,,,,,,,,,
12635,,,,,,,,,,,
12636,,,,,,,,,,,
12637,,,,,,,,,,,
12638,,,,,,,,,,,
12639,,,,,,,,,,,
12640,,,,,,,,,,,
12641,,,,,,,,,,,
12642,,,,,,,,,,,
12643,,,,,,,,,,,
12644,,,,,,,,,,,
12645,,,,,,,,,,,
12646,,,,,,,,,,,
12647,,,,,,,,,,,
12648,,,,,,,,,,,
12649,,,,,,,,,,,
12650,,,,,,,,,,,
12651,,,,,,,,,,,
12652,,,,,,,,,,,
12653,,,,,,,,,,,
12654,,,,,,,,,,,
12655,,,,,,,,,,,
12656,,,,,,,,,,,
12657,,,,,,,,,,,
12658,,,,,,,,,,,
12659,,,,,,,,,,,
12660,,,,,,,,,,,
12661,,,,,,,,,,,
12662,,,,,,,,,,,
12663,,,,,,,,,,,
12664,,,,,,,,,,,
12665,,,,,,,,,,,
12666,,,,,,,,,,,
12667,,,,,,,,,,,
12668,,,,,,,,,,,
12669,,,,,,,,,,,
12670,,,,,,,,,,,
12671,,,,,,,,,,,
12672,,,,,,,,,,,
12673,,,,,,,,,,,
12674,,,,,,,,,,,
12675,,,,,,,,,,,
12676,,,,,,,,,,,
12677,,,,,,,,,,,
12678,,,,,,,,,,,
12679,,,,,,,,,,,
12680,,,,,,,,,,,
12681,,,,,,,,,,,
12682,,,,,,,,,,,
12683,,,,,,,,,,,
12684,,,,,,,,,,,
12685,,,,,,,,,,,
12686,,,,,,,,,,,
12687,,,,,,,,,,,
12688,,,,,,,,,,,
12689,,,,,,,,,,,
12690,,,,,,,,,,,
12691,,,,,,,,,,,
12692,,,,,,,,,,,
12693,,,,,,,,,,,
12694,,,,,,,,,,,
12695,,,,,,,,,,,
12696,,,,,,,,,,,
12697,,,,,,,,,,,
12698,,,,,,,,,,,
12699,,,,,,,,,,,
12700,,,,,,,,,,,
12701,,,,,,,,,,,
12702,,,,,,,,,,,
12703,,,,,,,,,,,
12704,,,,,,,,,,,
12705,,,,,,,,,,,
12706,,,,,,,,,,,
12707,,,,,,,,,,,
12708,,,,,,,,,,,
12709,,,,,,,,,,,
12710,,,,,,,,,,,
12711,,,,,,,,,,,
12712,,,,,,,,,,,
12713,,,,,,,,,,,
12714,,,,,,,,,,,
12715,,,,,,,,,,,
12716,,,,,,,,,,,
12717,,,,,,,,,,,
12718,,,,,,,,,,,
12719,,,,,,,,,,,
12720,,,,,,,,,,,
12721,,,,,,,,,,,
12722,,,,,,,,,,,
12723,,,,,,,,,,,
12724,,,,,,,,,,,
12725,,,,,,,,,,,
12726,,,,,,,,,,,
12727,,,,,,,,,,,
12728,,,,,,,,,,,
12729,,,,,,,,,,,
12730,,,,,,,,,,,
12731,,,,,,,,,,,
12732,,,,,,,,,,,
12733,,,,,,,,,,,
12734,,,,,,,,,,,
12735,,,,,,,,,,,
12736,,,,,,,,,,,
12737,,,,,,,,,,,
12738,,,,,,,,,,,
12739,,,,,,,,,,,
12740,,,,,,,,,,,
12741,,,,,,,,,,,
12742,,,,,,,,,,,
12743,,,,,,,,,,,
12744,,,,,,,,,,,
12745,,,,,,,,,,,
12746,,,,,,,,,,,
12747,,,,,,,,,,,
12748,,,,,,,,,,,
12749,,,,,,,,,,,
12750,,,,,,,,,,,
12751,,,,,,,,,,,
12752,,,,,,,,,,,
12753,,,,,,,,,,,
12754,,,,,,,,,,,
12755,,,,,,,,,,,
12756,,,,,,,,,,,
12757,,,,,,,,,,,
12758,,,,,,,,,,,
12759,,,,,,,,,,,
12760,,,,,,,,,,,
12761,,,,,,,,,,,
12762,,,,,,,,,,,
12763,,,,,,,,,,,
12764,,,,,,,,,,,
12765,,,,,,,,,,,
12766,,,,,,,,,,,
12767,,,,,,,,,,,
12768,,,,,,,,,,,
12769,,,,,,,,,,,
12770,,,,,,,,,,,
12771,,,,,,,,,,,
12772,,,,,,,,,,,
12773,,,,,,,,,,,
12774,,,,,,,,,,,
12775,,,,,,,,,,,
12776,,,,,,,,,,,
12777,,,,,,,,,,,
12778,,,,,,,,,,,
12779,,,,,,,,,,,
12780,,,,,,,,,,,
12781,,,,,,,,,,,
12782,,,,,,,,,,,
12783,,,,,,,,,,,
12784,,,,,,,,,,,
12785,,,,,,,,,,,
12786,,,,,,,,,,,
12787,,,,,,,,,,,
12788,,,,,,,,,,,
12789,,,,,,,,,,,
12790,,,,,,,,,,,
12791,,,,,,,,,,,
12792,,,,,,,,,,,
12793,,,,,,,,,,,
12794,,,,,,,,,,,
12795,,,,,,,,,,,
12796,,,,,,,,,,,
12797,,,,,,,,,,,
12798,,,,,,,,,,,
12799,,,,,,,,,,,
12800,,,,,,,,,,,
12801,,,,,,,,,,,
12802,,,,,,,,,,,
12803,,,,,,,,,,,
12804,,,,,,,,,,,
12805,,,,,,,,,,,
12806,,,,,,,,,,,
12807,,,,,,,,,,,
12808,,,,,,,,,,,
12809,,,,,,,,,,,
12810,,,,,,,,,,,
12811,,,,,,,,,,,
12812,,,,,,,,,,,
12813,,,,,,,,,,,
12814,,,,,,,,,,,
12815,,,,,,,,,,,
12816,,,,,,,,,,,
12817,,,,,,,,,,,
12818,,,,,,,,,,,
12819,,,,,,,,,,,
12820,,,,,,,,,,,
12821,,,,,,,,,,,
12822,,,,,,,,,,,
12823,,,,,,,,,,,
12824,,,,,,,,,,,
12825,,,,,,,,,,,
12826,,,,,,,,,,,
12827,,,,,,,,,,,
12828,,,,,,,,,,,
12829,,,,,,,,,,,
12830,,,,,,,,,,,
12831,,,,,,,,,,,
12832,,,,,,,,,,,
12833,,,,,,,,,,,
12834,,,,,,,,,,,
12835,,,,,,,,,,,
12836,,,,,,,,,,,
12837,,,,,,,,,,,
12838,,,,,,,,,,,
12839,,,,,,,,,,,
12840,,,,,,,,,,,
12841,,,,,,,,,,,
12842,,,,,,,,,,,
12843,,,,,,,,,,,
12844,,,,,,,,,,,
12845,,,,,,,,,,,
12846,,,,,,,,,,,
12847,,,,,,,,,,,
12848,,,,,,,,,,,
12849,,,,,,,,,,,
12850,,,,,,,,,,,
12851,,,,,,,,,,,
12852,,,,,,,,,,,
12853,,,,,,,,,,,
12854,,,,,,,,,,,
12855,,,,,,,,,,,
12856,,,,,,,,,,,
12857,,,,,,,,,,,
12858,,,,,,,,,,,
12859,,,,,,,,,,,
12860,,,,,,,,,,,
12861,,,,,,,,,,,
12862,,,,,,,,,,,
12863,,,,,,,,,,,
12864,,,,,,,,,,,
12865,,,,,,,,,,,
12866,,,,,,,,,,,
12867,,,,,,,,,,,
12868,,,,,,,,,,,
12869,,,,,,,,,,,
12870,,,,,,,,,,,
12871,,,,,,,,,,,
12872,,,,,,,,,,,
12873,,,,,,,,,,,
12874,,,,,,,,,,,
12875,,,,,,,,,,,
12876,,,,,,,,,,,
12877,,,,,,,,,,,
12878,,,,,,,,,,,
12879,,,,,,,,,,,
12880,,,,,,,,,,,
12881,,,,,,,,,,,
12882,,,,,,,,,,,
12883,,,,,,,,,,,
12884,,,,,,,,,,,
12885,,,,,,,,,,,
12886,,,,,,,,,,,
12887,,,,,,,,,,,
12888,,,,,,,,,,,
12889,,,,,,,,,,,
12890,,,,,,,,,,,
12891,,,,,,,,,,,
12892,,,,,,,,,,,
12893,,,,,,,,,,,
12894,,,,,,,,,,,
12895,,,,,,,,,,,
12896,,,,,,,,,,,
12897,,,,,,,,,,,
12898,,,,,,,,,,,
12899,,,,,,,,,,,
12900,,,,,,,,,,,
12901,,,,,,,,,,,
12902,,,,,,,,,,,
12903,,,,,,,,,,,
12904,,,,,,,,,,,
12905,,,,,,,,,,,
12906,,,,,,,,,,,
12907,,,,,,,,,,,
12908,,,,,,,,,,,
12909,,,,,,,,,,,
12910,,,,,,,,,,,
12911,,,,,,,,,,,
12912,,,,,,,,,,,
12913,,,,,,,,,,,
12914,,,,,,,,,,,
12915,,,,,,,,,,,
12916,,,,,,,,,,,
12917,,,,,,,,,,,
12918,,,,,,,,,,,
12919,,,,,,,,,,,
12920,,,,,,,,,,,
12921,,,,,,,,,,,
12922,,,,,,,,,,,
12923,,,,,,,,,,,
12924,,,,,,,,,,,
12925,,,,,,,,,,,
12926,,,,,,,,,,,
12927,,,,,,,,,,,
12928,,,,,,,,,,,
12929,,,,,,,,,,,
12930,,,,,,,,,,,
12931,,,,,,,,,,,
12932,,,,,,,,,,,
12933,,,,,,,,,,,
12934,,,,,,,,,,,
12935,,,,,,,,,,,
12936,,,,,,,,,,,
12937,,,,,,,,,,,
12938,,,,,,,,,,,
12939,,,,,,,,,,,
12940,,,,,,,,,,,
12941,,,,,,,,,,,
12942,,,,,,,,,,,
12943,,,,,,,,,,,
12944,,,,,,,,,,,
12945,,,,,,,,,,,
12946,,,,,,,,,,,
12947,,,,,,,,,,,
12948,,,,,,,,,,,
12949,,,,,,,,,,,
12950,,,,,,,,,,,
12951,,,,,,,,,,,
12952,,,,,,,,,,,
12953,,,,,,,,,,,
12954,,,,,,,,,,,
12955,,,,,,,,,,,
12956,,,,,,,,,,,
12957,,,,,,,,,,,
12958,,,,,,,,,,,
12959,,,,,,,,,,,
12960,,,,,,,,,,,
12961,,,,,,,,,,,
12962,,,,,,,,,,,
12963,,,,,,,,,,,
12964,,,,,,,,,,,
12965,,,,,,,,,,,
12966,,,,,,,,,,,
12967,,,,,,,,,,,
12968,,,,,,,,,,,
12969,,,,,,,,,,,
12970,,,,,,,,,,,
12971,,,,,,,,,,,
12972,,,,,,,,,,,
12973,,,,,,,,,,,
12974,,,,,,,,,,,
12975,,,,,,,,,,,
12976,,,,,,,,,,,
12977,,,,,,,,,,,
12978,,,,,,,,,,,
12979,,,,,,,,,,,
12980,,,,,,,,,,,
12981,,,,,,,,,,,
12982,,,,,,,,,,,
12983,,,,,,,,,,,
12984,,,,,,,,,,,
12985,,,,,,,,,,,
12986,,,,,,,,,,,
12987,,,,,,,,,,,
12988,,,,,,,,,,,
12989,,,,,,,,,,,
12990,,,,,,,,,,,
12991,,,,,,,,,,,
12992,,,,,,,,,,,
12993,,,,,,,,,,,
12994,,,,,,,,,,,
12995,,,,,,,,,,,
12996,,,,,,,,,,,
12997,,,,,,,,,,,
12998,,,,,,,,,,,
12999,,,,,,,,,,,
13000,,,,,,,,,,,
13001,,,,,,,,,,,
13002,,,,,,,,,,,
13003,,,,,,,,,,,
13004,,,,,,,,,,,
13005,,,,,,,,,,,
13006,,,,,,,,,,,
13007,,,,,,,,,,,
13008,,,,,,,,,,,
13009,,,,,,,,,,,
13010,,,,,,,,,,,
13011,,,,,,,,,,,
13012,,,,,,,,,,,
13013,,,,,,,,,,,
13014,,,,,,,,,,,
13015,,,,,,,,,,,
13016,,,,,,,,,,,
13017,,,,,,,,,,,
13018,,,,,,,,,,,
13019,,,,,,,,,,,
13020,,,,,,,,,,,
13021,,,,,,,,,,,
13022,,,,,,,,,,,
13023,,,,,,,,,,,
13024,,,,,,,,,,,
13025,,,,,,,,,,,
13026,,,,,,,,,,,
13027,,,,,,,,,,,
13028,,,,,,,,,,,
13029,,,,,,,,,,,
13030,,,,,,,,,,,
13031,,,,,,,,,,,
13032,,,,,,,,,,,
13033,,,,,,,,,,,
13034,,,,,,,,,,,
13035,,,,,,,,,,,
13036,,,,,,,,,,,
13037,,,,,,,,,,,
13038,,,,,,,,,,,
13039,,,,,,,,,,,
13040,,,,,,,,,,,
13041,,,,,,,,,,,
13042,,,,,,,,,,,
13043,,,,,,,,,,,
13044,,,,,,,,,,,
13045,,,,,,,,,,,
13046,,,,,,,,,,,
13047,,,,,,,,,,,
13048,,,,,,,,,,,
13049,,,,,,,,,,,
13050,,,,,,,,,,,
13051,,,,,,,,,,,
13052,,,,,,,,,,,
13053,,,,,,,,,,,
13054,,,,,,,,,,,
13055,,,,,,,,,,,
13056,,,,,,,,,,,
13057,,,,,,,,,,,
13058,,,,,,,,,,,
13059,,,,,,,,,,,
13060,,,,,,,,,,,
13061,,,,,,,,,,,
13062,,,,,,,,,,,
13063,,,,,,,,,,,
13064,,,,,,,,,,,
13065,,,,,,,,,,,
13066,,,,,,,,,,,
13067,,,,,,,,,,,
13068,,,,,,,,,,,
13069,,,,,,,,,,,
13070,,,,,,,,,,,
13071,,,,,,,,,,,
13072,,,,,,,,,,,
13073,,,,,,,,,,,
13074,,,,,,,,,,,
13075,,,,,,,,,,,
13076,,,,,,,,,,,
13077,,,,,,,,,,,
13078,,,,,,,,,,,
13079,,,,,,,,,,,
13080,,,,,,,,,,,
13081,,,,,,,,,,,
13082,,,,,,,,,,,
13083,,,,,,,,,,,
13084,,,,,,,,,,,
13085,,,,,,,,,,,
13086,,,,,,,,,,,
13087,,,,,,,,,,,
13088,,,,,,,,,,,
13089,,,,,,,,,,,
13090,,,,,,,,,,,
13091,,,,,,,,,,,
13092,,,,,,,,,,,
13093,,,,,,,,,,,
13094,,,,,,,,,,,
13095,,,,,,,,,,,
13096,,,,,,,,,,,
13097,,,,,,,,,,,
13098,,,,,,,,,,,
13099,,,,,,,,,,,
13100,,,,,,,,,,,
13101,,,,,,,,,,,
13102,,,,,,,,,,,
13103,,,,,,,,,,,
13104,,,,,,,,,,,
13105,,,,,,,,,,,
13106,,,,,,,,,,,
13107,,,,,,,,,,,
13108,,,,,,,,,,,
13109,,,,,,,,,,,
13110,,,,,,,,,,,
13111,,,,,,,,,,,
13112,,,,,,,,,,,
13113,,,,,,,,,,,
13114,,,,,,,,,,,
13115,,,,,,,,,,,
13116,,,,,,,,,,,
13117,,,,,,,,,,,
13118,,,,,,,,,,,
13119,,,,,,,,,,,
13120,,,,,,,,,,,
13121,,,,,,,,,,,
13122,,,,,,,,,,,
13123,,,,,,,,,,,
13124,,,,,,,,,,,
13125,,,,,,,,,,,
13126,,,,,,,,,,,
13127,,,,,,,,,,,
13128,,,,,,,,,,,
13129,,,,,,,,,,,
13130,,,,,,,,,,,
13131,,,,,,,,,,,
13132,,,,,,,,,,,
13133,,,,,,,,,,,
13134,,,,,,,,,,,
13135,,,,,,,,,,,
13136,,,,,,,,,,,
13137,,,,,,,,,,,
13138,,,,,,,,,,,
13139,,,,,,,,,,,
13140,,,,,,,,,,,
13141,,,,,,,,,,,
13142,,,,,,,,,,,
13143,,,,,,,,,,,
13144,,,,,,,,,,,
13145,,,,,,,,,,,
13146,,,,,,,,,,,
13147,,,,,,,,,,,
13148,,,,,,,,,,,
13149,,,,,,,,,,,
13150,,,,,,,,,,,
13151,,,,,,,,,,,
13152,,,,,,,,,,,
13153,,,,,,,,,,,
13154,,,,,,,,,,,
13155,,,,,,,,,,,
13156,,,,,,,,,,,
13157,,,,,,,,,,,
13158,,,,,,,,,,,
13159,,,,,,,,,,,
13160,,,,,,,,,,,
13161,,,,,,,,,,,
13162,,,,,,,,,,,
13163,,,,,,,,,,,
13164,,,,,,,,,,,
13165,,,,,,,,,,,
13166,,,,,,,,,,,
13167,,,,,,,,,,,
13168,,,,,,,,,,,
13169,,,,,,,,,,,
13170,,,,,,,,,,,
13171,,,,,,,,,,,
13172,,,,,,,,,,,
13173,,,,,,,,,,,
13174,,,,,,,,,,,
13175,,,,,,,,,,,
13176,,,,,,,,,,,
13177,,,,,,,,,,,
13178,,,,,,,,,,,
13179,,,,,,,,,,,
13180,,,,,,,,,,,
13181,,,,,,,,,,,
13182,,,,,,,,,,,
13183,,,,,,,,,,,
13184,,,,,,,,,,,
13185,,,,,,,,,,,
13186,,,,,,,,,,,
13187,,,,,,,,,,,
13188,,,,,,,,,,,
13189,,,,,,,,,,,
13190,,,,,,,,,,,
13191,,,,,,,,,,,
13192,,,,,,,,,,,
13193,,,,,,,,,,,
13194,,,,,,,,,,,
13195,,,,,,,,,,,
13196,,,,,,,,,,,
13197,,,,,,,,,,,
13198,,,,,,,,,,,
13199,,,,,,,,,,,
13200,,,,,,,,,,,
13201,,,,,,,,,,,
13202,,,,,,,,,,,
13203,,,,,,,,,,,
13204,,,,,,,,,,,
13205,,,,,,,,,,,
13206,,,,,,,,,,,
13207,,,,,,,,,,,
13208,,,,,,,,,,,
13209,,,,,,,,,,,
13210,,,,,,,,,,,
13211,,,,,,,,,,,
13212,,,,,,,,,,,
13213,,,,,,,,,,,
13214,,,,,,,,,,,
13215,,,,,,,,,,,
13216,,,,,,,,,,,
13217,,,,,,,,,,,
13218,,,,,,,,,,,
13219,,,,,,,,,,,
13220,,,,,,,,,,,
13221,,,,,,,,,,,
13222,,,,,,,,,,,
13223,,,,,,,,,,,
13224,,,,,,,,,,,
13225,,,,,,,,,,,
13226,,,,,,,,,,,
13227,,,,,,,,,,,
13228,,,,,,,,,,,
13229,,,,,,,,,,,
13230,,,,,,,,,,,
13231,,,,,,,,,,,
13232,,,,,,,,,,,
13233,,,,,,,,,,,
13234,,,,,,,,,,,
13235,,,,,,,,,,,
13236,,,,,,,,,,,
13237,,,,,,,,,,,
13238,,,,,,,,,,,
13239,,,,,,,,,,,
13240,,,,,,,,,,,
13241,,,,,,,,,,,
13242,,,,,,,,,,,
13243,,,,,,,,,,,
13244,,,,,,,,,,,
13245,,,,,,,,,,,
13246,,,,,,,,,,,
13247,,,,,,,,,,,
13248,,,,,,,,,,,
13249,,,,,,,,,,,
13250,,,,,,,,,,,
13251,,,,,,,,,,,
13252,,,,,,,,,,,
13253,,,,,,,,,,,
13254,,,,,,,,,,,
13255,,,,,,,,,,,
13256,,,,,,,,,,,
13257,,,,,,,,,,,
13258,,,,,,,,,,,
13259,,,,,,,,,,,
13260,,,,,,,,,,,
13261,,,,,,,,,,,
13262,,,,,,,,,,,
13263,,,,,,,,,,,
13264,,,,,,,,,,,
13265,,,,,,,,,,,
13266,,,,,,,,,,,
13267,,,,,,,,,,,
13268,,,,,,,,,,,
13269,,,,,,,,,,,
13270,,,,,,,,,,,
13271,,,,,,,,,,,
13272,,,,,,,,,,,
13273,,,,,,,,,,,
13274,,,,,,,,,,,
13275,,,,,,,,,,,
13276,,,,,,,,,,,
13277,,,,,,,,,,,
13278,,,,,,,,,,,
13279,,,,,,,,,,,
13280,,,,,,,,,,,
13281,,,,,,,,,,,
13282,,,,,,,,,,,
13283,,,,,,,,,,,
13284,,,,,,,,,,,
13285,,,,,,,,,,,
13286,,,,,,,,,,,
13287,,,,,,,,,,,
13288,,,,,,,,,,,
13289,,,,,,,,,,,
13290,,,,,,,,,,,
13291,,,,,,,,,,,
13292,,,,,,,,,,,
13293,,,,,,,,,,,
13294,,,,,,,,,,,
13295,,,,,,,,,,,
13296,,,,,,,,,,,
13297,,,,,,,,,,,
13298,,,,,,,,,,,
13299,,,,,,,,,,,
13300,,,,,,,,,,,
13301,,,,,,,,,,,
13302,,,,,,,,,,,
13303,,,,,,,,,,,
13304,,,,,,,,,,,
13305,,,,,,,,,,,
13306,,,,,,,,,,,
13307,,,,,,,,,,,
13308,,,,,,,,,,,
13309,,,,,,,,,,,
13310,,,,,,,,,,,
13311,,,,,,,,,,,
13312,,,,,,,,,,,
13313,,,,,,,,,,,
13314,,,,,,,,,,,
13315,,,,,,,,,,,
13316,,,,,,,,,,,
13317,,,,,,,,,,,
13318,,,,,,,,,,,
13319,,,,,,,,,,,
13320,,,,,,,,,,,
13321,,,,,,,,,,,
13322,,,,,,,,,,,
13323,,,,,,,,,,,
13324,,,,,,,,,,,
13325,,,,,,,,,,,
13326,,,,,,,,,,,
13327,,,,,,,,,,,
13328,,,,,,,,,,,
13329,,,,,,,,,,,
13330,,,,,,,,,,,
13331,,,,,,,,,,,
13332,,,,,,,,,,,
13333,,,,,,,,,,,
13334,,,,,,,,,,,
13335,,,,,,,,,,,
13336,,,,,,,,,,,
13337,,,,,,,,,,,
13338,,,,,,,,,,,
13339,,,,,,,,,,,
13340,,,,,,,,,,,
13341,,,,,,,,,,,
13342,,,,,,,,,,,
13343,,,,,,,,,,,
13344,,,,,,,,,,,
13345,,,,,,,,,,,
13346,,,,,,,,,,,
13347,,,,,,,,,,,
13348,,,,,,,,,,,
13349,,,,,,,,,,,
13350,,,,,,,,,,,
13351,,,,,,,,,,,
13352,,,,,,,,,,,
13353,,,,,,,,,,,
13354,,,,,,,,,,,
13355,,,,,,,,,,,
13356,,,,,,,,,,,
13357,,,,,,,,,,,
13358,,,,,,,,,,,
13359,,,,,,,,,,,
13360,,,,,,,,,,,
13361,,,,,,,,,,,
13362,,,,,,,,,,,
13363,,,,,,,,,,,
13364,,,,,,,,,,,
13365,,,,,,,,,,,
13366,,,,,,,,,,,
13367,,,,,,,,,,,
13368,,,,,,,,,,,
13369,,,,,,,,,,,
13370,,,,,,,,,,,
13371,,,,,,,,,,,
13372,,,,,,,,,,,
13373,,,,,,,,,,,
13374,,,,,,,,,,,
13375,,,,,,,,,,,
13376,,,,,,,,,,,
13377,,,,,,,,,,,
13378,,,,,,,,,,,
13379,,,,,,,,,,,
13380,,,,,,,,,,,
13381,,,,,,,,,,,
13382,,,,,,,,,,,
13383,,,,,,,,,,,
13384,,,,,,,,,,,
13385,,,,,,,,,,,
13386,,,,,,,,,,,
13387,,,,,,,,,,,
13388,,,,,,,,,,,
13389,,,,,,,,,,,
13390,,,,,,,,,,,
13391,,,,,,,,,,,
13392,,,,,,,,,,,
13393,,,,,,,,,,,
13394,,,,,,,,,,,
13395,,,,,,,,,,,
13396,,,,,,,,,,,
13397,,,,,,,,,,,
13398,,,,,,,,,,,
13399,,,,,,,,,,,
13400,,,,,,,,,,,
13401,,,,,,,,,,,
13402,,,,,,,,,,,
13403,,,,,,,,,,,
13404,,,,,,,,,,,
13405,,,,,,,,,,,
13406,,,,,,,,,,,
13407,,,,,,,,,,,
13408,,,,,,,,,,,
13409,,,,,,,,,,,
13410,,,,,,,,,,,
13411,,,,,,,,,,,
13412,,,,,,,,,,,
13413,,,,,,,,,,,
13414,,,,,,,,,,,
13415,,,,,,,,,,,
13416,,,,,,,,,,,
13417,,,,,,,,,,,
13418,,,,,,,,,,,
13419,,,,,,,,,,,
13420,,,,,,,,,,,
13421,,,,,,,,,,,
13422,,,,,,,,,,,
13423,,,,,,,,,,,
13424,,,,,,,,,,,
13425,,,,,,,,,,,
13426,,,,,,,,,,,
13427,,,,,,,,,,,
13428,,,,,,,,,,,
13429,,,,,,,,,,,
13430,,,,,,,,,,,
13431,,,,,,,,,,,
13432,,,,,,,,,,,
13433,,,,,,,,,,,
13434,,,,,,,,,,,
13435,,,,,,,,,,,
13436,,,,,,,,,,,
13437,,,,,,,,,,,
13438,,,,,,,,,,,
13439,,,,,,,,,,,
13440,,,,,,,,,,,
13441,,,,,,,,,,,
13442,,,,,,,,,,,
13443,,,,,,,,,,,
13444,,,,,,,,,,,
13445,,,,,,,,,,,
13446,,,,,,,,,,,
13447,,,,,,,,,,,
13448,,,,,,,,,,,
13449,,,,,,,,,,,
13450,,,,,,,,,,,
13451,,,,,,,,,,,
13452,,,,,,,,,,,
13453,,,,,,,,,,,
13454,,,,,,,,,,,
13455,,,,,,,,,,,
13456,,,,,,,,,,,
13457,,,,,,,,,,,
13458,,,,,,,,,,,
13459,,,,,,,,,,,
13460,,,,,,,,,,,
13461,,,,,,,,,,,
13462,,,,,,,,,,,
13463,,,,,,,,,,,
13464,,,,,,,,,,,
13465,,,,,,,,,,,
13466,,,,,,,,,,,
13467,,,,,,,,,,,
13468,,,,,,,,,,,
13469,,,,,,,,,,,
13470,,,,,,,,,,,
13471,,,,,,,,,,,
13472,,,,,,,,,,,
13473,,,,,,,,,,,
13474,,,,,,,,,,,
13475,,,,,,,,,,,
13476,,,,,,,,,,,
13477,,,,,,,,,,,
13478,,,,,,,,,,,
13479,,,,,,,,,,,
13480,,,,,,,,,,,
13481,,,,,,,,,,,
13482,,,,,,,,,,,
13483,,,,,,,,,,,
13484,,,,,,,,,,,
13485,,,,,,,,,,,
13486,,,,,,,,,,,
13487,,,,,,,,,,,
13488,,,,,,,,,,,
13489,,,,,,,,,,,
13490,,,,,,,,,,,
13491,,,,,,,,,,,
13492,,,,,,,,,,,
13493,,,,,,,,,,,
13494,,,,,,,,,,,
13495,,,,,,,,,,,
13496,,,,,,,,,,,
13497,,,,,,,,,,,
13498,,,,,,,,,,,
13499,,,,,,,,,,,
13500,,,,,,,,,,,
13501,,,,,,,,,,,
13502,,,,,,,,,,,
13503,,,,,,,,,,,
13504,,,,,,,,,,,
13505,,,,,,,,,,,
13506,,,,,,,,,,,
13507,,,,,,,,,,,
13508,,,,,,,,,,,
13509,,,,,,,,,,,
13510,,,,,,,,,,,
13511,,,,,,,,,,,
13512,,,,,,,,,,,
13513,,,,,,,,,,,
13514,,,,,,,,,,,
13515,,,,,,,,,,,
13516,,,,,,,,,,,
13517,,,,,,,,,,,
13518,,,,,,,,,,,
13519,,,,,,,,,,,
13520,,,,,,,,,,,
13521,,,,,,,,,,,
13522,,,,,,,,,,,
13523,,,,,,,,,,,
13524,,,,,,,,,,,
13525,,,,,,,,,,,
13526,,,,,,,,,,,
13527,,,,,,,,,,,
13528,,,,,,,,,,,
13529,,,,,,,,,,,
13530,,,,,,,,,,,
13531,,,,,,,,,,,
13532,,,,,,,,,,,
13533,,,,,,,,,,,
13534,,,,,,,,,,,
13535,,,,,,,,,,,
13536,,,,,,,,,,,
13537,,,,,,,,,,,
13538,,,,,,,,,,,
13539,,,,,,,,,,,
13540,,,,,,,,,,,
13541,,,,,,,,,,,
13542,,,,,,,,,,,
13543,,,,,,,,,,,
13544,,,,,,,,,,,
13545,,,,,,,,,,,
13546,,,,,,,,,,,
13547,,,,,,,,,,,
13548,,,,,,,,,,,
13549,,,,,,,,,,,
13550,,,,,,,,,,,
13551,,,,,,,,,,,
13552,,,,,,,,,,,
13553,,,,,,,,,,,
13554,,,,,,,,,,,
13555,,,,,,,,,,,
13556,,,,,,,,,,,
13557,,,,,,,,,,,
13558,,,,,,,,,,,
13559,,,,,,,,,,,
13560,,,,,,,,,,,
13561,,,,,,,,,,,
13562,,,,,,,,,,,
13563,,,,,,,,,,,
13564,,,,,,,,,,,
13565,,,,,,,,,,,
13566,,,,,,,,,,,
13567,,,,,,,,,,,
13568,,,,,,,,,,,
13569,,,,,,,,,,,
13570,,,,,,,,,,,
13571,,,,,,,,,,,
13572,,,,,,,,,,,
13573,,,,,,,,,,,
13574,,,,,,,,,,,
13575,,,,,,,,,,,
13576,,,,,,,,,,,
13577,,,,,,,,,,,
13578,,,,,,,,,,,
13579,,,,,,,,,,,
13580,,,,,,,,,,,
13581,,,,,,,,,,,
13582,,,,,,,,,,,
13583,,,,,,,,,,,
13584,,,,,,,,,,,
13585,,,,,,,,,,,
13586,,,,,,,,,,,
13587,,,,,,,,,,,
13588,,,,,,,,,,,
13589,,,,,,,,,,,
13590,,,,,,,,,,,
13591,,,,,,,,,,,
13592,,,,,,,,,,,
13593,,,,,,,,,,,
13594,,,,,,,,,,,
13595,,,,,,,,,,,
13596,,,,,,,,,,,
13597,,,,,,,,,,,
13598,,,,,,,,,,,
13599,,,,,,,,,,,
13600,,,,,,,,,,,
13601,,,,,,,,,,,
13602,,,,,,,,,,,
13603,,,,,,,,,,,
13604,,,,,,,,,,,
13605,,,,,,,,,,,
13606,,,,,,,,,,,
13607,,,,,,,,,,,
13608,,,,,,,,,,,
13609,,,,,,,,,,,
13610,,,,,,,,,,,
13611,,,,,,,,,,,
13612,,,,,,,,,,,
13613,,,,,,,,,,,
13614,,,,,,,,,,,
13615,,,,,,,,,,,
13616,,,,,,,,,,,
13617,,,,,,,,,,,
13618,,,,,,,,,,,
13619,,,,,,,,,,,
13620,,,,,,,,,,,
13621,,,,,,,,,,,
13622,,,,,,,,,,,
13623,,,,,,,,,,,
13624,,,,,,,,,,,
13625,,,,,,,,,,,
13626,,,,,,,,,,,
13627,,,,,,,,,,,
13628,,,,,,,,,,,
13629,,,,,,,,,,,
13630,,,,,,,,,,,
13631,,,,,,,,,,,
13632,,,,,,,,,,,
13633,,,,,,,,,,,
13634,,,,,,,,,,,
13635,,,,,,,,,,,
13636,,,,,,,,,,,
13637,,,,,,,,,,,
13638,,,,,,,,,,,
13639,,,,,,,,,,,
13640,,,,,,,,,,,
13641,,,,,,,,,,,
13642,,,,,,,,,,,
13643,,,,,,,,,,,
13644,,,,,,,,,,,
13645,,,,,,,,,,,
13646,,,,,,,,,,,
13647,,,,,,,,,,,
13648,,,,,,,,,,,
13649,,,,,,,,,,,
13650,,,,,,,,,,,
13651,,,,,,,,,,,
13652,,,,,,,,,,,
13653,,,,,,,,,,,
13654,,,,,,,,,,,
13655,,,,,,,,,,,
13656,,,,,,,,,,,
13657,,,,,,,,,,,
13658,,,,,,,,,,,
13659,,,,,,,,,,,
13660,,,,,,,,,,,
13661,,,,,,,,,,,
13662,,,,,,,,,,,
13663,,,,,,,,,,,
13664,,,,,,,,,,,
13665,,,,,,,,,,,
13666,,,,,,,,,,,
13667,,,,,,,,,,,
13668,,,,,,,,,,,
13669,,,,,,,,,,,
13670,,,,,,,,,,,
13671,,,,,,,,,,,
13672,,,,,,,,,,,
13673,,,,,,,,,,,
13674,,,,,,,,,,,
13675,,,,,,,,,,,
13676,,,,,,,,,,,
13677,,,,,,,,,,,
13678,,,,,,,,,,,
13679,,,,,,,,,,,
13680,,,,,,,,,,,
13681,,,,,,,,,,,
13682,,,,,,,,,,,
13683,,,,,,,,,,,
13684,,,,,,,,,,,
13685,,,,,,,,,,,
13686,,,,,,,,,,,
13687,,,,,,,,,,,
13688,,,,,,,,,,,
13689,,,,,,,,,,,
13690,,,,,,,,,,,
13691,,,,,,,,,,,
13692,,,,,,,,,,,
13693,,,,,,,,,,,
13694,,,,,,,,,,,
13695,,,,,,,,,,,
13696,,,,,,,,,,,
13697,,,,,,,,,,,
13698,,,,,,,,,,,
13699,,,,,,,,,,,
13700,,,,,,,,,,,
13701,,,,,,,,,,,
13702,,,,,,,,,,,
13703,,,,,,,,,,,
13704,,,,,,,,,,,
13705,,,,,,,,,,,
13706,,,,,,,,,,,
13707,,,,,,,,,,,
13708,,,,,,,,,,,
13709,,,,,,,,,,,
13710,,,,,,,,,,,
13711,,,,,,,,,,,
13712,,,,,,,,,,,
13713,,,,,,,,,,,
13714,,,,,,,,,,,
13715,,,,,,,,,,,
13716,,,,,,,,,,,
13717,,,,,,,,,,,
13718,,,,,,,,,,,
13719,,,,,,,,,,,
13720,,,,,,,,,,,
13721,,,,,,,,,,,
13722,,,,,,,,,,,
13723,,,,,,,,,,,
13724,,,,,,,,,,,
13725,,,,,,,,,,,
13726,,,,,,,,,,,
13727,,,,,,,,,,,
13728,,,,,,,,,,,
13729,,,,,,,,,,,
13730,,,,,,,,,,,
13731,,,,,,,,,,,
13732,,,,,,,,,,,
13733,,,,,,,,,,,
13734,,,,,,,,,,,
13735,,,,,,,,,,,
13736,,,,,,,,,,,
13737,,,,,,,,,,,
13738,,,,,,,,,,,
13739,,,,,,,,,,,
13740,,,,,,,,,,,
13741,,,,,,,,,,,
13742,,,,,,,,,,,
13743,,,,,,,,,,,
13744,,,,,,,,,,,
13745,,,,,,,,,,,
13746,,,,,,,,,,,
13747,,,,,,,,,,,
13748,,,,,,,,,,,
13749,,,,,,,,,,,
13750,,,,,,,,,,,
13751,,,,,,,,,,,
13752,,,,,,,,,,,
13753,,,,,,,,,,,
13754,,,,,,,,,,,
13755,,,,,,,,,,,
13756,,,,,,,,,,,
13757,,,,,,,,,,,
13758,,,,,,,,,,,
13759,,,,,,,,,,,
13760,,,,,,,,,,,
13761,,,,,,,,,,,
13762,,,,,,,,,,,
13763,,,,,,,,,,,
13764,,,,,,,,,,,
13765,,,,,,,,,,,
13766,,,,,,,,,,,
13767,,,,,,,,,,,
13768,,,,,,,,,,,
13769,,,,,,,,,,,
13770,,,,,,,,,,,
13771,,,,,,,,,,,
13772,,,,,,,,,,,
13773,,,,,,,,,,,
13774,,,,,,,,,,,
13775,,,,,,,,,,,
13776,,,,,,,,,,,
13777,,,,,,,,,,,
13778,,,,,,,,,,,
13779,,,,,,,,,,,
13780,,,,,,,,,,,
13781,,,,,,,,,,,
13782,,,,,,,,,,,
13783,,,,,,,,,,,
13784,,,,,,,,,,,
13785,,,,,,,,,,,
13786,,,,,,,,,,,
13787,,,,,,,,,,,
13788,,,,,,,,,,,
13789,,,,,,,,,,,
13790,,,,,,,,,,,
13791,,,,,,,,,,,
13792,,,,,,,,,,,
13793,,,,,,,,,,,
13794,,,,,,,,,,,
13795,,,,,,,,,,,
13796,,,,,,,,,,,
13797,,,,,,,,,,,
13798,,,,,,,,,,,
13799,,,,,,,,,,,
13800,,,,,,,,,,,
13801,,,,,,,,,,,
13802,,,,,,,,,,,
13803,,,,,,,,,,,
13804,,,,,,,,,,,
13805,,,,,,,,,,,
13806,,,,,,,,,,,
13807,,,,,,,,,,,
13808,,,,,,,,,,,
13809,,,,,,,,,,,
13810,,,,,,,,,,,
13811,,,,,,,,,,,
13812,,,,,,,,,,,
13813,,,,,,,,,,,
13814,,,,,,,,,,,
13815,,,,,,,,,,,
13816,,,,,,,,,,,
13817,,,,,,,,,,,
13818,,,,,,,,,,,
13819,,,,,,,,,,,
13820,,,,,,,,,,,
13821,,,,,,,,,,,
13822,,,,,,,,,,,
13823,,,,,,,,,,,
13824,,,,,,,,,,,
13825,,,,,,,,,,,
13826,,,,,,,,,,,
13827,,,,,,,,,,,
13828,,,,,,,,,,,
13829,,,,,,,,,,,
13830,,,,,,,,,,,
13831,,,,,,,,,,,
13832,,,,,,,,,,,
13833,,,,,,,,,,,
13834,,,,,,,,,,,
13835,,,,,,,,,,,
13836,,,,,,,,,,,
13837,,,,,,,,,,,
13838,,,,,,,,,,,
13839,,,,,,,,,,,
13840,,,,,,,,,,,
13841,,,,,,,,,,,
13842,,,,,,,,,,,
13843,,,,,,,,,,,
13844,,,,,,,,,,,
13845,,,,,,,,,,,
13846,,,,,,,,,,,
13847,,,,,,,,,,,
13848,,,,,,,,,,,
13849,,,,,,,,,,,
13850,,,,,,,,,,,
13851,,,,,,,,,,,
13852,,,,,,,,,,,
13853,,,,,,,,,,,
13854,,,,,,,,,,,
13855,,,,,,,,,,,
13856,,,,,,,,,,,
13857,,,,,,,,,,,
13858,,,,,,,,,,,
13859,,,,,,,,,,,
13860,,,,,,,,,,,
13861,,,,,,,,,,,
13862,,,,,,,,,,,
13863,,,,,,,,,,,
13864,,,,,,,,,,,
13865,,,,,,,,,,,
13866,,,,,,,,,,,
13867,,,,,,,,,,,
13868,,,,,,,,,,,
13869,,,,,,,,,,,
13870,,,,,,,,,,,
13871,,,,,,,,,,,
13872,,,,,,,,,,,
13873,,,,,,,,,,,
13874,,,,,,,,,,,
13875,,,,,,,,,,,
13876,,,,,,,,,,,
13877,,,,,,,,,,,
13878,,,,,,,,,,,
13879,,,,,,,,,,,
13880,,,,,,,,,,,
13881,,,,,,,,,,,
13882,,,,,,,,,,,
13883,,,,,,,,,,,
13884,,,,,,,,,,,
13885,,,,,,,,,,,
13886,,,,,,,,,,,
13887,,,,,,,,,,,
13888,,,,,,,,,,,
13889,,,,,,,,,,,
13890,,,,,,,,,,,
13891,,,,,,,,,,,
13892,,,,,,,,,,,
13893,,,,,,,,,,,
13894,,,,,,,,,,,
13895,,,,,,,,,,,
13896,,,,,,,,,,,
13897,,,,,,,,,,,
13898,,,,,,,,,,,
13899,,,,,,,,,,,
13900,,,,,,,,,,,
13901,,,,,,,,,,,
13902,,,,,,,,,,,
13903,,,,,,,,,,,
13904,,,,,,,,,,,
13905,,,,,,,,,,,
13906,,,,,,,,,,,
13907,,,,,,,,,,,
13908,,,,,,,,,,,
13909,,,,,,,,,,,
13910,,,,,,,,,,,
13911,,,,,,,,,,,
13912,,,,,,,,,,,
13913,,,,,,,,,,,
13914,,,,,,,,,,,
13915,,,,,,,,,,,
13916,,,,,,,,,,,
13917,,,,,,,,,,,
13918,,,,,,,,,,,
13919,,,,,,,,,,,
13920,,,,,,,,,,,
13921,,,,,,,,,,,
13922,,,,,,,,,,,
13923,,,,,,,,,,,
13924,,,,,,,,,,,
13925,,,,,,,,,,,
13926,,,,,,,,,,,
13927,,,,,,,,,,,
13928,,,,,,,,,,,
13929,,,,,,,,,,,
13930,,,,,,,,,,,
13931,,,,,,,,,,,
13932,,,,,,,,,,,
13933,,,,,,,,,,,
13934,,,,,,,,,,,
13935,,,,,,,,,,,
13936,,,,,,,,,,,
13937,,,,,,,,,,,
13938,,,,,,,,,,,
13939,,,,,,,,,,,
13940,,,,,,,,,,,
13941,,,,,,,,,,,
13942,,,,,,,,,,,
13943,,,,,,,,,,,
13944,,,,,,,,,,,
13945,,,,,,,,,,,
13946,,,,,,,,,,,
13947,,,,,,,,,,,
13948,,,,,,,,,,,
13949,,,,,,,,,,,
13950,,,,,,,,,,,
13951,,,,,,,,,,,
13952,,,,,,,,,,,
13953,,,,,,,,,,,
13954,,,,,,,,,,,
13955,,,,,,,,,,,
13956,,,,,,,,,,,
13957,,,,,,,,,,,
13958,,,,,,,,,,,
13959,,,,,,,,,,,
13960,,,,,,,,,,,
13961,,,,,,,,,,,
13962,,,,,,,,,,,
13963,,,,,,,,,,,
13964,,,,,,,,,,,
13965,,,,,,,,,,,
13966,,,,,,,,,,,
13967,,,,,,,,,,,
13968,,,,,,,,,,,
13969,,,,,,,,,,,
13970,,,,,,,,,,,
13971,,,,,,,,,,,
13972,,,,,,,,,,,
13973,,,,,,,,,,,
13974,,,,,,,,,,,
13975,,,,,,,,,,,
13976,,,,,,,,,,,
13977,,,,,,,,,,,
13978,,,,,,,,,,,
13979,,,,,,,,,,,
13980,,,,,,,,,,,
13981,,,,,,,,,,,
13982,,,,,,,,,,,
13983,,,,,,,,,,,
13984,,,,,,,,,,,
13985,,,,,,,,,,,
13986,,,,,,,,,,,
13987,,,,,,,,,,,
13988,,,,,,,,,,,
13989,,,,,,,,,,,
13990,,,,,,,,,,,
13991,,,,,,,,,,,
13992,,,,,,,,,,,
13993,,,,,,,,,,,
13994,,,,,,,,,,,
13995,,,,,,,,,,,
13996,,,,,,,,,,,
13997,,,,,,,,,,,
13998,,,,,,,,,,,
13999,,,,,,,,,,,
14000,,,,,,,,,,,
14001,,,,,,,,,,,
14002,,,,,,,,,,,
14003,,,,,,,,,,,
14004,,,,,,,,,,,
14005,,,,,,,,,,,
14006,,,,,,,,,,,
14007,,,,,,,,,,,
14008,,,,,,,,,,,
14009,,,,,,,,,,,
14010,,,,,,,,,,,
14011,,,,,,,,,,,
14012,,,,,,,,,,,
14013,,,,,,,,,,,
14014,,,,,,,,,,,
14015,,,,,,,,,,,
14016,,,,,,,,,,,
14017,,,,,,,,,,,
14018,,,,,,,,,,,
14019,,,,,,,,,,,
14020,,,,,,,,,,,
14021,,,,,,,,,,,
14022,,,,,,,,,,,
14023,,,,,,,,,,,
14024,,,,,,,,,,,
14025,,,,,,,,,,,
14026,,,,,,,,,,,
14027,,,,,,,,,,,
14028,,,,,,,,,,,
14029,,,,,,,,,,,
14030,,,,,,,,,,,
14031,,,,,,,,,,,
14032,,,,,,,,,,,
14033,,,,,,,,,,,
14034,,,,,,,,,,,
14035,,,,,,,,,,,
14036,,,,,,,,,,,
14037,,,,,,,,,,,
14038,,,,,,,,,,,
14039,,,,,,,,,,,
14040,,,,,,,,,,,
14041,,,,,,,,,,,
14042,,,,,,,,,,,
14043,,,,,,,,,,,
14044,,,,,,,,,,,
14045,,,,,,,,,,,
14046,,,,,,,,,,,
14047,,,,,,,,,,,
14048,,,,,,,,,,,
14049,,,,,,,,,,,
14050,,,,,,,,,,,
14051,,,,,,,,,,,
14052,,,,,,,,,,,
14053,,,,,,,,,,,
14054,,,,,,,,,,,
14055,,,,,,,,,,,
14056,,,,,,,,,,,
14057,,,,,,,,,,,
14058,,,,,,,,,,,
14059,,,,,,,,,,,
14060,,,,,,,,,,,
14061,,,,,,,,,,,
14062,,,,,,,,,,,
14063,,,,,,,,,,,
14064,,,,,,,,,,,
14065,,,,,,,,,,,
14066,,,,,,,,,,,
14067,,,,,,,,,,,
14068,,,,,,,,,,,
14069,,,,,,,,,,,
14070,,,,,,,,,,,
14071,,,,,,,,,,,
14072,,,,,,,,,,,
14073,,,,,,,,,,,
14074,,,,,,,,,,,
14075,,,,,,,,,,,
14076,,,,,,,,,,,
14077,,,,,,,,,,,
14078,,,,,,,,,,,
14079,,,,,,,,,,,
14080,,,,,,,,,,,
14081,,,,,,,,,,,
14082,,,,,,,,,,,
14083,,,,,,,,,,,
14084,,,,,,,,,,,
14085,,,,,,,,,,,
14086,,,,,,,,,,,
14087,,,,,,,,,,,
14088,,,,,,,,,,,
14089,,,,,,,,,,,
14090,,,,,,,,,,,
14091,,,,,,,,,,,
14092,,,,,,,,,,,
14093,,,,,,,,,,,
14094,,,,,,,,,,,
14095,,,,,,,,,,,
14096,,,,,,,,,,,
14097,,,,,,,,,,,
14098,,,,,,,,,,,
14099,,,,,,,,,,,
14100,,,,,,,,,,,
14101,,,,,,,,,,,
14102,,,,,,,,,,,
14103,,,,,,,,,,,
14104,,,,,,,,,,,
14105,,,,,,,,,,,
14106,,,,,,,,,,,
14107,,,,,,,,,,,
14108,,,,,,,,,,,
14109,,,,,,,,,,,
14110,,,,,,,,,,,
14111,,,,,,,,,,,
14112,,,,,,,,,,,
14113,,,,,,,,,,,
14114,,,,,,,,,,,
14115,,,,,,,,,,,
14116,,,,,,,,,,,
14117,,,,,,,,,,,
14118,,,,,,,,,,,
14119,,,,,,,,,,,
14120,,,,,,,,,,,
14121,,,,,,,,,,,
14122,,,,,,,,,,,
14123,,,,,,,,,,,
14124,,,,,,,,,,,
14125,,,,,,,,,,,
14126,,,,,,,,,,,
14127,,,,,,,,,,,
14128,,,,,,,,,,,
14129,,,,,,,,,,,
14130,,,,,,,,,,,
14131,,,,,,,,,,,
14132,,,,,,,,,,,
14133,,,,,,,,,,,
14134,,,,,,,,,,,
14135,,,,,,,,,,,
14136,,,,,,,,,,,
14137,,,,,,,,,,,
14138,,,,,,,,,,,
14139,,,,,,,,,,,
14140,,,,,,,,,,,
14141,,,,,,,,,,,
14142,,,,,,,,,,,
14143,,,,,,,,,,,
14144,,,,,,,,,,,
14145,,,,,,,,,,,
14146,,,,,,,,,,,
14147,,,,,,,,,,,
14148,,,,,,,,,,,
14149,,,,,,,,,,,
14150,,,,,,,,,,,
14151,,,,,,,,,,,
14152,,,,,,,,,,,
14153,,,,,,,,,,,
14154,,,,,,,,,,,
14155,,,,,,,,,,,
14156,,,,,,,,,,,
14157,,,,,,,,,,,
14158,,,,,,,,,,,
14159,,,,,,,,,,,
14160,,,,,,,,,,,
14161,,,,,,,,,,,
14162,,,,,,,,,,,
14163,,,,,,,,,,,
14164,,,,,,,,,,,
14165,,,,,,,,,,,
14166,,,,,,,,,,,
14167,,,,,,,,,,,
14168,,,,,,,,,,,
14169,,,,,,,,,,,
14170,,,,,,,,,,,
14171,,,,,,,,,,,
14172,,,,,,,,,,,
14173,,,,,,,,,,,
14174,,,,,,,,,,,
14175,,,,,,,,,,,
14176,,,,,,,,,,,
14177,,,,,,,,,,,
14178,,,,,,,,,,,
14179,,,,,,,,,,,
14180,,,,,,,,,,,
14181,,,,,,,,,,,
14182,,,,,,,,,,,
14183,,,,,,,,,,,
14184,,,,,,,,,,,
14185,,,,,,,,,,,
14186,,,,,,,,,,,
14187,,,,,,,,,,,
14188,,,,,,,,,,,
14189,,,,,,,,,,,
14190,,,,,,,,,,,
14191,,,,,,,,,,,
14192,,,,,,,,,,,
14193,,,,,,,,,,,
14194,,,,,,,,,,,
14195,,,,,,,,,,,
14196,,,,,,,,,,,
14197,,,,,,,,,,,
14198,,,,,,,,,,,
14199,,,,,,,,,,,
14200,,,,,,,,,,,
14201,,,,,,,,,,,
14202,,,,,,,,,,,
14203,,,,,,,,,,,
14204,,,,,,,,,,,
14205,,,,,,,,,,,
14206,,,,,,,,,,,
14207,,,,,,,,,,,
14208,,,,,,,,,,,
14209,,,,,,,,,,,
14210,,,,,,,,,,,
14211,,,,,,,,,,,
14212,,,,,,,,,,,
14213,,,,,,,,,,,
14214,,,,,,,,,,,
14215,,,,,,,,,,,
14216,,,,,,,,,,,
14217,,,,,,,,,,,
14218,,,,,,,,,,,
14219,,,,,,,,,,,
14220,,,,,,,,,,,
14221,,,,,,,,,,,
14222,,,,,,,,,,,
14223,,,,,,,,,,,
14224,,,,,,,,,,,
14225,,,,,,,,,,,
14226,,,,,,,,,,,
14227,,,,,,,,,,,
14228,,,,,,,,,,,
14229,,,,,,,,,,,
14230,,,,,,,,,,,
14231,,,,,,,,,,,
14232,,,,,,,,,,,
14233,,,,,,,,,,,
14234,,,,,,,,,,,
14235,,,,,,,,,,,
14236,,,,,,,,,,,
14237,,,,,,,,,,,
14238,,,,,,,,,,,
14239,,,,,,,,,,,
14240,,,,,,,,,,,
14241,,,,,,,,,,,
14242,,,,,,,,,,,
14243,,,,,,,,,,,
14244,,,,,,,,,,,
14245,,,,,,,,,,,
14246,,,,,,,,,,,
14247,,,,,,,,,,,
14248,,,,,,,,,,,
14249,,,,,,,,,,,
14250,,,,,,,,,,,
14251,,,,,,,,,,,
14252,,,,,,,,,,,
14253,,,,,,,,,,,
14254,,,,,,,,,,,
14255,,,,,,,,,,,
14256,,,,,,,,,,,
14257,,,,,,,,,,,
14258,,,,,,,,,,,
14259,,,,,,,,,,,
14260,,,,,,,,,,,
14261,,,,,,,,,,,
14262,,,,,,,,,,,
14263,,,,,,,,,,,
14264,,,,,,,,,,,
14265,,,,,,,,,,,
14266,,,,,,,,,,,
14267,,,,,,,,,,,
14268,,,,,,,,,,,
14269,,,,,,,,,,,
14270,,,,,,,,,,,
14271,,,,,,,,,,,
14272,,,,,,,,,,,
14273,,,,,,,,,,,
14274,,,,,,,,,,,
14275,,,,,,,,,,,
14276,,,,,,,,,,,
14277,,,,,,,,,,,
14278,,,,,,,,,,,
14279,,,,,,,,,,,
14280,,,,,,,,,,,
14281,,,,,,,,,,,
14282,,,,,,,,,,,
14283,,,,,,,,,,,
14284,,,,,,,,,,,
14285,,,,,,,,,,,
14286,,,,,,,,,,,
14287,,,,,,,,,,,
14288,,,,,,,,,,,
14289,,,,,,,,,,,
14290,,,,,,,,,,,
14291,,,,,,,,,,,
14292,,,,,,,,,,,
14293,,,,,,,,,,,
14294,,,,,,,,,,,
14295,,,,,,,,,,,
14296,,,,,,,,,,,
14297,,,,,,,,,,,
14298,,,,,,,,,,,
14299,,,,,,,,,,,
14300,,,,,,,,,,,
14301,,,,,,,,,,,
14302,,,,,,,,,,,
14303,,,,,,,,,,,
14304,,,,,,,,,,,
14305,,,,,,,,,,,
14306,,,,,,,,,,,
14307,,,,,,,,,,,
14308,,,,,,,,,,,
14309,,,,,,,,,,,
14310,,,,,,,,,,,
14311,,,,,,,,,,,
14312,,,,,,,,,,,
14313,,,,,,,,,,,
14314,,,,,,,,,,,
14315,,,,,,,,,,,
14316,,,,,,,,,,,
14317,,,,,,,,,,,
14318,,,,,,,,,,,
14319,,,,,,,,,,,
14320,,,,,,,,,,,
14321,,,,,,,,,,,
14322,,,,,,,,,,,
14323,,,,,,,,,,,
14324,,,,,,,,,,,
14325,,,,,,,,,,,
14326,,,,,,,,,,,
14327,,,,,,,,,,,
14328,,,,,,,,,,,
14329,,,,,,,,,,,
14330,,,,,,,,,,,
14331,,,,,,,,,,,
14332,,,,,,,,,,,
14333,,,,,,,,,,,
14334,,,,,,,,,,,
14335,,,,,,,,,,,
14336,,,,,,,,,,,
14337,,,,,,,,,,,
14338,,,,,,,,,,,
14339,,,,,,,,,,,
14340,,,,,,,,,,,
14341,,,,,,,,,,,
14342,,,,,,,,,,,
14343,,,,,,,,,,,
14344,,,,,,,,,,,
14345,,,,,,,,,,,
14346,,,,,,,,,,,
14347,,,,,,,,,,,
14348,,,,,,,,,,,
14349,,,,,,,,,,,
14350,,,,,,,,,,,
14351,,,,,,,,,,,
14352,,,,,,,,,,,
14353,,,,,,,,,,,
14354,,,,,,,,,,,
14355,,,,,,,,,,,
14356,,,,,,,,,,,
14357,,,,,,,,,,,
14358,,,,,,,,,,,
14359,,,,,,,,,,,
14360,,,,,,,,,,,
14361,,,,,,,,,,,
14362,,,,,,,,,,,
14363,,,,,,,,,,,
14364,,,,,,,,,,,
14365,,,,,,,,,,,
14366,,,,,,,,,,,
14367,,,,,,,,,,,
14368,,,,,,,,,,,
14369,,,,,,,,,,,
14370,,,,,,,,,,,
14371,,,,,,,,,,,
14372,,,,,,,,,,,
14373,,,,,,,,,,,
14374,,,,,,,,,,,
14375,,,,,,,,,,,
14376,,,,,,,,,,,
14377,,,,,,,,,,,
14378,,,,,,,,,,,
14379,,,,,,,,,,,
14380,,,,,,,,,,,
14381,,,,,,,,,,,
14382,,,,,,,,,,,
14383,,,,,,,,,,,
14384,,,,,,,,,,,
14385,,,,,,,,,,,
14386,,,,,,,,,,,
14387,,,,,,,,,,,
14388,,,,,,,,,,,
14389,,,,,,,,,,,
14390,,,,,,,,,,,
14391,,,,,,,,,,,
14392,,,,,,,,,,,
14393,,,,,,,,,,,
14394,,,,,,,,,,,
14395,,,,,,,,,,,
14396,,,,,,,,,,,
14397,,,,,,,,,,,
14398,,,,,,,,,,,
14399,,,,,,,,,,,
14400,,,,,,,,,,,
14401,,,,,,,,,,,
14402,,,,,,,,,,,
14403,,,,,,,,,,,
14404,,,,,,,,,,,
14405,,,,,,,,,,,
14406,,,,,,,,,,,
14407,,,,,,,,,,,
14408,,,,,,,,,,,
14409,,,,,,,,,,,
14410,,,,,,,,,,,
14411,,,,,,,,,,,
14412,,,,,,,,,,,
14413,,,,,,,,,,,
14414,,,,,,,,,,,
14415,,,,,,,,,,,
14416,,,,,,,,,,,
14417,,,,,,,,,,,
14418,,,,,,,,,,,
14419,,,,,,,,,,,
14420,,,,,,,,,,,
14421,,,,,,,,,,,
14422,,,,,,,,,,,
14423,,,,,,,,,,,
14424,,,,,,,,,,,
14425,,,,,,,,,,,
14426,,,,,,,,,,,
14427,,,,,,,,,,,
14428,,,,,,,,,,,
14429,,,,,,,,,,,
14430,,,,,,,,,,,
14431,,,,,,,,,,,
14432,,,,,,,,,,,
14433,,,,,,,,,,,
14434,,,,,,,,,,,
14435,,,,,,,,,,,
14436,,,,,,,,,,,
14437,,,,,,,,,,,
14438,,,,,,,,,,,
14439,,,,,,,,,,,
14440,,,,,,,,,,,
14441,,,,,,,,,,,
14442,,,,,,,,,,,
14443,,,,,,,,,,,
14444,,,,,,,,,,,
14445,,,,,,,,,,,
14446,,,,,,,,,,,
14447,,,,,,,,,,,
14448,,,,,,,,,,,
14449,,,,,,,,,,,
14450,,,,,,,,,,,
14451,,,,,,,,,,,
14452,,,,,,,,,,,
14453,,,,,,,,,,,
14454,,,,,,,,,,,
14455,,,,,,,,,,,
14456,,,,,,,,,,,
14457,,,,,,,,,,,
14458,,,,,,,,,,,
14459,,,,,,,,,,,
14460,,,,,,,,,,,
14461,,,,,,,,,,,
14462,,,,,,,,,,,
14463,,,,,,,,,,,
14464,,,,,,,,,,,
14465,,,,,,,,,,,
14466,,,,,,,,,,,
14467,,,,,,,,,,,
14468,,,,,,,,,,,
14469,,,,,,,,,,,
14470,,,,,,,,,,,
14471,,,,,,,,,,,
14472,,,,,,,,,,,
14473,,,,,,,,,,,
14474,,,,,,,,,,,
14475,,,,,,,,,,,
14476,,,,,,,,,,,
14477,,,,,,,,,,,
14478,,,,,,,,,,,
14479,,,,,,,,,,,
14480,,,,,,,,,,,
14481,,,,,,,,,,,
14482,,,,,,,,,,,
14483,,,,,,,,,,,
14484,,,,,,,,,,,
14485,,,,,,,,,,,
14486,,,,,,,,,,,
14487,,,,,,,,,,,
14488,,,,,,,,,,,
14489,,,,,,,,,,,
14490,,,,,,,,,,,
14491,,,,,,,,,,,
14492,,,,,,,,,,,
14493,,,,,,,,,,,
14494,,,,,,,,,,,
14495,,,,,,,,,,,
14496,,,,,,,,,,,
14497,,,,,,,,,,,
14498,,,,,,,,,,,
14499,,,,,,,,,,,
14500,,,,,,,,,,,
14501,,,,,,,,,,,
14502,,,,,,,,,,,
14503,,,,,,,,,,,
14504,,,,,,,,,,,
14505,,,,,,,,,,,
14506,,,,,,,,,,,
14507,,,,,,,,,,,
14508,,,,,,,,,,,
14509,,,,,,,,,,,
14510,,,,,,,,,,,
14511,,,,,,,,,,,
14512,,,,,,,,,,,
14513,,,,,,,,,,,
14514,,,,,,,,,,,
14515,,,,,,,,,,,
14516,,,,,,,,,,,
14517,,,,,,,,,,,
14518,,,,,,,,,,,
14519,,,,,,,,,,,
14520,,,,,,,,,,,
14521,,,,,,,,,,,
14522,,,,,,,,,,,
14523,,,,,,,,,,,
14524,,,,,,,,,,,
14525,,,,,,,,,,,
14526,,,,,,,,,,,
14527,,,,,,,,,,,
14528,,,,,,,,,,,
14529,,,,,,,,,,,
14530,,,,,,,,,,,
14531,,,,,,,,,,,
14532,,,,,,,,,,,
14533,,,,,,,,,,,
14534,,,,,,,,,,,
14535,,,,,,,,,,,
14536,,,,,,,,,,,
14537,,,,,,,,,,,
14538,,,,,,,,,,,
14539,,,,,,,,,,,
14540,,,,,,,,,,,
14541,,,,,,,,,,,
14542,,,,,,,,,,,
14543,,,,,,,,,,,
14544,,,,,,,,,,,
14545,,,,,,,,,,,
14546,,,,,,,,,,,
14547,,,,,,,,,,,
14548,,,,,,,,,,,
14549,,,,,,,,,,,
14550,,,,,,,,,,,
14551,,,,,,,,,,,
14552,,,,,,,,,,,
14553,,,,,,,,,,,
14554,,,,,,,,,,,
14555,,,,,,,,,,,
14556,,,,,,,,,,,
14557,,,,,,,,,,,
14558,,,,,,,,,,,
14559,,,,,,,,,,,
14560,,,,,,,,,,,
14561,,,,,,,,,,,
14562,,,,,,,,,,,
14563,,,,,,,,,,,
14564,,,,,,,,,,,
14565,,,,,,,,,,,
14566,,,,,,,,,,,
14567,,,,,,,,,,,
14568,,,,,,,,,,,
14569,,,,,,,,,,,
14570,,,,,,,,,,,
14571,,,,,,,,,,,
14572,,,,,,,,,,,
14573,,,,,,,,,,,
14574,,,,,,,,,,,
14575,,,,,,,,,,,
14576,,,,,,,,,,,
14577,,,,,,,,,,,
14578,,,,,,,,,,,
14579,,,,,,,,,,,
14580,,,,,,,,,,,
14581,,,,,,,,,,,
14582,,,,,,,,,,,
14583,,,,,,,,,,,
14584,,,,,,,,,,,
14585,,,,,,,,,,,
14586,,,,,,,,,,,
14587,,,,,,,,,,,
14588,,,,,,,,,,,
14589,,,,,,,,,,,
14590,,,,,,,,,,,
14591,,,,,,,,,,,
14592,,,,,,,,,,,
14593,,,,,,,,,,,
14594,,,,,,,,,,,
14595,,,,,,,,,,,
14596,,,,,,,,,,,
14597,,,,,,,,,,,
14598,,,,,,,,,,,
14599,,,,,,,,,,,
14600,,,,,,,,,,,
14601,,,,,,,,,,,
14602,,,,,,,,,,,
14603,,,,,,,,,,,
14604,,,,,,,,,,,
14605,,,,,,,,,,,
14606,,,,,,,,,,,
14607,,,,,,,,,,,
14608,,,,,,,,,,,
14609,,,,,,,,,,,
14610,,,,,,,,,,,
14611,,,,,,,,,,,
14612,,,,,,,,,,,
14613,,,,,,,,,,,
14614,,,,,,,,,,,
14615,,,,,,,,,,,
14616,,,,,,,,,,,
14617,,,,,,,,,,,
14618,,,,,,,,,,,
14619,,,,,,,,,,,
14620,,,,,,,,,,,
14621,,,,,,,,,,,
14622,,,,,,,,,,,
14623,,,,,,,,,,,
14624,,,,,,,,,,,
14625,,,,,,,,,,,
14626,,,,,,,,,,,
14627,,,,,,,,,,,
14628,,,,,,,,,,,
14629,,,,,,,,,,,
14630,,,,,,,,,,,
14631,,,,,,,,,,,
14632,,,,,,,,,,,
14633,,,,,,,,,,,
14634,,,,,,,,,,,
14635,,,,,,,,,,,
14636,,,,,,,,,,,
14637,,,,,,,,,,,
14638,,,,,,,,,,,
14639,,,,,,,,,,,
14640,,,,,,,,,,,
14641,,,,,,,,,,,
14642,,,,,,,,,,,
14643,,,,,,,,,,,
14644,,,,,,,,,,,
14645,,,,,,,,,,,
14646,,,,,,,,,,,
14647,,,,,,,,,,,
14648,,,,,,,,,,,
14649,,,,,,,,,,,
14650,,,,,,,,,,,
14651,,,,,,,,,,,
14652,,,,,,,,,,,
14653,,,,,,,,,,,
14654,,,,,,,,,,,
14655,,,,,,,,,,,
14656,,,,,,,,,,,
14657,,,,,,,,,,,
14658,,,,,,,,,,,
14659,,,,,,,,,,,
14660,,,,,,,,,,,
14661,,,,,,,,,,,
14662,,,,,,,,,,,
14663,,,,,,,,,,,
14664,,,,,,,,,,,
14665,,,,,,,,,,,
14666,,,,,,,,,,,
14667,,,,,,,,,,,
14668,,,,,,,,,,,
14669,,,,,,,,,,,
14670,,,,,,,,,,,
14671,,,,,,,,,,,
14672,,,,,,,,,,,
14673,,,,,,,,,,,
14674,,,,,,,,,,,
14675,,,,,,,,,,,
14676,,,,,,,,,,,
14677,,,,,,,,,,,
14678,,,,,,,,,,,
14679,,,,,,,,,,,
14680,,,,,,,,,,,
14681,,,,,,,,,,,
14682,,,,,,,,,,,
14683,,,,,,,,,,,
14684,,,,,,,,,,,
14685,,,,,,,,,,,
14686,,,,,,,,,,,
14687,,,,,,,,,,,
14688,,,,,,,,,,,
14689,,,,,,,,,,,
14690,,,,,,,,,,,
14691,,,,,,,,,,,
14692,,,,,,,,,,,
14693,,,,,,,,,,,
14694,,,,,,,,,,,
14695,,,,,,,,,,,
14696,,,,,,,,,,,
14697,,,,,,,,,,,
14698,,,,,,,,,,,
14699,,,,,,,,,,,
14700,,,,,,,,,,,
14701,,,,,,,,,,,
14702,,,,,,,,,,,
14703,,,,,,,,,,,
14704,,,,,,,,,,,
14705,,,,,,,,,,,
14706,,,,,,,,,,,
14707,,,,,,,,,,,
14708,,,,,,,,,,,
14709,,,,,,,,,,,
14710,,,,,,,,,,,
14711,,,,,,,,,,,
14712,,,,,,,,,,,
14713,,,,,,,,,,,
14714,,,,,,,,,,,
14715,,,,,,,,,,,
14716,,,,,,,,,,,
14717,,,,,,,,,,,
14718,,,,,,,,,,,
14719,,,,,,,,,,,
14720,,,,,,,,,,,
14721,,,,,,,,,,,
14722,,,,,,,,,,,
14723,,,,,,,,,,,
14724,,,,,,,,,,,
14725,,,,,,,,,,,
14726,,,,,,,,,,,
14727,,,,,,,,,,,
14728,,,,,,,,,,,
14729,,,,,,,,,,,
14730,,,,,,,,,,,
14731,,,,,,,,,,,
14732,,,,,,,,,,,
14733,,,,,,,,,,,
14734,,,,,,,,,,,
14735,,,,,,,,,,,
14736,,,,,,,,,,,
14737,,,,,,,,,,,
14738,,,,,,,,,,,
14739,,,,,,,,,,,
14740,,,,,,,,,,,
14741,,,,,,,,,,,
14742,,,,,,,,,,,
14743,,,,,,,,,,,
14744,,,,,,,,,,,
14745,,,,,,,,,,,
14746,,,,,,,,,,,
14747,,,,,,,,,,,
14748,,,,,,,,,,,
14749,,,,,,,,,,,
14750,,,,,,,,,,,
14751,,,,,,,,,,,
14752,,,,,,,,,,,
14753,,,,,,,,,,,
14754,,,,,,,,,,,
14755,,,,,,,,,,,
14756,,,,,,,,,,,
14757,,,,,,,,,,,
14758,,,,,,,,,,,
14759,,,,,,,,,,,
14760,,,,,,,,,,,
14761,,,,,,,,,,,
14762,,,,,,,,,,,
14763,,,,,,,,,,,
14764,,,,,,,,,,,
14765,,,,,,,,,,,
14766,,,,,,,,,,,
14767,,,,,,,,,,,
14768,,,,,,,,,,,
14769,,,,,,,,,,,
14770,,,,,,,,,,,
14771,,,,,,,,,,,
14772,,,,,,,,,,,
14773,,,,,,,,,,,
14774,,,,,,,,,,,
14775,,,,,,,,,,,
14776,,,,,,,,,,,
14777,,,,,,,,,,,
14778,,,,,,,,,,,
14779,,,,,,,,,,,
14780,,,,,,,,,,,
14781,,,,,,,,,,,
14782,,,,,,,,,,,
14783,,,,,,,,,,,
14784,,,,,,,,,,,
14785,,,,,,,,,,,
14786,,,,,,,,,,,
14787,,,,,,,,,,,
14788,,,,,,,,,,,
14789,,,,,,,,,,,
14790,,,,,,,,,,,
14791,,,,,,,,,,,
14792,,,,,,,,,,,
14793,,,,,,,,,,,
14794,,,,,,,,,,,
14795,,,,,,,,,,,
14796,,,,,,,,,,,
14797,,,,,,,,,,,
14798,,,,,,,,,,,
14799,,,,,,,,,,,
14800,,,,,,,,,,,
14801,,,,,,,,,,,
14802,,,,,,,,,,,
14803,,,,,,,,,,,
14804,,,,,,,,,,,
14805,,,,,,,,,,,
14806,,,,,,,,,,,
14807,,,,,,,,,,,
14808,,,,,,,,,,,
14809,,,,,,,,,,,
14810,,,,,,,,,,,
14811,,,,,,,,,,,
14812,,,,,,,,,,,
14813,,,,,,,,,,,
14814,,,,,,,,,,,
14815,,,,,,,,,,,
14816,,,,,,,,,,,
14817,,,,,,,,,,,
14818,,,,,,,,,,,
14819,,,,,,,,,,,
14820,,,,,,,,,,,
14821,,,,,,,,,,,
14822,,,,,,,,,,,
14823,,,,,,,,,,,
14824,,,,,,,,,,,
14825,,,,,,,,,,,
14826,,,,,,,,,,,
14827,,,,,,,,,,,
14828,,,,,,,,,,,
14829,,,,,,,,,,,
14830,,,,,,,,,,,
14831,,,,,,,,,,,
14832,,,,,,,,,,,
14833,,,,,,,,,,,
14834,,,,,,,,,,,
14835,,,,,,,,,,,
14836,,,,,,,,,,,
14837,,,,,,,,,,,
14838,,,,,,,,,,,
14839,,,,,,,,,,,
14840,,,,,,,,,,,
14841,,,,,,,,,,,
14842,,,,,,,,,,,
14843,,,,,,,,,,,
14844,,,,,,,,,,,
14845,,,,,,,,,,,
14846,,,,,,,,,,,
14847,,,,,,,,,,,
14848,,,,,,,,,,,
14849,,,,,,,,,,,
14850,,,,,,,,,,,
14851,,,,,,,,,,,
14852,,,,,,,,,,,
14853,,,,,,,,,,,
14854,,,,,,,,,,,
14855,,,,,,,,,,,
14856,,,,,,,,,,,
14857,,,,,,,,,,,
14858,,,,,,,,,,,
14859,,,,,,,,,,,
14860,,,,,,,,,,,
14861,,,,,,,,,,,
14862,,,,,,,,,,,
14863,,,,,,,,,,,
14864,,,,,,,,,,,
14865,,,,,,,,,,,
14866,,,,,,,,,,,
14867,,,,,,,,,,,
14868,,,,,,,,,,,
14869,,,,,,,,,,,
14870,,,,,,,,,,,
14871,,,,,,,,,,,
14872,,,,,,,,,,,
14873,,,,,,,,,,,
14874,,,,,,,,,,,
14875,,,,,,,,,,,
14876,,,,,,,,,,,
14877,,,,,,,,,,,
14878,,,,,,,,,,,
14879,,,,,,,,,,,
14880,,,,,,,,,,,
14881,,,,,,,,,,,
14882,,,,,,,,,,,
14883,,,,,,,,,,,
14884,,,,,,,,,,,
14885,,,,,,,,,,,
14886,,,,,,,,,,,
14887,,,,,,,,,,,
14888,,,,,,,,,,,
14889,,,,,,,,,,,
14890,,,,,,,,,,,
14891,,,,,,,,,,,
14892,,,,,,,,,,,
14893,,,,,,,,,,,
14894,,,,,,,,,,,
14895,,,,,,,,,,,
14896,,,,,,,,,,,
14897,,,,,,,,,,,
14898,,,,,,,,,,,
14899,,,,,,,,,,,
14900,,,,,,,,,,,
14901,,,,,,,,,,,
14902,,,,,,,,,,,
14903,,,,,,,,,,,
14904,,,,,,,,,,,
14905,,,,,,,,,,,
14906,,,,,,,,,,,
14907,,,,,,,,,,,
14908,,,,,,,,,,,
14909,,,,,,,,,,,
14910,,,,,,,,,,,
14911,,,,,,,,,,,
14912,,,,,,,,,,,
14913,,,,,,,,,,,
14914,,,,,,,,,,,
14915,,,,,,,,,,,
14916,,,,,,,,,,,
14917,,,,,,,,,,,
14918,,,,,,,,,,,
14919,,,,,,,,,,,
14920,,,,,,,,,,,
14921,,,,,,,,,,,
14922,,,,,,,,,,,
14923,,,,,,,,,,,
14924,,,,,,,,,,,
14925,,,,,,,,,,,
14926,,,,,,,,,,,
14927,,,,,,,,,,,
14928,,,,,,,,,,,
14929,,,,,,,,,,,
14930,,,,,,,,,,,
14931,,,,,,,,,,,
14932,,,,,,,,,,,
14933,,,,,,,,,,,
14934,,,,,,,,,,,
14935,,,,,,,,,,,
14936,,,,,,,,,,,
14937,,,,,,,,,,,
14938,,,,,,,,,,,
14939,,,,,,,,,,,
14940,,,,,,,,,,,
14941,,,,,,,,,,,
14942,,,,,,,,,,,
14943,,,,,,,,,,,
14944,,,,,,,,,,,
14945,,,,,,,,,,,
14946,,,,,,,,,,,
14947,,,,,,,,,,,
14948,,,,,,,,,,,
14949,,,,,,,,,,,
14950,,,,,,,,,,,
14951,,,,,,,,,,,
14952,,,,,,,,,,,
14953,,,,,,,,,,,
14954,,,,,,,,,,,
14955,,,,,,,,,,,
14956,,,,,,,,,,,
14957,,,,,,,,,,,
14958,,,,,,,,,,,
14959,,,,,,,,,,,
14960,,,,,,,,,,,
14961,,,,,,,,,,,
14962,,,,,,,,,,,
14963,,,,,,,,,,,
14964,,,,,,,,,,,
14965,,,,,,,,,,,
14966,,,,,,,,,,,
14967,,,,,,,,,,,
14968,,,,,,,,,,,
14969,,,,,,,,,,,
14970,,,,,,,,,,,
14971,,,,,,,,,,,
14972,,,,,,,,,,,
14973,,,,,,,,,,,
14974,,,,,,,,,,,
14975,,,,,,,,,,,
14976,,,,,,,,,,,
14977,,,,,,,,,,,
14978,,,,,,,,,,,
14979,,,,,,,,,,,
14980,,,,,,,,,,,
14981,,,,,,,,,,,
14982,,,,,,,,,,,
14983,,,,,,,,,,,
14984,,,,,,,,,,,
14985,,,,,,,,,,,
14986,,,,,,,,,,,
14987,,,,,,,,,,,
14988,,,,,,,,,,,
14989,,,,,,,,,,,
14990,,,,,,,,,,,
14991,,,,,,,,,,,
14992,,,,,,,,,,,
14993,,,,,,,,,,,
14994,,,,,,,,,,,
14995,,,,,,,,,,,
14996,,,,,,,,,,,
14997,,,,,,,,,,,
14998,,,,,,,,,,,
14999,,,,,,,,,,,
15000,,,,,,,,,,,
15001,,,,,,,,,,,
15002,,,,,,,,,,,
15003,,,,,,,,,,,
15004,,,,,,,,,,,
15005,,,,,,,,,,,
15006,,,,,,,,,,,
15007,,,,,,,,,,,
15008,,,,,,,,,,,
15009,,,,,,,,,,,
15010,,,,,,,,,,,
15011,,,,,,,,,,,
15012,,,,,,,,,,,
15013,,,,,,,,,,,
15014,,,,,,,,,,,
15015,,,,,,,,,,,
15016,,,,,,,,,,,
15017,,,,,,,,,,,
15018,,,,,,,,,,,
15019,,,,,,,,,,,
15020,,,,,,,,,,,
15021,,,,,,,,,,,
15022,,,,,,,,,,,
15023,,,,,,,,,,,
15024,,,,,,,,,,,
15025,,,,,,,,,,,
15026,,,,,,,,,,,
15027,,,,,,,,,,,
15028,,,,,,,,,,,
15029,,,,,,,,,,,
15030,,,,,,,,,,,
15031,,,,,,,,,,,
15032,,,,,,,,,,,
15033,,,,,,,,,,,
15034,,,,,,,,,,,
15035,,,,,,,,,,,
15036,,,,,,,,,,,
15037,,,,,,,,,,,
15038,,,,,,,,,,,
15039,,,,,,,,,,,
15040,,,,,,,,,,,
15041,,,,,,,,,,,
15042,,,,,,,,,,,
15043,,,,,,,,,,,
15044,,,,,,,,,,,
15045,,,,,,,,,,,
15046,,,,,,,,,,,
15047,,,,,,,,,,,
15048,,,,,,,,,,,
15049,,,,,,,,,,,
15050,,,,,,,,,,,
15051,,,,,,,,,,,
15052,,,,,,,,,,,
15053,,,,,,,,,,,
15054,,,,,,,,,,,
15055,,,,,,,,,,,
15056,,,,,,,,,,,
15057,,,,,,,,,,,
15058,,,,,,,,,,,
15059,,,,,,,,,,,
15060,,,,,,,,,,,
15061,,,,,,,,,,,
15062,,,,,,,,,,,
15063,,,,,,,,,,,
15064,,,,,,,,,,,
15065,,,,,,,,,,,
15066,,,,,,,,,,,
15067,,,,,,,,,,,
15068,,,,,,,,,,,
15069,,,,,,,,,,,
15070,,,,,,,,,,,
15071,,,,,,,,,,,
15072,,,,,,,,,,,
15073,,,,,,,,,,,
15074,,,,,,,,,,,
15075,,,,,,,,,,,
15076,,,,,,,,,,,
15077,,,,,,,,,,,
15078,,,,,,,,,,,
15079,,,,,,,,,,,
15080,,,,,,,,,,,
15081,,,,,,,,,,,
15082,,,,,,,,,,,
15083,,,,,,,,,,,
15084,,,,,,,,,,,
15085,,,,,,,,,,,
15086,,,,,,,,,,,
15087,,,,,,,,,,,
15088,,,,,,,,,,,
15089,,,,,,,,,,,
15090,,,,,,,,,,,
15091,,,,,,,,,,,
15092,,,,,,,,,,,
15093,,,,,,,,,,,
15094,,,,,,,,,,,
15095,,,,,,,,,,,
15096,,,,,,,,,,,
15097,,,,,,,,,,,
15098,,,,,,,,,,,
15099,,,,,,,,,,,
15100,,,,,,,,,,,
15101,,,,,,,,,,,
15102,,,,,,,,,,,
15103,,,,,,,,,,,
15104,,,,,,,,,,,
15105,,,,,,,,,,,
15106,,,,,,,,,,,
15107,,,,,,,,,,,
15108,,,,,,,,,,,
15109,,,,,,,,,,,
15110,,,,,,,,,,,
15111,,,,,,,,,,,
15112,,,,,,,,,,,
15113,,,,,,,,,,,
15114,,,,,,,,,,,
15115,,,,,,,,,,,
15116,,,,,,,,,,,
15117,,,,,,,,,,,
15118,,,,,,,,,,,
15119,,,,,,,,,,,
15120,,,,,,,,,,,
15121,,,,,,,,,,,
15122,,,,,,,,,,,
15123,,,,,,,,,,,
15124,,,,,,,,,,,
15125,,,,,,,,,,,
15126,,,,,,,,,,,
15127,,,,,,,,,,,
15128,,,,,,,,,,,
15129,,,,,,,,,,,
15130,,,,,,,,,,,
15131,,,,,,,,,,,
15132,,,,,,,,,,,
15133,,,,,,,,,,,
15134,,,,,,,,,,,
15135,,,,,,,,,,,
15136,,,,,,,,,,,
15137,,,,,,,,,,,
15138,,,,,,,,,,,
15139,,,,,,,,,,,
15140,,,,,,,,,,,
15141,,,,,,,,,,,
15142,,,,,,,,,,,
15143,,,,,,,,,,,
15144,,,,,,,,,,,
15145,,,,,,,,,,,
15146,,,,,,,,,,,
15147,,,,,,,,,,,
15148,,,,,,,,,,,
15149,,,,,,,,,,,
15150,,,,,,,,,,,
15151,,,,,,,,,,,
15152,,,,,,,,,,,
15153,,,,,,,,,,,
15154,,,,,,,,,,,
15155,,,,,,,,,,,
15156,,,,,,,,,,,
15157,,,,,,,,,,,
15158,,,,,,,,,,,
15159,,,,,,,,,,,
15160,,,,,,,,,,,
15161,,,,,,,,,,,
15162,,,,,,,,,,,
15163,,,,,,,,,,,
15164,,,,,,,,,,,
15165,,,,,,,,,,,
15166,,,,,,,,,,,
15167,,,,,,,,,,,
15168,,,,,,,,,,,
15169,,,,,,,,,,,
15170,,,,,,,,,,,
15171,,,,,,,,,,,
15172,,,,,,,,,,,
15173,,,,,,,,,,,
15174,,,,,,,,,,,
15175,,,,,,,,,,,
15176,,,,,,,,,,,
15177,,,,,,,,,,,
15178,,,,,,,,,,,
15179,,,,,,,,,,,
15180,,,,,,,,,,,
15181,,,,,,,,,,,
15182,,,,,,,,,,,
15183,,,,,,,,,,,
15184,,,,,,,,,,,
15185,,,,,,,,,,,
15186,,,,,,,,,,,
15187,,,,,,,,,,,
15188,,,,,,,,,,,
15189,,,,,,,,,,,
15190,,,,,,,,,,,
15191,,,,,,,,,,,
15192,,,,,,,,,,,
15193,,,,,,,,,,,
15194,,,,,,,,,,,
15195,,,,,,,,,,,
15196,,,,,,,,,,,
15197,,,,,,,,,,,
15198,,,,,,,,,,,
15199,,,,,,,,,,,
15200,,,,,,,,,,,
15201,,,,,,,,,,,
15202,,,,,,,,,,,
15203,,,,,,,,,,,
15204,,,,,,,,,,,
15205,,,,,,,,,,,
15206,,,,,,,,,,,
15207,,,,,,,,,,,
15208,,,,,,,,,,,
15209,,,,,,,,,,,
15210,,,,,,,,,,,
15211,,,,,,,,,,,
15212,,,,,,,,,,,
15213,,,,,,,,,,,
15214,,,,,,,,,,,
15215,,,,,,,,,,,
15216,,,,,,,,,,,
15217,,,,,,,,,,,
15218,,,,,,,,,,,
15219,,,,,,,,,,,
15220,,,,,,,,,,,
15221,,,,,,,,,,,
15222,,,,,,,,,,,
15223,,,,,,,,,,,
15224,,,,,,,,,,,
15225,,,,,,,,,,,
15226,,,,,,,,,,,
15227,,,,,,,,,,,
15228,,,,,,,,,,,
15229,,,,,,,,,,,
15230,,,,,,,,,,,
15231,,,,,,,,,,,
15232,,,,,,,,,,,
15233,,,,,,,,,,,
15234,,,,,,,,,,,
15235,,,,,,,,,,,
15236,,,,,,,,,,,
15237,,,,,,,,,,,
15238,,,,,,,,,,,
15239,,,,,,,,,,,
15240,,,,,,,,,,,
15241,,,,,,,,,,,
15242,,,,,,,,,,,
15243,,,,,,,,,,,
15244,,,,,,,,,,,
15245,,,,,,,,,,,
15246,,,,,,,,,,,
15247,,,,,,,,,,,
15248,,,,,,,,,,,
15249,,,,,,,,,,,
15250,,,,,,,,,,,
15251,,,,,,,,,,,
15252,,,,,,,,,,,
15253,,,,,,,,,,,
15254,,,,,,,,,,,
15255,,,,,,,,,,,
15256,,,,,,,,,,,
15257,,,,,,,,,,,
15258,,,,,,,,,,,
15259,,,,,,,,,,,
15260,,,,,,,,,,,
15261,,,,,,,,,,,
15262,,,,,,,,,,,
15263,,,,,,,,,,,
15264,,,,,,,,,,,
15265,,,,,,,,,,,
15266,,,,,,,,,,,
15267,,,,,,,,,,,
15268,,,,,,,,,,,
15269,,,,,,,,,,,
15270,,,,,,,,,,,
15271,,,,,,,,,,,
15272,,,,,,,,,,,
15273,,,,,,,,,,,
15274,,,,,,,,,,,
15275,,,,,,,,,,,
15276,,,,,,,,,,,
15277,,,,,,,,,,,
15278,,,,,,,,,,,
15279,,,,,,,,,,,
15280,,,,,,,,,,,
15281,,,,,,,,,,,
15282,,,,,,,,,,,
15283,,,,,,,,,,,
15284,,,,,,,,,,,
15285,,,,,,,,,,,
15286,,,,,,,,,,,
15287,,,,,,,,,,,
15288,,,,,,,,,,,
15289,,,,,,,,,,,
15290,,,,,,,,,,,
15291,,,,,,,,,,,
15292,,,,,,,,,,,
15293,,,,,,,,,,,
15294,,,,,,,,,,,
15295,,,,,,,,,,,
15296,,,,,,,,,,,
15297,,,,,,,,,,,
15298,,,,,,,,,,,
15299,,,,,,,,,,,
15300,,,,,,,,,,,
15301,,,,,,,,,,,
15302,,,,,,,,,,,
15303,,,,,,,,,,,
15304,,,,,,,,,,,
15305,,,,,,,,,,,
15306,,,,,,,,,,,
15307,,,,,,,,,,,
15308,,,,,,,,,,,
15309,,,,,,,,,,,
15310,,,,,,,,,,,
15311,,,,,,,,,,,
15312,,,,,,,,,,,
15313,,,,,,,,,,,
15314,,,,,,,,,,,
15315,,,,,,,,,,,
15316,,,,,,,,,,,
15317,,,,,,,,,,,
15318,,,,,,,,,,,
15319,,,,,,,,,,,
15320,,,,,,,,,,,
15321,,,,,,,,,,,
15322,,,,,,,,,,,
15323,,,,,,,,,,,
15324,,,,,,,,,,,
15325,,,,,,,,,,,
15326,,,,,,,,,,,
15327,,,,,,,,,,,
15328,,,,,,,,,,,
15329,,,,,,,,,,,
15330,,,,,,,,,,,
15331,,,,,,,,,,,
15332,,,,,,,,,,,
15333,,,,,,,,,,,
15334,,,,,,,,,,,
15335,,,,,,,,,,,
15336,,,,,,,,,,,
15337,,,,,,,,,,,
15338,,,,,,,,,,,
15339,,,,,,,,,,,
15340,,,,,,,,,,,
15341,,,,,,,,,,,
15342,,,,,,,,,,,
15343,,,,,,,,,,,
15344,,,,,,,,,,,
15345,,,,,,,,,,,
15346,,,,,,,,,,,
15347,,,,,,,,,,,
15348,,,,,,,,,,,
15349,,,,,,,,,,,
15350,,,,,,,,,,,
15351,,,,,,,,,,,
15352,,,,,,,,,,,
15353,,,,,,,,,,,
15354,,,,,,,,,,,
15355,,,,,,,,,,,
15356,,,,,,,,,,,
15357,,,,,,,,,,,
15358,,,,,,,,,,,
15359,,,,,,,,,,,
15360,,,,,,,,,,,
15361,,,,,,,,,,,
15362,,,,,,,,,,,
15363,,,,,,,,,,,
15364,,,,,,,,,,,
15365,,,,,,,,,,,
15366,,,,,,,,,,,
15367,,,,,,,,,,,
15368,,,,,,,,,,,
15369,,,,,,,,,,,
15370,,,,,,,,,,,
15371,,,,,,,,,,,
15372,,,,,,,,,,,
15373,,,,,,,,,,,
15374,,,,,,,,,,,
15375,,,,,,,,,,,
15376,,,,,,,,,,,
15377,,,,,,,,,,,
15378,,,,,,,,,,,
15379,,,,,,,,,,,
15380,,,,,,,,,,,
15381,,,,,,,,,,,
15382,,,,,,,,,,,
15383,,,,,,,,,,,
15384,,,,,,,,,,,
15385,,,,,,,,,,,
15386,,,,,,,,,,,
15387,,,,,,,,,,,
15388,,,,,,,,,,,
15389,,,,,,,,,,,
15390,,,,,,,,,,,
15391,,,,,,,,,,,
15392,,,,,,,,,,,
15393,,,,,,,,,,,
15394,,,,,,,,,,,
15395,,,,,,,,,,,
15396,,,,,,,,,,,
15397,,,,,,,,,,,
15398,,,,,,,,,,,
15399,,,,,,,,,,,
15400,,,,,,,,,,,
15401,,,,,,,,,,,
15402,,,,,,,,,,,
15403,,,,,,,,,,,
15404,,,,,,,,,,,
15405,,,,,,,,,,,
15406,,,,,,,,,,,
15407,,,,,,,,,,,
15408,,,,,,,,,,,
15409,,,,,,,,,,,
15410,,,,,,,,,,,
15411,,,,,,,,,,,
15412,,,,,,,,,,,
15413,,,,,,,,,,,
15414,,,,,,,,,,,
15415,,,,,,,,,,,
15416,,,,,,,,,,,
15417,,,,,,,,,,,
15418,,,,,,,,,,,
15419,,,,,,,,,,,
15420,,,,,,,,,,,
15421,,,,,,,,,,,
15422,,,,,,,,,,,
15423,,,,,,,,,,,
15424,,,,,,,,,,,
15425,,,,,,,,,,,
15426,,,,,,,,,,,
15427,,,,,,,,,,,
15428,,,,,,,,,,,
15429,,,,,,,,,,,
15430,,,,,,,,,,,
15431,,,,,,,,,,,
15432,,,,,,,,,,,
15433,,,,,,,,,,,
15434,,,,,,,,,,,
15435,,,,,,,,,,,
15436,,,,,,,,,,,
15437,,,,,,,,,,,
15438,,,,,,,,,,,
15439,,,,,,,,,,,
15440,,,,,,,,,,,
15441,,,,,,,,,,,
15442,,,,,,,,,,,
15443,,,,,,,,,,,
15444,,,,,,,,,,,
15445,,,,,,,,,,,
15446,,,,,,,,,,,
15447,,,,,,,,,,,
15448,,,,,,,,,,,
15449,,,,,,,,,,,
15450,,,,,,,,,,,
15451,,,,,,,,,,,
15452,,,,,,,,,,,
15453,,,,,,,,,,,
15454,,,,,,,,,,,
15455,,,,,,,,,,,
15456,,,,,,,,,,,
15457,,,,,,,,,,,
15458,,,,,,,,,,,
15459,,,,,,,,,,,
15460,,,,,,,,,,,
15461,,,,,,,,,,,
15462,,,,,,,,,,,
15463,,,,,,,,,,,
15464,,,,,,,,,,,
15465,,,,,,,,,,,
15466,,,,,,,,,,,
15467,,,,,,,,,,,
15468,,,,,,,,,,,
15469,,,,,,,,,,,
15470,,,,,,,,,,,
15471,,,,,,,,,,,
15472,,,,,,,,,,,
15473,,,,,,,,,,,
15474,,,,,,,,,,,
15475,,,,,,,,,,,
15476,,,,,,,,,,,
15477,,,,,,,,,,,
15478,,,,,,,,,,,
15479,,,,,,,,,,,
15480,,,,,,,,,,,
15481,,,,,,,,,,,
15482,,,,,,,,,,,
15483,,,,,,,,,,,
15484,,,,,,,,,,,
15485,,,,,,,,,,,
15486,,,,,,,,,,,
15487,,,,,,,,,,,
15488,,,,,,,,,,,
15489,,,,,,,,,,,
15490,,,,,,,,,,,
15491,,,,,,,,,,,
15492,,,,,,,,,,,
15493,,,,,,,,,,,
15494,,,,,,,,,,,
15495,,,,,,,,,,,
15496,,,,,,,,,,,
15497,,,,,,,,,,,
15498,,,,,,,,,,,
15499,,,,,,,,,,,
15500,,,,,,,,,,,
15501,,,,,,,,,,,
15502,,,,,,,,,,,
15503,,,,,,,,,,,
15504,,,,,,,,,,,
15505,,,,,,,,,,,
15506,,,,,,,,,,,
15507,,,,,,,,,,,
15508,,,,,,,,,,,
15509,,,,,,,,,,,
15510,,,,,,,,,,,
15511,,,,,,,,,,,
15512,,,,,,,,,,,
15513,,,,,,,,,,,
15514,,,,,,,,,,,
15515,,,,,,,,,,,
15516,,,,,,,,,,,
15517,,,,,,,,,,,
15518,,,,,,,,,,,
15519,,,,,,,,,,,
15520,,,,,,,,,,,
15521,,,,,,,,,,,
15522,,,,,,,,,,,
15523,,,,,,,,,,,
15524,,,,,,,,,,,
15525,,,,,,,,,,,
15526,,,,,,,,,,,
15527,,,,,,,,,,,
15528,,,,,,,,,,,
15529,,,,,,,,,,,
15530,,,,,,,,,,,
15531,,,,,,,,,,,
15532,,,,,,,,,,,
15533,,,,,,,,,,,
15534,,,,,,,,,,,
15535,,,,,,,,,,,
15536,,,,,,,,,,,
15537,,,,,,,,,,,
15538,,,,,,,,,,,
15539,,,,,,,,,,,
15540,,,,,,,,,,,
15541,,,,,,,,,,,
15542,,,,,,,,,,,
15543,,,,,,,,,,,
15544,,,,,,,,,,,
15545,,,,,,,,,,,
15546,,,,,,,,,,,
15547,,,,,,,,,,,
15548,,,,,,,,,,,
15549,,,,,,,,,,,
15550,,,,,,,,,,,
15551,,,,,,,,,,,
15552,,,,,,,,,,,
15553,,,,,,,,,,,
15554,,,,,,,,,,,
15555,,,,,,,,,,,
15556,,,,,,,,,,,
15557,,,,,,,,,,,
15558,,,,,,,,,,,
15559,,,,,,,,,,,
15560,,,,,,,,,,,
15561,,,,,,,,,,,
15562,,,,,,,,,,,
15563,,,,,,,,,,,
15564,,,,,,,,,,,
15565,,,,,,,,,,,
15566,,,,,,,,,,,
15567,,,,,,,,,,,
15568,,,,,,,,,,,
15569,,,,,,,,,,,
15570,,,,,,,,,,,
15571,,,,,,,,,,,
15572,,,,,,,,,,,
15573,,,,,,,,,,,
15574,,,,,,,,,,,
15575,,,,,,,,,,,
15576,,,,,,,,,,,
15577,,,,,,,,,,,
15578,,,,,,,,,,,
15579,,,,,,,,,,,
15580,,,,,,,,,,,
15581,,,,,,,,,,,
15582,,,,,,,,,,,
15583,,,,,,,,,,,
15584,,,,,,,,,,,
15585,,,,,,,,,,,
15586,,,,,,,,,,,
15587,,,,,,,,,,,
15588,,,,,,,,,,,
15589,,,,,,,,,,,
15590,,,,,,,,,,,
15591,,,,,,,,,,,
15592,,,,,,,,,,,
15593,,,,,,,,,,,
15594,,,,,,,,,,,
15595,,,,,,,,,,,
15596,,,,,,,,,,,
15597,,,,,,,,,,,
15598,,,,,,,,,,,
15599,,,,,,,,,,,
15600,,,,,,,,,,,
15601,,,,,,,,,,,
15602,,,,,,,,,,,
15603,,,,,,,,,,,
15604,,,,,,,,,,,
15605,,,,,,,,,,,
15606,,,,,,,,,,,
15607,,,,,,,,,,,
15608,,,,,,,,,,,
15609,,,,,,,,,,,
15610,,,,,,,,,,,
15611,,,,,,,,,,,
15612,,,,,,,,,,,
15613,,,,,,,,,,,
15614,,,,,,,,,,,
15615,,,,,,,,,,,
15616,,,,,,,,,,,
15617,,,,,,,,,,,
15618,,,,,,,,,,,
15619,,,,,,,,,,,
15620,,,,,,,,,,,
15621,,,,,,,,,,,
15622,,,,,,,,,,,
15623,,,,,,,,,,,
15624,,,,,,,,,,,
15625,,,,,,,,,,,
15626,,,,,,,,,,,
15627,,,,,,,,,,,
15628,,,,,,,,,,,
15629,,,,,,,,,,,
15630,,,,,,,,,,,
15631,,,,,,,,,,,
15632,,,,,,,,,,,
15633,,,,,,,,,,,
15634,,,,,,,,,,,
15635,,,,,,,,,,,
15636,,,,,,,,,,,
15637,,,,,,,,,,,
15638,,,,,,,,,,,
15639,,,,,,,,,,,
15640,,,,,,,,,,,
15641,,,,,,,,,,,
15642,,,,,,,,,,,
15643,,,,,,,,,,,
15644,,,,,,,,,,,
15645,,,,,,,,,,,
15646,,,,,,,,,,,
15647,,,,,,,,,,,
15648,,,,,,,,,,,
15649,,,,,,,,,,,
15650,,,,,,,,,,,
15651,,,,,,,,,,,
15652,,,,,,,,,,,
15653,,,,,,,,,,,
15654,,,,,,,,,,,
15655,,,,,,,,,,,
15656,,,,,,,,,,,
15657,,,,,,,,,,,
15658,,,,,,,,,,,
15659,,,,,,,,,,,
15660,,,,,,,,,,,
15661,,,,,,,,,,,
15662,,,,,,,,,,,
15663,,,,,,,,,,,
15664,,,,,,,,,,,
15665,,,,,,,,,,,
15666,,,,,,,,,,,
15667,,,,,,,,,,,
15668,,,,,,,,,,,
15669,,,,,,,,,,,
15670,,,,,,,,,,,
15671,,,,,,,,,,,
15672,,,,,,,,,,,
15673,,,,,,,,,,,
15674,,,,,,,,,,,
15675,,,,,,,,,,,
15676,,,,,,,,,,,
15677,,,,,,,,,,,
15678,,,,,,,,,,,
15679,,,,,,,,,,,
15680,,,,,,,,,,,
15681,,,,,,,,,,,
15682,,,,,,,,,,,
15683,,,,,,,,,,,
15684,,,,,,,,,,,
15685,,,,,,,,,,,
15686,,,,,,,,,,,
15687,,,,,,,,,,,
15688,,,,,,,,,,,
15689,,,,,,,,,,,
15690,,,,,,,,,,,
15691,,,,,,,,,,,
15692,,,,,,,,,,,
15693,,,,,,,,,,,
15694,,,,,,,,,,,
15695,,,,,,,,,,,
15696,,,,,,,,,,,
15697,,,,,,,,,,,
15698,,,,,,,,,,,
15699,,,,,,,,,,,
15700,,,,,,,,,,,
15701,,,,,,,,,,,
15702,,,,,,,,,,,
15703,,,,,,,,,,,
15704,,,,,,,,,,,
15705,,,,,,,,,,,
15706,,,,,,,,,,,
15707,,,,,,,,,,,
15708,,,,,,,,,,,
15709,,,,,,,,,,,
15710,,,,,,,,,,,
15711,,,,,,,,,,,
15712,,,,,,,,,,,
15713,,,,,,,,,,,
15714,,,,,,,,,,,
15715,,,,,,,,,,,
15716,,,,,,,,,,,
15717,,,,,,,,,,,
15718,,,,,,,,,,,
15719,,,,,,,,,,,
15720,,,,,,,,,,,
15721,,,,,,,,,,,
15722,,,,,,,,,,,
15723,,,,,,,,,,,
15724,,,,,,,,,,,
15725,,,,,,,,,,,
15726,,,,,,,,,,,
15727,,,,,,,,,,,
15728,,,,,,,,,,,
15729,,,,,,,,,,,
15730,,,,,,,,,,,
15731,,,,,,,,,,,
15732,,,,,,,,,,,
15733,,,,,,,,,,,
15734,,,,,,,,,,,
15735,,,,,,,,,,,
15736,,,,,,,,,,,
15737,,,,,,,,,,,
15738,,,,,,,,,,,
15739,,,,,,,,,,,
15740,,,,,,,,,,,
15741,,,,,,,,,,,
15742,,,,,,,,,,,
15743,,,,,,,,,,,
15744,,,,,,,,,,,
15745,,,,,,,,,,,
15746,,,,,,,,,,,
15747,,,,,,,,,,,
15748,,,,,,,,,,,
15749,,,,,,,,,,,
15750,,,,,,,,,,,
15751,,,,,,,,,,,
15752,,,,,,,,,,,
15753,,,,,,,,,,,
15754,,,,,,,,,,,
15755,,,,,,,,,,,
15756,,,,,,,,,,,
15757,,,,,,,,,,,
15758,,,,,,,,,,,
15759,,,,,,,,,,,
15760,,,,,,,,,,,
15761,,,,,,,,,,,
15762,,,,,,,,,,,
15763,,,,,,,,,,,
15764,,,,,,,,,,,
15765,,,,,,,,,,,
15766,,,,,,,,,,,
15767,,,,,,,,,,,
15768,,,,,,,,,,,
15769,,,,,,,,,,,
15770,,,,,,,,,,,
15771,,,,,,,,,,,
15772,,,,,,,,,,,
15773,,,,,,,,,,,
15774,,,,,,,,,,,
15775,,,,,,,,,,,
15776,,,,,,,,,,,
15777,,,,,,,,,,,
15778,,,,,,,,,,,
15779,,,,,,,,,,,
15780,,,,,,,,,,,
15781,,,,,,,,,,,
15782,,,,,,,,,,,
15783,,,,,,,,,,,
15784,,,,,,,,,,,
15785,,,,,,,,,,,
15786,,,,,,,,,,,
15787,,,,,,,,,,,
15788,,,,,,,,,,,
15789,,,,,,,,,,,
15790,,,,,,,,,,,
15791,,,,,,,,,,,
15792,,,,,,,,,,,
15793,,,,,,,,,,,
15794,,,,,,,,,,,
15795,,,,,,,,,,,
15796,,,,,,,,,,,
15797,,,,,,,,,,,
15798,,,,,,,,,,,
15799,,,,,,,,,,,
15800,,,,,,,,,,,
15801,,,,,,,,,,,
15802,,,,,,,,,,,
15803,,,,,,,,,,,
15804,,,,,,,,,,,
15805,,,,,,,,,,,
15806,,,,,,,,,,,
15807,,,,,,,,,,,
15808,,,,,,,,,,,
15809,,,,,,,,,,,
15810,,,,,,,,,,,
15811,,,,,,,,,,,
15812,,,,,,,,,,,
15813,,,,,,,,,,,
15814,,,,,,,,,,,
15815,,,,,,,,,,,
15816,,,,,,,,,,,
15817,,,,,,,,,,,
15818,,,,,,,,,,,
15819,,,,,,,,,,,
15820,,,,,,,,,,,
15821,,,,,,,,,,,
15822,,,,,,,,,,,
15823,,,,,,,,,,,
15824,,,,,,,,,,,
15825,,,,,,,,,,,
15826,,,,,,,,,,,
15827,,,,,,,,,,,
15828,,,,,,,,,,,
15829,,,,,,,,,,,
15830,,,,,,,,,,,
15831,,,,,,,,,,,
15832,,,,,,,,,,,
15833,,,,,,,,,,,
15834,,,,,,,,,,,
15835,,,,,,,,,,,
15836,,,,,,,,,,,
15837,,,,,,,,,,,
15838,,,,,,,,,,,
15839,,,,,,,,,,,
15840,,,,,,,,,,,
15841,,,,,,,,,,,
15842,,,,,,,,,,,
15843,,,,,,,,,,,
15844,,,,,,,,,,,
15845,,,,,,,,,,,
15846,,,,,,,,,,,
15847,,,,,,,,,,,
15848,,,,,,,,,,,
15849,,,,,,,,,,,
15850,,,,,,,,,,,
15851,,,,,,,,,,,
15852,,,,,,,,,,,
15853,,,,,,,,,,,
15854,,,,,,,,,,,
15855,,,,,,,,,,,
15856,,,,,,,,,,,
15857,,,,,,,,,,,
15858,,,,,,,,,,,
15859,,,,,,,,,,,
15860,,,,,,,,,,,
15861,,,,,,,,,,,
15862,,,,,,,,,,,
15863,,,,,,,,,,,
15864,,,,,,,,,,,
15865,,,,,,,,,,,
15866,,,,,,,,,,,
15867,,,,,,,,,,,
15868,,,,,,,,,,,
15869,,,,,,,,,,,
15870,,,,,,,,,,,
15871,,,,,,,,,,,
15872,,,,,,,,,,,
15873,,,,,,,,,,,
15874,,,,,,,,,,,
15875,,,,,,,,,,,
15876,,,,,,,,,,,
15877,,,,,,,,,,,
15878,,,,,,,,,,,
15879,,,,,,,,,,,
15880,,,,,,,,,,,
15881,,,,,,,,,,,
15882,,,,,,,,,,,
15883,,,,,,,,,,,
15884,,,,,,,,,,,
15885,,,,,,,,,,,
15886,,,,,,,,,,,
15887,,,,,,,,,,,
15888,,,,,,,,,,,
15889,,,,,,,,,,,
15890,,,,,,,,,,,
15891,,,,,,,,,,,
15892,,,,,,,,,,,
15893,,,,,,,,,,,
15894,,,,,,,,,,,
15895,,,,,,,,,,,
15896,,,,,,,,,,,
15897,,,,,,,,,,,
15898,,,,,,,,,,,
15899,,,,,,,,,,,
15900,,,,,,,,,,,
15901,,,,,,,,,,,
15902,,,,,,,,,,,
15903,,,,,,,,,,,
15904,,,,,,,,,,,
15905,,,,,,,,,,,
15906,,,,,,,,,,,
15907,,,,,,,,,,,
15908,,,,,,,,,,,
15909,,,,,,,,,,,
15910,,,,,,,,,,,
15911,,,,,,,,,,,
15912,,,,,,,,,,,
15913,,,,,,,,,,,
15914,,,,,,,,,,,
15915,,,,,,,,,,,
15916,,,,,,,,,,,
15917,,,,,,,,,,,
15918,,,,,,,,,,,
15919,,,,,,,,,,,
15920,,,,,,,,,,,
15921,,,,,,,,,,,
15922,,,,,,,,,,,
15923,,,,,,,,,,,
15924,,,,,,,,,,,
15925,,,,,,,,,,,
15926,,,,,,,,,,,
15927,,,,,,,,,,,
15928,,,,,,,,,,,
15929,,,,,,,,,,,
15930,,,,,,,,,,,
15931,,,,,,,,,,,
15932,,,,,,,,,,,
15933,,,,,,,,,,,
15934,,,,,,,,,,,
15935,,,,,,,,,,,
15936,,,,,,,,,,,
15937,,,,,,,,,,,
15938,,,,,,,,,,,
15939,,,,,,,,,,,
15940,,,,,,,,,,,
15941,,,,,,,,,,,
15942,,,,,,,,,,,
15943,,,,,,,,,,,
15944,,,,,,,,,,,
15945,,,,,,,,,,,
15946,,,,,,,,,,,
15947,,,,,,,,,,,
15948,,,,,,,,,,,
15949,,,,,,,,,,,
15950,,,,,,,,,,,
15951,,,,,,,,,,,
15952,,,,,,,,,,,
15953,,,,,,,,,,,
15954,,,,,,,,,,,
15955,,,,,,,,,,,
15956,,,,,,,,,,,
15957,,,,,,,,,,,
15958,,,,,,,,,,,
15959,,,,,,,,,,,
15960,,,,,,,,,,,
15961,,,,,,,,,,,
15962,,,,,,,,,,,
15963,,,,,,,,,,,
15964,,,,,,,,,,,
15965,,,,,,,,,,,
15966,,,,,,,,,,,
15967,,,,,,,,,,,
15968,,,,,,,,,,,
15969,,,,,,,,,,,
15970,,,,,,,,,,,
15971,,,,,,,,,,,
15972,,,,,,,,,,,
15973,,,,,,,,,,,
15974,,,,,,,,,,,
15975,,,,,,,,,,,
15976,,,,,,,,,,,
15977,,,,,,,,,,,
15978,,,,,,,,,,,
15979,,,,,,,,,,,
15980,,,,,,,,,,,
15981,,,,,,,,,,,
15982,,,,,,,,,,,
15983,,,,,,,,,,,
15984,,,,,,,,,,,
15985,,,,,,,,,,,
15986,,,,,,,,,,,
15987,,,,,,,,,,,
15988,,,,,,,,,,,
15989,,,,,,,,,,,
15990,,,,,,,,,,,
15991,,,,,,,,,,,
15992,,,,,,,,,,,
15993,,,,,,,,,,,
15994,,,,,,,,,,,
15995,,,,,,,,,,,
15996,,,,,,,,,,,
15997,,,,,,,,,,,
15998,,,,,,,,,,,
15999,,,,,,,,,,,
16000,,,,,,,,,,,
16001,,,,,,,,,,,
16002,,,,,,,,,,,
16003,,,,,,,,,,,
16004,,,,,,,,,,,
16005,,,,,,,,,,,
16006,,,,,,,,,,,
16007,,,,,,,,,,,
16008,,,,,,,,,,,
16009,,,,,,,,,,,
16010,,,,,,,,,,,
16011,,,,,,,,,,,
16012,,,,,,,,,,,
16013,,,,,,,,,,,
16014,,,,,,,,,,,
16015,,,,,,,,,,,
16016,,,,,,,,,,,
16017,,,,,,,,,,,
16018,,,,,,,,,,,
16019,,,,,,,,,,,
16020,,,,,,,,,,,
16021,,,,,,,,,,,
16022,,,,,,,,,,,
16023,,,,,,,,,,,
16024,,,,,,,,,,,
16025,,,,,,,,,,,
16026,,,,,,,,,,,
16027,,,,,,,,,,,
16028,,,,,,,,,,,
16029,,,,,,,,,,,
16030,,,,,,,,,,,
16031,,,,,,,,,,,
16032,,,,,,,,,,,
16033,,,,,,,,,,,
16034,,,,,,,,,,,
16035,,,,,,,,,,,
16036,,,,,,,,,,,
16037,,,,,,,,,,,
16038,,,,,,,,,,,
16039,,,,,,,,,,,
16040,,,,,,,,,,,
16041,,,,,,,,,,,
16042,,,,,,,,,,,
16043,,,,,,,,,,,
16044,,,,,,,,,,,
16045,,,,,,,,,,,
16046,,,,,,,,,,,
16047,,,,,,,,,,,
16048,,,,,,,,,,,
16049,,,,,,,,,,,
16050,,,,,,,,,,,
16051,,,,,,,,,,,
16052,,,,,,,,,,,
16053,,,,,,,,,,,
16054,,,,,,,,,,,
16055,,,,,,,,,,,
16056,,,,,,,,,,,
16057,,,,,,,,,,,
16058,,,,,,,,,,,
16059,,,,,,,,,,,
16060,,,,,,,,,,,
16061,,,,,,,,,,,
16062,,,,,,,,,,,
16063,,,,,,,,,,,
16064,,,,,,,,,,,
16065,,,,,,,,,,,
16066,,,,,,,,,,,
16067,,,,,,,,,,,
16068,,,,,,,,,,,
16069,,,,,,,,,,,
16070,,,,,,,,,,,
16071,,,,,,,,,,,
16072,,,,,,,,,,,
16073,,,,,,,,,,,
16074,,,,,,,,,,,
16075,,,,,,,,,,,
16076,,,,,,,,,,,
16077,,,,,,,,,,,
16078,,,,,,,,,,,
16079,,,,,,,,,,,
16080,,,,,,,,,,,
16081,,,,,,,,,,,
16082,,,,,,,,,,,
16083,,,,,,,,,,,
16084,,,,,,,,,,,
16085,,,,,,,,,,,
16086,,,,,,,,,,,
16087,,,,,,,,,,,
16088,,,,,,,,,,,
16089,,,,,,,,,,,
16090,,,,,,,,,,,
16091,,,,,,,,,,,
16092,,,,,,,,,,,
16093,,,,,,,,,,,
16094,,,,,,,,,,,
16095,,,,,,,,,,,
16096,,,,,,,,,,,
16097,,,,,,,,,,,
16098,,,,,,,,,,,
16099,,,,,,,,,,,
16100,,,,,,,,,,,
16101,,,,,,,,,,,
16102,,,,,,,,,,,
16103,,,,,,,,,,,
16104,,,,,,,,,,,
16105,,,,,,,,,,,
16106,,,,,,,,,,,
16107,,,,,,,,,,,
16108,,,,,,,,,,,
16109,,,,,,,,,,,
16110,,,,,,,,,,,
16111,,,,,,,,,,,
16112,,,,,,,,,,,
16113,,,,,,,,,,,
16114,,,,,,,,,,,
16115,,,,,,,,,,,
16116,,,,,,,,,,,
16117,,,,,,,,,,,
16118,,,,,,,,,,,
16119,,,,,,,,,,,
16120,,,,,,,,,,,
16121,,,,,,,,,,,
16122,,,,,,,,,,,
16123,,,,,,,,,,,
16124,,,,,,,,,,,
16125,,,,,,,,,,,
16126,,,,,,,,,,,
16127,,,,,,,,,,,
16128,,,,,,,,,,,
16129,,,,,,,,,,,
16130,,,,,,,,,,,
16131,,,,,,,,,,,
16132,,,,,,,,,,,
16133,,,,,,,,,,,
16134,,,,,,,,,,,
16135,,,,,,,,,,,
16136,,,,,,,,,,,
16137,,,,,,,,,,,
16138,,,,,,,,,,,
16139,,,,,,,,,,,
16140,,,,,,,,,,,
16141,,,,,,,,,,,
16142,,,,,,,,,,,
16143,,,,,,,,,,,
16144,,,,,,,,,,,
16145,,,,,,,,,,,
16146,,,,,,,,,,,
16147,,,,,,,,,,,
16148,,,,,,,,,,,
16149,,,,,,,,,,,
16150,,,,,,,,,,,
16151,,,,,,,,,,,
16152,,,,,,,,,,,
16153,,,,,,,,,,,
16154,,,,,,,,,,,
16155,,,,,,,,,,,
16156,,,,,,,,,,,
16157,,,,,,,,,,,
16158,,,,,,,,,,,
16159,,,,,,,,,,,
16160,,,,,,,,,,,
16161,,,,,,,,,,,
16162,,,,,,,,,,,
16163,,,,,,,,,,,
16164,,,,,,,,,,,
16165,,,,,,,,,,,
16166,,,,,,,,,,,
16167,,,,,,,,,,,
16168,,,,,,,,,,,
16169,,,,,,,,,,,
16170,,,,,,,,,,,
16171,,,,,,,,,,,
16172,,,,,,,,,,,
16173,,,,,,,,,,,
16174,,,,,,,,,,,
16175,,,,,,,,,,,
16176,,,,,,,,,,,
16177,,,,,,,,,,,
16178,,,,,,,,,,,
16179,,,,,,,,,,,
16180,,,,,,,,,,,
16181,,,,,,,,,,,
16182,,,,,,,,,,,
16183,,,,,,,,,,,
16184,,,,,,,,,,,
16185,,,,,,,,,,,
16186,,,,,,,,,,,
16187,,,,,,,,,,,
16188,,,,,,,,,,,
16189,,,,,,,,,,,
16190,,,,,,,,,,,
16191,,,,,,,,,,,
16192,,,,,,,,,,,
16193,,,,,,,,,,,
16194,,,,,,,,,,,
16195,,,,,,,,,,,
16196,,,,,,,,,,,
16197,,,,,,,,,,,
16198,,,,,,,,,,,
16199,,,,,,,,,,,
16200,,,,,,,,,,,
16201,,,,,,,,,,,
16202,,,,,,,,,,,
16203,,,,,,,,,,,
16204,,,,,,,,,,,
16205,,,,,,,,,,,
16206,,,,,,,,,,,
16207,,,,,,,,,,,
16208,,,,,,,,,,,
16209,,,,,,,,,,,
16210,,,,,,,,,,,
16211,,,,,,,,,,,
16212,,,,,,,,,,,
16213,,,,,,,,,,,
16214,,,,,,,,,,,
16215,,,,,,,,,,,
16216,,,,,,,,,,,
16217,,,,,,,,,,,
16218,,,,,,,,,,,
16219,,,,,,,,,,,
16220,,,,,,,,,,,
16221,,,,,,,,,,,
16222,,,,,,,,,,,
16223,,,,,,,,,,,
16224,,,,,,,,,,,
16225,,,,,,,,,,,
16226,,,,,,,,,,,
16227,,,,,,,,,,,
16228,,,,,,,,,,,
16229,,,,,,,,,,,
16230,,,,,,,,,,,
16231,,,,,,,,,,,
16232,,,,,,,,,,,
16233,,,,,,,,,,,
16234,,,,,,,,,,,
16235,,,,,,,,,,,
16236,,,,,,,,,,,
16237,,,,,,,,,,,
16238,,,,,,,,,,,
16239,,,,,,,,,,,
16240,,,,,,,,,,,
16241,,,,,,,,,,,
16242,,,,,,,,,,,
16243,,,,,,,,,,,
16244,,,,,,,,,,,
16245,,,,,,,,,,,
16246,,,,,,,,,,,
16247,,,,,,,,,,,
16248,,,,,,,,,,,
16249,,,,,,,,,,,
16250,,,,,,,,,,,
16251,,,,,,,,,,,
16252,,,,,,,,,,,
16253,,,,,,,,,,,
16254,,,,,,,,,,,
16255,,,,,,,,,,,
16256,,,,,,,,,,,
16257,,,,,,,,,,,
16258,,,,,,,,,,,
16259,,,,,,,,,,,
16260,,,,,,,,,,,
16261,,,,,,,,,,,
16262,,,,,,,,,,,
16263,,,,,,,,,,,
16264,,,,,,,,,,,
16265,,,,,,,,,,,
16266,,,,,,,,,,,
16267,,,,,,,,,,,
16268,,,,,,,,,,,
16269,,,,,,,,,,,
16270,,,,,,,,,,,
16271,,,,,,,,,,,
16272,,,,,,,,,,,
16273,,,,,,,,,,,
16274,,,,,,,,,,,
16275,,,,,,,,,,,
16276,,,,,,,,,,,
16277,,,,,,,,,,,
16278,,,,,,,,,,,
16279,,,,,,,,,,,
16280,,,,,,,,,,,
16281,,,,,,,,,,,
16282,,,,,,,,,,,
16283,,,,,,,,,,,
16284,,,,,,,,,,,
16285,,,,,,,,,,,
16286,,,,,,,,,,,
16287,,,,,,,,,,,
16288,,,,,,,,,,,
16289,,,,,,,,,,,
16290,,,,,,,,,,,
16291,,,,,,,,,,,
16292,,,,,,,,,,,
16293,,,,,,,,,,,
16294,,,,,,,,,,,
16295,,,,,,,,,,,
16296,,,,,,,,,,,
16297,,,,,,,,,,,
16298,,,,,,,,,,,
16299,,,,,,,,,,,
16300,,,,,,,,,,,
16301,,,,,,,,,,,
16302,,,,,,,,,,,
16303,,,,,,,,,,,
16304,,,,,,,,,,,
16305,,,,,,,,,,,
16306,,,,,,,,,,,
16307,,,,,,,,,,,
16308,,,,,,,,,,,
16309,,,,,,,,,,,
16310,,,,,,,,,,,
16311,,,,,,,,,,,
16312,,,,,,,,,,,
16313,,,,,,,,,,,
16314,,,,,,,,,,,
16315,,,,,,,,,,,
16316,,,,,,,,,,,
16317,,,,,,,,,,,
16318,,,,,,,,,,,
16319,,,,,,,,,,,
16320,,,,,,,,,,,
16321,,,,,,,,,,,
16322,,,,,,,,,,,
16323,,,,,,,,,,,
16324,,,,,,,,,,,
16325,,,,,,,,,,,
16326,,,,,,,,,,,
16327,,,,,,,,,,,
16328,,,,,,,,,,,
16329,,,,,,,,,,,
16330,,,,,,,,,,,
16331,,,,,,,,,,,
16332,,,,,,,,,,,
16333,,,,,,,,,,,
16334,,,,,,,,,,,
16335,,,,,,,,,,,
16336,,,,,,,,,,,
16337,,,,,,,,,,,
16338,,,,,,,,,,,
16339,,,,,,,,,,,
16340,,,,,,,,,,,
16341,,,,,,,,,,,
16342,,,,,,,,,,,
16343,,,,,,,,,,,
16344,,,,,,,,,,,
16345,,,,,,,,,,,
16346,,,,,,,,,,,
16347,,,,,,,,,,,
16348,,,,,,,,,,,
16349,,,,,,,,,,,
16350,,,,,,,,,,,
16351,,,,,,,,,,,
16352,,,,,,,,,,,
16353,,,,,,,,,,,
16354,,,,,,,,,,,
16355,,,,,,,,,,,
16356,,,,,,,,,,,
16357,,,,,,,,,,,
16358,,,,,,,,,,,
16359,,,,,,,,,,,
16360,,,,,,,,,,,
16361,,,,,,,,,,,
16362,,,,,,,,,,,
16363,,,,,,,,,,,
16364,,,,,,,,,,,
16365,,,,,,,,,,,
16366,,,,,,,,,,,
16367,,,,,,,,,,,
16368,,,,,,,,,,,
16369,,,,,,,,,,,
16370,,,,,,,,,,,
16371,,,,,,,,,,,
16372,,,,,,,,,,,
16373,,,,,,,,,,,
16374,,,,,,,,,,,
16375,,,,,,,,,,,
16376,,,,,,,,,,,
16377,,,,,,,,,,,
16378,,,,,,,,,,,
16379,,,,,,,,,,,
16380,,,,,,,,,,,
16381,,,,,,,,,,,
16382,,,,,,,,,,,
16383,,,,,,,,,,,
16384,,,,,,,,,,,
16385,,,,,,,,,,,
16386,,,,,,,,,,,
16387,,,,,,,,,,,
16388,,,,,,,,,,,
16389,,,,,,,,,,,
16390,,,,,,,,,,,
16391,,,,,,,,,,,
16392,,,,,,,,,,,
16393,,,,,,,,,,,
16394,,,,,,,,,,,
16395,,,,,,,,,,,
16396,,,,,,,,,,,
16397,,,,,,,,,,,
16398,,,,,,,,,,,
16399,,,,,,,,,,,
16400,,,,,,,,,,,
16401,,,,,,,,,,,
16402,,,,,,,,,,,
16403,,,,,,,,,,,
16404,,,,,,,,,,,
16405,,,,,,,,,,,
16406,,,,,,,,,,,
16407,,,,,,,,,,,
16408,,,,,,,,,,,
16409,,,,,,,,,,,
16410,,,,,,,,,,,
16411,,,,,,,,,,,
16412,,,,,,,,,,,
16413,,,,,,,,,,,
16414,,,,,,,,,,,
16415,,,,,,,,,,,
16416,,,,,,,,,,,
16417,,,,,,,,,,,
16418,,,,,,,,,,,
16419,,,,,,,,,,,
16420,,,,,,,,,,,
16421,,,,,,,,,,,
16422,,,,,,,,,,,
16423,,,,,,,,,,,
16424,,,,,,,,,,,
16425,,,,,,,,,,,
16426,,,,,,,,,,,
16427,,,,,,,,,,,
16428,,,,,,,,,,,
16429,,,,,,,,,,,
16430,,,,,,,,,,,
16431,,,,,,,,,,,
16432,,,,,,,,,,,
16433,,,,,,,,,,,
16434,,,,,,,,,,,
16435,,,,,,,,,,,
16436,,,,,,,,,,,
16437,,,,,,,,,,,
16438,,,,,,,,,,,
16439,,,,,,,,,,,
16440,,,,,,,,,,,
16441,,,,,,,,,,,
16442,,,,,,,,,,,
16443,,,,,,,,,,,
16444,,,,,,,,,,,
16445,,,,,,,,,,,
16446,,,,,,,,,,,
16447,,,,,,,,,,,
16448,,,,,,,,,,,
16449,,,,,,,,,,,
16450,,,,,,,,,,,
16451,,,,,,,,,,,
16452,,,,,,,,,,,
16453,,,,,,,,,,,
16454,,,,,,,,,,,
16455,,,,,,,,,,,
16456,,,,,,,,,,,
16457,,,,,,,,,,,
16458,,,,,,,,,,,
16459,,,,,,,,,,,
16460,,,,,,,,,,,
16461,,,,,,,,,,,
16462,,,,,,,,,,,
16463,,,,,,,,,,,
16464,,,,,,,,,,,
16465,,,,,,,,,,,
16466,,,,,,,,,,,
16467,,,,,,,,,,,
16468,,,,,,,,,,,
16469,,,,,,,,,,,
16470,,,,,,,,,,,
16471,,,,,,,,,,,
16472,,,,,,,,,,,
16473,,,,,,,,,,,
16474,,,,,,,,,,,
16475,,,,,,,,,,,
16476,,,,,,,,,,,
16477,,,,,,,,,,,
16478,,,,,,,,,,,
16479,,,,,,,,,,,
16480,,,,,,,,,,,
16481,,,,,,,,,,,
16482,,,,,,,,,,,
16483,,,,,,,,,,,
16484,,,,,,,,,,,
16485,,,,,,,,,,,
16486,,,,,,,,,,,
16487,,,,,,,,,,,
16488,,,,,,,,,,,
16489,,,,,,,,,,,
16490,,,,,,,,,,,
16491,,,,,,,,,,,
16492,,,,,,,,,,,
16493,,,,,,,,,,,
16494,,,,,,,,,,,
16495,,,,,,,,,,,
16496,,,,,,,,,,,
16497,,,,,,,,,,,
16498,,,,,,,,,,,
16499,,,,,,,,,,,
16500,,,,,,,,,,,
16501,,,,,,,,,,,
16502,,,,,,,,,,,
16503,,,,,,,,,,,
16504,,,,,,,,,,,
16505,,,,,,,,,,,
16506,,,,,,,,,,,
16507,,,,,,,,,,,
16508,,,,,,,,,,,
16509,,,,,,,,,,,
16510,,,,,,,,,,,
16511,,,,,,,,,,,
16512,,,,,,,,,,,
16513,,,,,,,,,,,
16514,,,,,,,,,,,
16515,,,,,,,,,,,
16516,,,,,,,,,,,
16517,,,,,,,,,,,
16518,,,,,,,,,,,
16519,,,,,,,,,,,
16520,,,,,,,,,,,
16521,,,,,,,,,,,
16522,,,,,,,,,,,
16523,,,,,,,,,,,
16524,,,,,,,,,,,
16525,,,,,,,,,,,
16526,,,,,,,,,,,
16527,,,,,,,,,,,
16528,,,,,,,,,,,
16529,,,,,,,,,,,
16530,,,,,,,,,,,
16531,,,,,,,,,,,
16532,,,,,,,,,,,
16533,,,,,,,,,,,
16534,,,,,,,,,,,
16535,,,,,,,,,,,
16536,,,,,,,,,,,
16537,,,,,,,,,,,
16538,,,,,,,,,,,
16539,,,,,,,,,,,
16540,,,,,,,,,,,
16541,,,,,,,,,,,
16542,,,,,,,,,,,
16543,,,,,,,,,,,
16544,,,,,,,,,,,
16545,,,,,,,,,,,
16546,,,,,,,,,,,
16547,,,,,,,,,,,
16548,,,,,,,,,,,
16549,,,,,,,,,,,
16550,,,,,,,,,,,
16551,,,,,,,,,,,
16552,,,,,,,,,,,
16553,,,,,,,,,,,
16554,,,,,,,,,,,
16555,,,,,,,,,,,
16556,,,,,,,,,,,
16557,,,,,,,,,,,
16558,,,,,,,,,,,
16559,,,,,,,,,,,
16560,,,,,,,,,,,
16561,,,,,,,,,,,
16562,,,,,,,,,,,
16563,,,,,,,,,,,
16564,,,,,,,,,,,
16565,,,,,,,,,,,
16566,,,,,,,,,,,
16567,,,,,,,,,,,
16568,,,,,,,,,,,
16569,,,,,,,,,,,
16570,,,,,,,,,,,
16571,,,,,,,,,,,
16572,,,,,,,,,,,
16573,,,,,,,,,,,
16574,,,,,,,,,,,
16575,,,,,,,,,,,
16576,,,,,,,,,,,
16577,,,,,,,,,,,
16578,,,,,,,,,,,
16579,,,,,,,,,,,
16580,,,,,,,,,,,
16581,,,,,,,,,,,
16582,,,,,,,,,,,
16583,,,,,,,,,,,
16584,,,,,,,,,,,
16585,,,,,,,,,,,
16586,,,,,,,,,,,
16587,,,,,,,,,,,
16588,,,,,,,,,,,
16589,,,,,,,,,,,
16590,,,,,,,,,,,
16591,,,,,,,,,,,
16592,,,,,,,,,,,
16593,,,,,,,,,,,
16594,,,,,,,,,,,
16595,,,,,,,,,,,
16596,,,,,,,,,,,
16597,,,,,,,,,,,
16598,,,,,,,,,,,
16599,,,,,,,,,,,
16600,,,,,,,,,,,
16601,,,,,,,,,,,
16602,,,,,,,,,,,
16603,,,,,,,,,,,
16604,,,,,,,,,,,
16605,,,,,,,,,,,
16606,,,,,,,,,,,
16607,,,,,,,,,,,
16608,,,,,,,,,,,
16609,,,,,,,,,,,
16610,,,,,,,,,,,
16611,,,,,,,,,,,
16612,,,,,,,,,,,
16613,,,,,,,,,,,
16614,,,,,,,,,,,
16615,,,,,,,,,,,
16616,,,,,,,,,,,
16617,,,,,,,,,,,
16618,,,,,,,,,,,
16619,,,,,,,,,,,
16620,,,,,,,,,,,
16621,,,,,,,,,,,
16622,,,,,,,,,,,
16623,,,,,,,,,,,
16624,,,,,,,,,,,
16625,,,,,,,,,,,
16626,,,,,,,,,,,
16627,,,,,,,,,,,
16628,,,,,,,,,,,
16629,,,,,,,,,,,
16630,,,,,,,,,,,
16631,,,,,,,,,,,
16632,,,,,,,,,,,
16633,,,,,,,,,,,
16634,,,,,,,,,,,
16635,,,,,,,,,,,
16636,,,,,,,,,,,
16637,,,,,,,,,,,
16638,,,,,,,,,,,
16639,,,,,,,,,,,
16640,,,,,,,,,,,
16641,,,,,,,,,,,
16642,,,,,,,,,,,
16643,,,,,,,,,,,
16644,,,,,,,,,,,
16645,,,,,,,,,,,
16646,,,,,,,,,,,
16647,,,,,,,,,,,
16648,,,,,,,,,,,
16649,,,,,,,,,,,
16650,,,,,,,,,,,
16651,,,,,,,,,,,
16652,,,,,,,,,,,
16653,,,,,,,,,,,
16654,,,,,,,,,,,
16655,,,,,,,,,,,
16656,,,,,,,,,,,
16657,,,,,,,,,,,
16658,,,,,,,,,,,
16659,,,,,,,,,,,
16660,,,,,,,,,,,
16661,,,,,,,,,,,
16662,,,,,,,,,,,
16663,,,,,,,,,,,
16664,,,,,,,,,,,
16665,,,,,,,,,,,
16666,,,,,,,,,,,
16667,,,,,,,,,,,
16668,,,,,,,,,,,
16669,,,,,,,,,,,
16670,,,,,,,,,,,
16671,,,,,,,,,,,
16672,,,,,,,,,,,
16673,,,,,,,,,,,
16674,,,,,,,,,,,
16675,,,,,,,,,,,
16676,,,,,,,,,,,
16677,,,,,,,,,,,
16678,,,,,,,,,,,
16679,,,,,,,,,,,
16680,,,,,,,,,,,
16681,,,,,,,,,,,
16682,,,,,,,,,,,
16683,,,,,,,,,,,
16684,,,,,,,,,,,
16685,,,,,,,,,,,
16686,,,,,,,,,,,
16687,,,,,,,,,,,
16688,,,,,,,,,,,
16689,,,,,,,,,,,
16690,,,,,,,,,,,
16691,,,,,,,,,,,
16692,,,,,,,,,,,
16693,,,,,,,,,,,
16694,,,,,,,,,,,
16695,,,,,,,,,,,
16696,,,,,,,,,,,
16697,,,,,,,,,,,
16698,,,,,,,,,,,
16699,,,,,,,,,,,
16700,,,,,,,,,,,
16701,,,,,,,,,,,
16702,,,,,,,,,,,
16703,,,,,,,,,,,
16704,,,,,,,,,,,
16705,,,,,,,,,,,
16706,,,,,,,,,,,
16707,,,,,,,,,,,
16708,,,,,,,,,,,
16709,,,,,,,,,,,
16710,,,,,,,,,,,
16711,,,,,,,,,,,
16712,,,,,,,,,,,
16713,,,,,,,,,,,
16714,,,,,,,,,,,
16715,,,,,,,,,,,
16716,,,,,,,,,,,
16717,,,,,,,,,,,
16718,,,,,,,,,,,
16719,,,,,,,,,,,
16720,,,,,,,,,,,
16721,,,,,,,,,,,
16722,,,,,,,,,,,
16723,,,,,,,,,,,
16724,,,,,,,,,,,
16725,,,,,,,,,,,
16726,,,,,,,,,,,
16727,,,,,,,,,,,
16728,,,,,,,,,,,
16729,,,,,,,,,,,
16730,,,,,,,,,,,
16731,,,,,,,,,,,
16732,,,,,,,,,,,
16733,,,,,,,,,,,
16734,,,,,,,,,,,
16735,,,,,,,,,,,
16736,,,,,,,,,,,
16737,,,,,,,,,,,
16738,,,,,,,,,,,
16739,,,,,,,,,,,
16740,,,,,,,,,,,
16741,,,,,,,,,,,
16742,,,,,,,,,,,
16743,,,,,,,,,,,
16744,,,,,,,,,,,
16745,,,,,,,,,,,
16746,,,,,,,,,,,
16747,,,,,,,,,,,
16748,,,,,,,,,,,
16749,,,,,,,,,,,
16750,,,,,,,,,,,
16751,,,,,,,,,,,
16752,,,,,,,,,,,
16753,,,,,,,,,,,
16754,,,,,,,,,,,
16755,,,,,,,,,,,
16756,,,,,,,,,,,
16757,,,,,,,,,,,
16758,,,,,,,,,,,
16759,,,,,,,,,,,
16760,,,,,,,,,,,
16761,,,,,,,,,,,
16762,,,,,,,,,,,
16763,,,,,,,,,,,
16764,,,,,,,,,,,
16765,,,,,,,,,,,
16766,,,,,,,,,,,
16767,,,,,,,,,,,
16768,,,,,,,,,,,
16769,,,,,,,,,,,
16770,,,,,,,,,,,
16771,,,,,,,,,,,
16772,,,,,,,,,,,
16773,,,,,,,,,,,
16774,,,,,,,,,,,
16775,,,,,,,,,,,
16776,,,,,,,,,,,
16777,,,,,,,,,,,
16778,,,,,,,,,,,
16779,,,,,,,,,,,
16780,,,,,,,,,,,
16781,,,,,,,,,,,
16782,,,,,,,,,,,
16783,,,,,,,,,,,
16784,,,,,,,,,,,
16785,,,,,,,,,,,
16786,,,,,,,,,,,
16787,,,,,,,,,,,
16788,,,,,,,,,,,
16789,,,,,,,,,,,
16790,,,,,,,,,,,
16791,,,,,,,,,,,
16792,,,,,,,,,,,
16793,,,,,,,,,,,
16794,,,,,,,,,,,
16795,,,,,,,,,,,
16796,,,,,,,,,,,
16797,,,,,,,,,,,
16798,,,,,,,,,,,
16799,,,,,,,,,,,
16800,,,,,,,,,,,
16801,,,,,,,,,,,
16802,,,,,,,,,,,
16803,,,,,,,,,,,
16804,,,,,,,,,,,
16805,,,,,,,,,,,
16806,,,,,,,,,,,
16807,,,,,,,,,,,
16808,,,,,,,,,,,
16809,,,,,,,,,,,
16810,,,,,,,,,,,
16811,,,,,,,,,,,
16812,,,,,,,,,,,
16813,,,,,,,,,,,
16814,,,,,,,,,,,
16815,,,,,,,,,,,
16816,,,,,,,,,,,
16817,,,,,,,,,,,
16818,,,,,,,,,,,
16819,,,,,,,,,,,
16820,,,,,,,,,,,
16821,,,,,,,,,,,
16822,,,,,,,,,,,
16823,,,,,,,,,,,
16824,,,,,,,,,,,
16825,,,,,,,,,,,
16826,,,,,,,,,,,
16827,,,,,,,,,,,
16828,,,,,,,,,,,
16829,,,,,,,,,,,
16830,,,,,,,,,,,
16831,,,,,,,,,,,
16832,,,,,,,,,,,
16833,,,,,,,,,,,
16834,,,,,,,,,,,
16835,,,,,,,,,,,
16836,,,,,,,,,,,
16837,,,,,,,,,,,
16838,,,,,,,,,,,
16839,,,,,,,,,,,
16840,,,,,,,,,,,
16841,,,,,,,,,,,
16842,,,,,,,,,,,
16843,,,,,,,,,,,
16844,,,,,,,,,,,
16845,,,,,,,,,,,
16846,,,,,,,,,,,
16847,,,,,,,,,,,
16848,,,,,,,,,,,
16849,,,,,,,,,,,
16850,,,,,,,,,,,
16851,,,,,,,,,,,
16852,,,,,,,,,,,
16853,,,,,,,,,,,
16854,,,,,,,,,,,
16855,,,,,,,,,,,
16856,,,,,,,,,,,
16857,,,,,,,,,,,
16858,,,,,,,,,,,
16859,,,,,,,,,,,
16860,,,,,,,,,,,
16861,,,,,,,,,,,
16862,,,,,,,,,,,
16863,,,,,,,,,,,
16864,,,,,,,,,,,
16865,,,,,,,,,,,
16866,,,,,,,,,,,
16867,,,,,,,,,,,
16868,,,,,,,,,,,
16869,,,,,,,,,,,
16870,,,,,,,,,,,
16871,,,,,,,,,,,
16872,,,,,,,,,,,
16873,,,,,,,,,,,
16874,,,,,,,,,,,
16875,,,,,,,,,,,
16876,,,,,,,,,,,
16877,,,,,,,,,,,
16878,,,,,,,,,,,
16879,,,,,,,,,,,
16880,,,,,,,,,,,
16881,,,,,,,,,,,
16882,,,,,,,,,,,
16883,,,,,,,,,,,
16884,,,,,,,,,,,
16885,,,,,,,,,,,
16886,,,,,,,,,,,
16887,,,,,,,,,,,
16888,,,,,,,,,,,
16889,,,,,,,,,,,
16890,,,,,,,,,,,
16891,,,,,,,,,,,
16892,,,,,,,,,,,
16893,,,,,,,,,,,
16894,,,,,,,,,,,
16895,,,,,,,,,,,
16896,,,,,,,,,,,
16897,,,,,,,,,,,
16898,,,,,,,,,,,
16899,,,,,,,,,,,
16900,,,,,,,,,,,
16901,,,,,,,,,,,
16902,,,,,,,,,,,
16903,,,,,,,,,,,
16904,,,,,,,,,,,
16905,,,,,,,,,,,
16906,,,,,,,,,,,
16907,,,,,,,,,,,
16908,,,,,,,,,,,
16909,,,,,,,,,,,
16910,,,,,,,,,,,
16911,,,,,,,,,,,
16912,,,,,,,,,,,
16913,,,,,,,,,,,
16914,,,,,,,,,,,
16915,,,,,,,,,,,
16916,,,,,,,,,,,
16917,,,,,,,,,,,
16918,,,,,,,,,,,
16919,,,,,,,,,,,
16920,,,,,,,,,,,
16921,,,,,,,,,,,
16922,,,,,,,,,,,
16923,,,,,,,,,,,
16924,,,,,,,,,,,
16925,,,,,,,,,,,
16926,,,,,,,,,,,
16927,,,,,,,,,,,
16928,,,,,,,,,,,
16929,,,,,,,,,,,
16930,,,,,,,,,,,
16931,,,,,,,,,,,
16932,,,,,,,,,,,
16933,,,,,,,,,,,
16934,,,,,,,,,,,
16935,,,,,,,,,,,
16936,,,,,,,,,,,
16937,,,,,,,,,,,
16938,,,,,,,,,,,
16939,,,,,,,,,,,
16940,,,,,,,,,,,
16941,,,,,,,,,,,
16942,,,,,,,,,,,
16943,,,,,,,,,,,
16944,,,,,,,,,,,
16945,,,,,,,,,,,
16946,,,,,,,,,,,
16947,,,,,,,,,,,
16948,,,,,,,,,,,
16949,,,,,,,,,,,
16950,,,,,,,,,,,
16951,,,,,,,,,,,
16952,,,,,,,,,,,
16953,,,,,,,,,,,
16954,,,,,,,,,,,
16955,,,,,,,,,,,
16956,,,,,,,,,,,
16957,,,,,,,,,,,
16958,,,,,,,,,,,
16959,,,,,,,,,,,
16960,,,,,,,,,,,
16961,,,,,,,,,,,
16962,,,,,,,,,,,
16963,,,,,,,,,,,
16964,,,,,,,,,,,
16965,,,,,,,,,,,
16966,,,,,,,,,,,
16967,,,,,,,,,,,
16968,,,,,,,,,,,
16969,,,,,,,,,,,
16970,,,,,,,,,,,
16971,,,,,,,,,,,
16972,,,,,,,,,,,
16973,,,,,,,,,,,
16974,,,,,,,,,,,
16975,,,,,,,,,,,
16976,,,,,,,,,,,
16977,,,,,,,,,,,
16978,,,,,,,,,,,
16979,,,,,,,,,,,
16980,,,,,,,,,,,
16981,,,,,,,,,,,
16982,,,,,,,,,,,
16983,,,,,,,,,,,
16984,,,,,,,,,,,
16985,,,,,,,,,,,
16986,,,,,,,,,,,
16987,,,,,,,,,,,
16988,,,,,,,,,,,
16989,,,,,,,,,,,
16990,,,,,,,,,,,
16991,,,,,,,,,,,
16992,,,,,,,,,,,
16993,,,,,,,,,,,
16994,,,,,,,,,,,
16995,,,,,,,,,,,
16996,,,,,,,,,,,
16997,,,,,,,,,,,
16998,,,,,,,,,,,
16999,,,,,,,,,,,
17000,,,,,,,,,,,
17001,,,,,,,,,,,
17002,,,,,,,,,,,
17003,,,,,,,,,,,
17004,,,,,,,,,,,
17005,,,,,,,,,,,
17006,,,,,,,,,,,
17007,,,,,,,,,,,
17008,,,,,,,,,,,
17009,,,,,,,,,,,
17010,,,,,,,,,,,
17011,,,,,,,,,,,
17012,,,,,,,,,,,
17013,,,,,,,,,,,
17014,,,,,,,,,,,
17015,,,,,,,,,,,
17016,,,,,,,,,,,
17017,,,,,,,,,,,
17018,,,,,,,,,,,
17019,,,,,,,,,,,
17020,,,,,,,,,,,
17021,,,,,,,,,,,
17022,,,,,,,,,,,
17023,,,,,,,,,,,
17024,,,,,,,,,,,
17025,,,,,,,,,,,
17026,,,,,,,,,,,
17027,,,,,,,,,,,
17028,,,,,,,,,,,
17029,,,,,,,,,,,
17030,,,,,,,,,,,
17031,,,,,,,,,,,
17032,,,,,,,,,,,
17033,,,,,,,,,,,
17034,,,,,,,,,,,
17035,,,,,,,,,,,
17036,,,,,,,,,,,
17037,,,,,,,,,,,
17038,,,,,,,,,,,
17039,,,,,,,,,,,
17040,,,,,,,,,,,
17041,,,,,,,,,,,
17042,,,,,,,,,,,
17043,,,,,,,,,,,
17044,,,,,,,,,,,
17045,,,,,,,,,,,
17046,,,,,,,,,,,
17047,,,,,,,,,,,
17048,,,,,,,,,,,
17049,,,,,,,,,,,
17050,,,,,,,,,,,
17051,,,,,,,,,,,
17052,,,,,,,,,,,
17053,,,,,,,,,,,
17054,,,,,,,,,,,
17055,,,,,,,,,,,
17056,,,,,,,,,,,
17057,,,,,,,,,,,
17058,,,,,,,,,,,
17059,,,,,,,,,,,
17060,,,,,,,,,,,
17061,,,,,,,,,,,
17062,,,,,,,,,,,
17063,,,,,,,,,,,
17064,,,,,,,,,,,
17065,,,,,,,,,,,
17066,,,,,,,,,,,
17067,,,,,,,,,,,
17068,,,,,,,,,,,
17069,,,,,,,,,,,
17070,,,,,,,,,,,
17071,,,,,,,,,,,
17072,,,,,,,,,,,
17073,,,,,,,,,,,
17074,,,,,,,,,,,
17075,,,,,,,,,,,
17076,,,,,,,,,,,
17077,,,,,,,,,,,
17078,,,,,,,,,,,
17079,,,,,,,,,,,
17080,,,,,,,,,,,
17081,,,,,,,,,,,
17082,,,,,,,,,,,
17083,,,,,,,,,,,
17084,,,,,,,,,,,
17085,,,,,,,,,,,
17086,,,,,,,,,,,
17087,,,,,,,,,,,
17088,,,,,,,,,,,
17089,,,,,,,,,,,
17090,,,,,,,,,,,
17091,,,,,,,,,,,
17092,,,,,,,,,,,
17093,,,,,,,,,,,
17094,,,,,,,,,,,
17095,,,,,,,,,,,
17096,,,,,,,,,,,
17097,,,,,,,,,,,
17098,,,,,,,,,,,
17099,,,,,,,,,,,
17100,,,,,,,,,,,
17101,,,,,,,,,,,
17102,,,,,,,,,,,
17103,,,,,,,,,,,
17104,,,,,,,,,,,
17105,,,,,,,,,,,
17106,,,,,,,,,,,
17107,,,,,,,,,,,
17108,,,,,,,,,,,
17109,,,,,,,,,,,
17110,,,,,,,,,,,
17111,,,,,,,,,,,
17112,,,,,,,,,,,
17113,,,,,,,,,,,
17114,,,,,,,,,,,
17115,,,,,,,,,,,
17116,,,,,,,,,,,
17117,,,,,,,,,,,
17118,,,,,,,,,,,
17119,,,,,,,,,,,
17120,,,,,,,,,,,
17121,,,,,,,,,,,
17122,,,,,,,,,,,
17123,,,,,,,,,,,
17124,,,,,,,,,,,
17125,,,,,,,,,,,
17126,,,,,,,,,,,
17127,,,,,,,,,,,
17128,,,,,,,,,,,
17129,,,,,,,,,,,
17130,,,,,,,,,,,
17131,,,,,,,,,,,
17132,,,,,,,,,,,
17133,,,,,,,,,,,
17134,,,,,,,,,,,
17135,,,,,,,,,,,
17136,,,,,,,,,,,
17137,,,,,,,,,,,
17138,,,,,,,,,,,
17139,,,,,,,,,,,
17140,,,,,,,,,,,
17141,,,,,,,,,,,
17142,,,,,,,,,,,
17143,,,,,,,,,,,
17144,,,,,,,,,,,
17145,,,,,,,,,,,
17146,,,,,,,,,,,
17147,,,,,,,,,,,
17148,,,,,,,,,,,
17149,,,,,,,,,,,
17150,,,,,,,,,,,
17151,,,,,,,,,,,
17152,,,,,,,,,,,
17153,,,,,,,,,,,
17154,,,,,,,,,,,
17155,,,,,,,,,,,
17156,,,,,,,,,,,
17157,,,,,,,,,,,
17158,,,,,,,,,,,
17159,,,,,,,,,,,
17160,,,,,,,,,,,
17161,,,,,,,,,,,
17162,,,,,,,,,,,
17163,,,,,,,,,,,
17164,,,,,,,,,,,
17165,,,,,,,,,,,
17166,,,,,,,,,,,
17167,,,,,,,,,,,
17168,,,,,,,,,,,
17169,,,,,,,,,,,
17170,,,,,,,,,,,
17171,,,,,,,,,,,
17172,,,,,,,,,,,
17173,,,,,,,,,,,
17174,,,,,,,,,,,
17175,,,,,,,,,,,
17176,,,,,,,,,,,
17177,,,,,,,,,,,
17178,,,,,,,,,,,
17179,,,,,,,,,,,
17180,,,,,,,,,,,
17181,,,,,,,,,,,
17182,,,,,,,,,,,
17183,,,,,,,,,,,
17184,,,,,,,,,,,
17185,,,,,,,,,,,
17186,,,,,,,,,,,
17187,,,,,,,,,,,
17188,,,,,,,,,,,
17189,,,,,,,,,,,
17190,,,,,,,,,,,
17191,,,,,,,,,,,
17192,,,,,,,,,,,
17193,,,,,,,,,,,
17194,,,,,,,,,,,
17195,,,,,,,,,,,
17196,,,,,,,,,,,
17197,,,,,,,,,,,
17198,,,,,,,,,,,
17199,,,,,,,,,,,
17200,,,,,,,,,,,
17201,,,,,,,,,,,
17202,,,,,,,,,,,
17203,,,,,,,,,,,
17204,,,,,,,,,,,
17205,,,,,,,,,,,
17206,,,,,,,,,,,
17207,,,,,,,,,,,
17208,,,,,,,,,,,
17209,,,,,,,,,,,
17210,,,,,,,,,,,
17211,,,,,,,,,,,
17212,,,,,,,,,,,
17213,,,,,,,,,,,
17214,,,,,,,,,,,
17215,,,,,,,,,,,
17216,,,,,,,,,,,
17217,,,,,,,,,,,
17218,,,,,,,,,,,
17219,,,,,,,,,,,
17220,,,,,,,,,,,
17221,,,,,,,,,,,
17222,,,,,,,,,,,
17223,,,,,,,,,,,
17224,,,,,,,,,,,
17225,,,,,,,,,,,
17226,,,,,,,,,,,
17227,,,,,,,,,,,
17228,,,,,,,,,,,
17229,,,,,,,,,,,
17230,,,,,,,,,,,
17231,,,,,,,,,,,
17232,,,,,,,,,,,
17233,,,,,,,,,,,
17234,,,,,,,,,,,
17235,,,,,,,,,,,
17236,,,,,,,,,,,
17237,,,,,,,,,,,
17238,,,,,,,,,,,
17239,,,,,,,,,,,
17240,,,,,,,,,,,
17241,,,,,,,,,,,
17242,,,,,,,,,,,
17243,,,,,,,,,,,
17244,,,,,,,,,,,
17245,,,,,,,,,,,
17246,,,,,,,,,,,
17247,,,,,,,,,,,
17248,,,,,,,,,,,
17249,,,,,,,,,,,
17250,,,,,,,,,,,
17251,,,,,,,,,,,
17252,,,,,,,,,,,
17253,,,,,,,,,,,
17254,,,,,,,,,,,
17255,,,,,,,,,,,
17256,,,,,,,,,,,
17257,,,,,,,,,,,
17258,,,,,,,,,,,
17259,,,,,,,,,,,
17260,,,,,,,,,,,
17261,,,,,,,,,,,
17262,,,,,,,,,,,
17263,,,,,,,,,,,
17264,,,,,,,,,,,
17265,,,,,,,,,,,
17266,,,,,,,,,,,
17267,,,,,,,,,,,
17268,,,,,,,,,,,
17269,,,,,,,,,,,
17270,,,,,,,,,,,
17271,,,,,,,,,,,
17272,,,,,,,,,,,
17273,,,,,,,,,,,
17274,,,,,,,,,,,
17275,,,,,,,,,,,
17276,,,,,,,,,,,
17277,,,,,,,,,,,
17278,,,,,,,,,,,
17279,,,,,,,,,,,
17280,,,,,,,,,,,
17281,,,,,,,,,,,
17282,,,,,,,,,,,
17283,,,,,,,,,,,
17284,,,,,,,,,,,
17285,,,,,,,,,,,
17286,,,,,,,,,,,
17287,,,,,,,,,,,
17288,,,,,,,,,,,
17289,,,,,,,,,,,
17290,,,,,,,,,,,
17291,,,,,,,,,,,
17292,,,,,,,,,,,
17293,,,,,,,,,,,
17294,,,,,,,,,,,
17295,,,,,,,,,,,
17296,,,,,,,,,,,
17297,,,,,,,,,,,
17298,,,,,,,,,,,
17299,,,,,,,,,,,
17300,,,,,,,,,,,
17301,,,,,,,,,,,
17302,,,,,,,,,,,
17303,,,,,,,,,,,
17304,,,,,,,,,,,
17305,,,,,,,,,,,
17306,,,,,,,,,,,
17307,,,,,,,,,,,
17308,,,,,,,,,,,
17309,,,,,,,,,,,
17310,,,,,,,,,,,
17311,,,,,,,,,,,
17312,,,,,,,,,,,
17313,,,,,,,,,,,
17314,,,,,,,,,,,
17315,,,,,,,,,,,
17316,,,,,,,,,,,
17317,,,,,,,,,,,
17318,,,,,,,,,,,
17319,,,,,,,,,,,
17320,,,,,,,,,,,
17321,,,,,,,,,,,
17322,,,,,,,,,,,
17323,,,,,,,,,,,
17324,,,,,,,,,,,
17325,,,,,,,,,,,
17326,,,,,,,,,,,
17327,,,,,,,,,,,
17328,,,,,,,,,,,
17329,,,,,,,,,,,
17330,,,,,,,,,,,
17331,,,,,,,,,,,
17332,,,,,,,,,,,
17333,,,,,,,,,,,
17334,,,,,,,,,,,
17335,,,,,,,,,,,
17336,,,,,,,,,,,
17337,,,,,,,,,,,
17338,,,,,,,,,,,
17339,,,,,,,,,,,
17340,,,,,,,,,,,
17341,,,,,,,,,,,
17342,,,,,,,,,,,
17343,,,,,,,,,,,
17344,,,,,,,,,,,
17345,,,,,,,,,,,
17346,,,,,,,,,,,
17347,,,,,,,,,,,
17348,,,,,,,,,,,
17349,,,,,,,,,,,
17350,,,,,,,,,,,
17351,,,,,,,,,,,
17352,,,,,,,,,,,
17353,,,,,,,,,,,
17354,,,,,,,,,,,
17355,,,,,,,,,,,
17356,,,,,,,,,,,
17357,,,,,,,,,,,
17358,,,,,,,,,,,
17359,,,,,,,,,,,
17360,,,,,,,,,,,
17361,,,,,,,,,,,
17362,,,,,,,,,,,
17363,,,,,,,,,,,
17364,,,,,,,,,,,
17365,,,,,,,,,,,
17366,,,,,,,,,,,
17367,,,,,,,,,,,
17368,,,,,,,,,,,
17369,,,,,,,,,,,
17370,,,,,,,,,,,
17371,,,,,,,,,,,
17372,,,,,,,,,,,
17373,,,,,,,,,,,
17374,,,,,,,,,,,
17375,,,,,,,,,,,
17376,,,,,,,,,,,
17377,,,,,,,,,,,
17378,,,,,,,,,,,
17379,,,,,,,,,,,
17380,,,,,,,,,,,
17381,,,,,,,,,,,
17382,,,,,,,,,,,
17383,,,,,,,,,,,
17384,,,,,,,,,,,
17385,,,,,,,,,,,
17386,,,,,,,,,,,
17387,,,,,,,,,,,
17388,,,,,,,,,,,
17389,,,,,,,,,,,
17390,,,,,,,,,,,
17391,,,,,,,,,,,
17392,,,,,,,,,,,
17393,,,,,,,,,,,
17394,,,,,,,,,,,
17395,,,,,,,,,,,
17396,,,,,,,,,,,
17397,,,,,,,,,,,
17398,,,,,,,,,,,
17399,,,,,,,,,,,
17400,,,,,,,,,,,
17401,,,,,,,,,,,
17402,,,,,,,,,,,
17403,,,,,,,,,,,
17404,,,,,,,,,,,
17405,,,,,,,,,,,
17406,,,,,,,,,,,
17407,,,,,,,,,,,
17408,,,,,,,,,,,
17409,,,,,,,,,,,
17410,,,,,,,,,,,
17411,,,,,,,,,,,
17412,,,,,,,,,,,
17413,,,,,,,,,,,
17414,,,,,,,,,,,
17415,,,,,,,,,,,
17416,,,,,,,,,,,
17417,,,,,,,,,,,
17418,,,,,,,,,,,
17419,,,,,,,,,,,
17420,,,,,,,,,,,
17421,,,,,,,,,,,
17422,,,,,,,,,,,
17423,,,,,,,,,,,
17424,,,,,,,,,,,
17425,,,,,,,,,,,
17426,,,,,,,,,,,
17427,,,,,,,,,,,
17428,,,,,,,,,,,
17429,,,,,,,,,,,
17430,,,,,,,,,,,
17431,,,,,,,,,,,
17432,,,,,,,,,,,
17433,,,,,,,,,,,
17434,,,,,,,,,,,
17435,,,,,,,,,,,
17436,,,,,,,,,,,
17437,,,,,,,,,,,
17438,,,,,,,,,,,
17439,,,,,,,,,,,
17440,,,,,,,,,,,
17441,,,,,,,,,,,
17442,,,,,,,,,,,
17443,,,,,,,,,,,
17444,,,,,,,,,,,
17445,,,,,,,,,,,
17446,,,,,,,,,,,
17447,,,,,,,,,,,
17448,,,,,,,,,,,
17449,,,,,,,,,,,
17450,,,,,,,,,,,
17451,,,,,,,,,,,
17452,,,,,,,,,,,
17453,,,,,,,,,,,
17454,,,,,,,,,,,
17455,,,,,,,,,,,
17456,,,,,,,,,,,
17457,,,,,,,,,,,
17458,,,,,,,,,,,
17459,,,,,,,,,,,
17460,,,,,,,,,,,
17461,,,,,,,,,,,
17462,,,,,,,,,,,
17463,,,,,,,,,,,
17464,,,,,,,,,,,
17465,,,,,,,,,,,
17466,,,,,,,,,,,
17467,,,,,,,,,,,
17468,,,,,,,,,,,
17469,,,,,,,,,,,
17470,,,,,,,,,,,
17471,,,,,,,,,,,
17472,,,,,,,,,,,
17473,,,,,,,,,,,
17474,,,,,,,,,,,
17475,,,,,,,,,,,
17476,,,,,,,,,,,
17477,,,,,,,,,,,
17478,,,,,,,,,,,
17479,,,,,,,,,,,
17480,,,,,,,,,,,
17481,,,,,,,,,,,
17482,,,,,,,,,,,
17483,,,,,,,,,,,
17484,,,,,,,,,,,
17485,,,,,,,,,,,
17486,,,,,,,,,,,
17487,,,,,,,,,,,
17488,,,,,,,,,,,
17489,,,,,,,,,,,
17490,,,,,,,,,,,
17491,,,,,,,,,,,
17492,,,,,,,,,,,
17493,,,,,,,,,,,
17494,,,,,,,,,,,
17495,,,,,,,,,,,
17496,,,,,,,,,,,
17497,,,,,,,,,,,
17498,,,,,,,,,,,
17499,,,,,,,,,,,
17500,,,,,,,,,,,
17501,,,,,,,,,,,
17502,,,,,,,,,,,
17503,,,,,,,,,,,
17504,,,,,,,,,,,
17505,,,,,,,,,,,
17506,,,,,,,,,,,
17507,,,,,,,,,,,
17508,,,,,,,,,,,
17509,,,,,,,,,,,
17510,,,,,,,,,,,
17511,,,,,,,,,,,
17512,,,,,,,,,,,
17513,,,,,,,,,,,
17514,,,,,,,,,,,
17515,,,,,,,,,,,
17516,,,,,,,,,,,
17517,,,,,,,,,,,
17518,,,,,,,,,,,
17519,,,,,,,,,,,
17520,,,,,,,,,,,
17521,,,,,,,,,,,
17522,,,,,,,,,,,
17523,,,,,,,,,,,
17524,,,,,,,,,,,
17525,,,,,,,,,,,
17526,,,,,,,,,,,
17527,,,,,,,,,,,
17528,,,,,,,,,,,
17529,,,,,,,,,,,
17530,,,,,,,,,,,
17531,,,,,,,,,,,
17532,,,,,,,,,,,
17533,,,,,,,,,,,
17534,,,,,,,,,,,
17535,,,,,,,,,,,
17536,,,,,,,,,,,
17537,,,,,,,,,,,
17538,,,,,,,,,,,
17539,,,,,,,,,,,
17540,,,,,,,,,,,
17541,,,,,,,,,,,
17542,,,,,,,,,,,
17543,,,,,,,,,,,
17544,,,,,,,,,,,
17545,,,,,,,,,,,
17546,,,,,,,,,,,
17547,,,,,,,,,,,
17548,,,,,,,,,,,
17549,,,,,,,,,,,
17550,,,,,,,,,,,
17551,,,,,,,,,,,
17552,,,,,,,,,,,
17553,,,,,,,,,,,
17554,,,,,,,,,,,
17555,,,,,,,,,,,
17556,,,,,,,,,,,
17557,,,,,,,,,,,
17558,,,,,,,,,,,
17559,,,,,,,,,,,
17560,,,,,,,,,,,
17561,,,,,,,,,,,
17562,,,,,,,,,,,
17563,,,,,,,,,,,
17564,,,,,,,,,,,
17565,,,,,,,,,,,
17566,,,,,,,,,,,
17567,,,,,,,,,,,
17568,,,,,,,,,,,
17569,,,,,,,,,,,
17570,,,,,,,,,,,
17571,,,,,,,,,,,
17572,,,,,,,,,,,
17573,,,,,,,,,,,
17574,,,,,,,,,,,
17575,,,,,,,,,,,
17576,,,,,,,,,,,
17577,,,,,,,,,,,
17578,,,,,,,,,,,
17579,,,,,,,,,,,
17580,,,,,,,,,,,
17581,,,,,,,,,,,
17582,,,,,,,,,,,
17583,,,,,,,,,,,
17584,,,,,,,,,,,
17585,,,,,,,,,,,
17586,,,,,,,,,,,
17587,,,,,,,,,,,
17588,,,,,,,,,,,
17589,,,,,,,,,,,
17590,,,,,,,,,,,
17591,,,,,,,,,,,
17592,,,,,,,,,,,
17593,,,,,,,,,,,
17594,,,,,,,,,,,
17595,,,,,,,,,,,
17596,,,,,,,,,,,
17597,,,,,,,,,,,
17598,,,,,,,,,,,
17599,,,,,,,,,,,
17600,,,,,,,,,,,
17601,,,,,,,,,,,
17602,,,,,,,,,,,
17603,,,,,,,,,,,
17604,,,,,,,,,,,
17605,,,,,,,,,,,
17606,,,,,,,,,,,
17607,,,,,,,,,,,
17608,,,,,,,,,,,
17609,,,,,,,,,,,
17610,,,,,,,,,,,
17611,,,,,,,,,,,
17612,,,,,,,,,,,
17613,,,,,,,,,,,
17614,,,,,,,,,,,
17615,,,,,,,,,,,
17616,,,,,,,,,,,
17617,,,,,,,,,,,
17618,,,,,,,,,,,
17619,,,,,,,,,,,
17620,,,,,,,,,,,
17621,,,,,,,,,,,
17622,,,,,,,,,,,
17623,,,,,,,,,,,
17624,,,,,,,,,,,
17625,,,,,,,,,,,
17626,,,,,,,,,,,
17627,,,,,,,,,,,
17628,,,,,,,,,,,
17629,,,,,,,,,,,
17630,,,,,,,,,,,
17631,,,,,,,,,,,
17632,,,,,,,,,,,
17633,,,,,,,,,,,
17634,,,,,,,,,,,
17635,,,,,,,,,,,
17636,,,,,,,,,,,
17637,,,,,,,,,,,
17638,,,,,,,,,,,
17639,,,,,,,,,,,
17640,,,,,,,,,,,
17641,,,,,,,,,,,
17642,,,,,,,,,,,
17643,,,,,,,,,,,
17644,,,,,,,,,,,
17645,,,,,,,,,,,
17646,,,,,,,,,,,
17647,,,,,,,,,,,
17648,,,,,,,,,,,
17649,,,,,,,,,,,
17650,,,,,,,,,,,
17651,,,,,,,,,,,
17652,,,,,,,,,,,
17653,,,,,,,,,,,
17654,,,,,,,,,,,
17655,,,,,,,,,,,
17656,,,,,,,,,,,
17657,,,,,,,,,,,
17658,,,,,,,,,,,
17659,,,,,,,,,,,
17660,,,,,,,,,,,
17661,,,,,,,,,,,
17662,,,,,,,,,,,
17663,,,,,,,,,,,
17664,,,,,,,,,,,
17665,,,,,,,,,,,
17666,,,,,,,,,,,
17667,,,,,,,,,,,
17668,,,,,,,,,,,
17669,,,,,,,,,,,
17670,,,,,,,,,,,
17671,,,,,,,,,,,
17672,,,,,,,,,,,
17673,,,,,,,,,,,
17674,,,,,,,,,,,
17675,,,,,,,,,,,
17676,,,,,,,,,,,
17677,,,,,,,,,,,
17678,,,,,,,,,,,
17679,,,,,,,,,,,
17680,,,,,,,,,,,
17681,,,,,,,,,,,
17682,,,,,,,,,,,
17683,,,,,,,,,,,
17684,,,,,,,,,,,
17685,,,,,,,,,,,
17686,,,,,,,,,,,
17687,,,,,,,,,,,
17688,,,,,,,,,,,
17689,,,,,,,,,,,
17690,,,,,,,,,,,
17691,,,,,,,,,,,
17692,,,,,,,,,,,
17693,,,,,,,,,,,
17694,,,,,,,,,,,
17695,,,,,,,,,,,
17696,,,,,,,,,,,
17697,,,,,,,,,,,
17698,,,,,,,,,,,
17699,,,,,,,,,,,
17700,,,,,,,,,,,
17701,,,,,,,,,,,
17702,,,,,,,,,,,
17703,,,,,,,,,,,
17704,,,,,,,,,,,
17705,,,,,,,,,,,
17706,,,,,,,,,,,
17707,,,,,,,,,,,
17708,,,,,,,,,,,
17709,,,,,,,,,,,
17710,,,,,,,,,,,
17711,,,,,,,,,,,
17712,,,,,,,,,,,
17713,,,,,,,,,,,
17714,,,,,,,,,,,
17715,,,,,,,,,,,
17716,,,,,,,,,,,
17717,,,,,,,,,,,
17718,,,,,,,,,,,
17719,,,,,,,,,,,
17720,,,,,,,,,,,
17721,,,,,,,,,,,
17722,,,,,,,,,,,
17723,,,,,,,,,,,
17724,,,,,,,,,,,
17725,,,,,,,,,,,
17726,,,,,,,,,,,
17727,,,,,,,,,,,
17728,,,,,,,,,,,
17729,,,,,,,,,,,
17730,,,,,,,,,,,
17731,,,,,,,,,,,
17732,,,,,,,,,,,
17733,,,,,,,,,,,
17734,,,,,,,,,,,
17735,,,,,,,,,,,
17736,,,,,,,,,,,
17737,,,,,,,,,,,
17738,,,,,,,,,,,
17739,,,,,,,,,,,
17740,,,,,,,,,,,
17741,,,,,,,,,,,
17742,,,,,,,,,,,
17743,,,,,,,,,,,
17744,,,,,,,,,,,
17745,,,,,,,,,,,
17746,,,,,,,,,,,
17747,,,,,,,,,,,
17748,,,,,,,,,,,
17749,,,,,,,,,,,
17750,,,,,,,,,,,
17751,,,,,,,,,,,
17752,,,,,,,,,,,
17753,,,,,,,,,,,
17754,,,,,,,,,,,
17755,,,,,,,,,,,
17756,,,,,,,,,,,
17757,,,,,,,,,,,
17758,,,,,,,,,,,
17759,,,,,,,,,,,
17760,,,,,,,,,,,
17761,,,,,,,,,,,
17762,,,,,,,,,,,
17763,,,,,,,,,,,
17764,,,,,,,,,,,
17765,,,,,,,,,,,
17766,,,,,,,,,,,
17767,,,,,,,,,,,
17768,,,,,,,,,,,
17769,,,,,,,,,,,
17770,,,,,,,,,,,
17771,,,,,,,,,,,
17772,,,,,,,,,,,
17773,,,,,,,,,,,
17774,,,,,,,,,,,
17775,,,,,,,,,,,
17776,,,,,,,,,,,
17777,,,,,,,,,,,
17778,,,,,,,,,,,
17779,,,,,,,,,,,
17780,,,,,,,,,,,
17781,,,,,,,,,,,
17782,,,,,,,,,,,
17783,,,,,,,,,,,
17784,,,,,,,,,,,
17785,,,,,,,,,,,
17786,,,,,,,,,,,
17787,,,,,,,,,,,
17788,,,,,,,,,,,
17789,,,,,,,,,,,
17790,,,,,,,,,,,
17791,,,,,,,,,,,
17792,,,,,,,,,,,
17793,,,,,,,,,,,
17794,,,,,,,,,,,
17795,,,,,,,,,,,
17796,,,,,,,,,,,
17797,,,,,,,,,,,
17798,,,,,,,,,,,
17799,,,,,,,,,,,
17800,,,,,,,,,,,
17801,,,,,,,,,,,
17802,,,,,,,,,,,
17803,,,,,,,,,,,
17804,,,,,,,,,,,
17805,,,,,,,,,,,
17806,,,,,,,,,,,
17807,,,,,,,,,,,
17808,,,,,,,,,,,
17809,,,,,,,,,,,
17810,,,,,,,,,,,
17811,,,,,,,,,,,
17812,,,,,,,,,,,
17813,,,,,,,,,,,
17814,,,,,,,,,,,
17815,,,,,,,,,,,
17816,,,,,,,,,,,
17817,,,,,,,,,,,
17818,,,,,,,,,,,
17819,,,,,,,,,,,
17820,,,,,,,,,,,
17821,,,,,,,,,,,
17822,,,,,,,,,,,
17823,,,,,,,,,,,
17824,,,,,,,,,,,
17825,,,,,,,,,,,
17826,,,,,,,,,,,
17827,,,,,,,,,,,
17828,,,,,,,,,,,
17829,,,,,,,,,,,
17830,,,,,,,,,,,
17831,,,,,,,,,,,
17832,,,,,,,,,,,
17833,,,,,,,,,,,
17834,,,,,,,,,,,
17835,,,,,,,,,,,
17836,,,,,,,,,,,
17837,,,,,,,,,,,
17838,,,,,,,,,,,
17839,,,,,,,,,,,
17840,,,,,,,,,,,
17841,,,,,,,,,,,
17842,,,,,,,,,,,
17843,,,,,,,,,,,
17844,,,,,,,,,,,
17845,,,,,,,,,,,
17846,,,,,,,,,,,
17847,,,,,,,,,,,
17848,,,,,,,,,,,
17849,,,,,,,,,,,
17850,,,,,,,,,,,
17851,,,,,,,,,,,
17852,,,,,,,,,,,
17853,,,,,,,,,,,
17854,,,,,,,,,,,
17855,,,,,,,,,,,
17856,,,,,,,,,,,
17857,,,,,,,,,,,
17858,,,,,,,,,,,
17859,,,,,,,,,,,
17860,,,,,,,,,,,
17861,,,,,,,,,,,
17862,,,,,,,,,,,
17863,,,,,,,,,,,
17864,,,,,,,,,,,
17865,,,,,,,,,,,
17866,,,,,,,,,,,
17867,,,,,,,,,,,
17868,,,,,,,,,,,
17869,,,,,,,,,,,
17870,,,,,,,,,,,
17871,,,,,,,,,,,
17872,,,,,,,,,,,
17873,,,,,,,,,,,
17874,,,,,,,,,,,
17875,,,,,,,,,,,
17876,,,,,,,,,,,
17877,,,,,,,,,,,
17878,,,,,,,,,,,
17879,,,,,,,,,,,
17880,,,,,,,,,,,
17881,,,,,,,,,,,
17882,,,,,,,,,,,
17883,,,,,,,,,,,
17884,,,,,,,,,,,
17885,,,,,,,,,,,
17886,,,,,,,,,,,
17887,,,,,,,,,,,
17888,,,,,,,,,,,
17889,,,,,,,,,,,
17890,,,,,,,,,,,
17891,,,,,,,,,,,
17892,,,,,,,,,,,
17893,,,,,,,,,,,
17894,,,,,,,,,,,
17895,,,,,,,,,,,
17896,,,,,,,,,,,
17897,,,,,,,,,,,
17898,,,,,,,,,,,
17899,,,,,,,,,,,
17900,,,,,,,,,,,
17901,,,,,,,,,,,
17902,,,,,,,,,,,
17903,,,,,,,,,,,
17904,,,,,,,,,,,
17905,,,,,,,,,,,
17906,,,,,,,,,,,
17907,,,,,,,,,,,
17908,,,,,,,,,,,
17909,,,,,,,,,,,
17910,,,,,,,,,,,
17911,,,,,,,,,,,
17912,,,,,,,,,,,
17913,,,,,,,,,,,
17914,,,,,,,,,,,
17915,,,,,,,,,,,
17916,,,,,,,,,,,
17917,,,,,,,,,,,
17918,,,,,,,,,,,
17919,,,,,,,,,,,
17920,,,,,,,,,,,
17921,,,,,,,,,,,
17922,,,,,,,,,,,
17923,,,,,,,,,,,
17924,,,,,,,,,,,
17925,,,,,,,,,,,
17926,,,,,,,,,,,
17927,,,,,,,,,,,
17928,,,,,,,,,,,
17929,,,,,,,,,,,
17930,,,,,,,,,,,
17931,,,,,,,,,,,
17932,,,,,,,,,,,
17933,,,,,,,,,,,
17934,,,,,,,,,,,
17935,,,,,,,,,,,
17936,,,,,,,,,,,
17937,,,,,,,,,,,
17938,,,,,,,,,,,
17939,,,,,,,,,,,
17940,,,,,,,,,,,
17941,,,,,,,,,,,
17942,,,,,,,,,,,
17943,,,,,,,,,,,
17944,,,,,,,,,,,
17945,,,,,,,,,,,
17946,,,,,,,,,,,
17947,,,,,,,,,,,
17948,,,,,,,,,,,
17949,,,,,,,,,,,
17950,,,,,,,,,,,
17951,,,,,,,,,,,
17952,,,,,,,,,,,
17953,,,,,,,,,,,
17954,,,,,,,,,,,
17955,,,,,,,,,,,
17956,,,,,,,,,,,
17957,,,,,,,,,,,
17958,,,,,,,,,,,
17959,,,,,,,,,,,
17960,,,,,,,,,,,
17961,,,,,,,,,,,
17962,,,,,,,,,,,
17963,,,,,,,,,,,
17964,,,,,,,,,,,
17965,,,,,,,,,,,
17966,,,,,,,,,,,
17967,,,,,,,,,,,
17968,,,,,,,,,,,
17969,,,,,,,,,,,
17970,,,,,,,,,,,
17971,,,,,,,,,,,
17972,,,,,,,,,,,
17973,,,,,,,,,,,
17974,,,,,,,,,,,
17975,,,,,,,,,,,
17976,,,,,,,,,,,
17977,,,,,,,,,,,
17978,,,,,,,,,,,
17979,,,,,,,,,,,
17980,,,,,,,,,,,
17981,,,,,,,,,,,
17982,,,,,,,,,,,
17983,,,,,,,,,,,
17984,,,,,,,,,,,
17985,,,,,,,,,,,
17986,,,,,,,,,,,
17987,,,,,,,,,,,
17988,,,,,,,,,,,
17989,,,,,,,,,,,
17990,,,,,,,,,,,
17991,,,,,,,,,,,
17992,,,,,,,,,,,
17993,,,,,,,,,,,
17994,,,,,,,,,,,
17995,,,,,,,,,,,
17996,,,,,,,,,,,
17997,,,,,,,,,,,
17998,,,,,,,,,,,
17999,,,,,,,,,,,
18000,,,,,,,,,,,
18001,,,,,,,,,,,
18002,,,,,,,,,,,
18003,,,,,,,,,,,
18004,,,,,,,,,,,
18005,,,,,,,,,,,
18006,,,,,,,,,,,
18007,,,,,,,,,,,
18008,,,,,,,,,,,
18009,,,,,,,,,,,
18010,,,,,,,,,,,
18011,,,,,,,,,,,
18012,,,,,,,,,,,
18013,,,,,,,,,,,
18014,,,,,,,,,,,
18015,,,,,,,,,,,
18016,,,,,,,,,,,
18017,,,,,,,,,,,
18018,,,,,,,,,,,
18019,,,,,,,,,,,
18020,,,,,,,,,,,
18021,,,,,,,,,,,
18022,,,,,,,,,,,
18023,,,,,,,,,,,
18024,,,,,,,,,,,
18025,,,,,,,,,,,
18026,,,,,,,,,,,
18027,,,,,,,,,,,
18028,,,,,,,,,,,
18029,,,,,,,,,,,
18030,,,,,,,,,,,
18031,,,,,,,,,,,
18032,,,,,,,,,,,
18033,,,,,,,,,,,
18034,,,,,,,,,,,
18035,,,,,,,,,,,
18036,,,,,,,,,,,
18037,,,,,,,,,,,
18038,,,,,,,,,,,
18039,,,,,,,,,,,
18040,,,,,,,,,,,
18041,,,,,,,,,,,
18042,,,,,,,,,,,
18043,,,,,,,,,,,
18044,,,,,,,,,,,
18045,,,,,,,,,,,
18046,,,,,,,,,,,
18047,,,,,,,,,,,
18048,,,,,,,,,,,
18049,,,,,,,,,,,
18050,,,,,,,,,,,
18051,,,,,,,,,,,
18052,,,,,,,,,,,
18053,,,,,,,,,,,
18054,,,,,,,,,,,
18055,,,,,,,,,,,
18056,,,,,,,,,,,
